
*** Running vivado
    with args -log top.vds -m64 -product Vivado -mode batch -messageDb vivado.pb -notrace -source top.tcl


****** Vivado v2019.1 (64-bit)
  **** SW Build 2552052 on Fri May 24 14:49:42 MDT 2019
  **** IP Build 2548770 on Fri May 24 18:01:18 MDT 2019
    ** Copyright 1986-2019 Xilinx, Inc. All Rights Reserved.

source top.tcl -notrace
Command: synth_design -top top -part xc7s100fgga676-2
Starting synth_design
Attempting to get a license for feature 'Synthesis' and/or device 'xc7s100'
INFO: [Common 17-349] Got license for feature 'Synthesis' and/or device 'xc7s100'
INFO: [Device 21-403] Loading part xc7s100fgga676-2
INFO: Launching helper process for spawning children vivado processes
INFO: Helper process launched with PID 48900 
---------------------------------------------------------------------------------
Starting RTL Elaboration : Time (s): cpu = 00:00:01 ; elapsed = 00:00:02 . Memory (MB): peak = 744.562 ; gain = 178.309
---------------------------------------------------------------------------------
INFO: [Synth 8-6157] synthesizing module 'top' [C:/Users/i3devmachine/mdom/updates/mdommb_rev1_fw/hdl/mdommb_fw_rev1_top.v:9]
	Parameter L_WIDTH_MDOM_TRIG_BUNDLE_TRIG_ET bound to: 1 - type: integer 
	Parameter L_WIDTH_MDOM_TRIG_BUNDLE_TRIG_GT bound to: 1 - type: integer 
	Parameter L_WIDTH_MDOM_TRIG_BUNDLE_TRIG_LT bound to: 1 - type: integer 
	Parameter L_WIDTH_MDOM_TRIG_BUNDLE_TRIG_RUN bound to: 1 - type: integer 
	Parameter L_WIDTH_MDOM_TRIG_BUNDLE_DISCR_TRIG_POL bound to: 1 - type: integer 
	Parameter L_WIDTH_MDOM_TRIG_BUNDLE_TRIG_THRESH bound to: 12 - type: integer 
	Parameter L_WIDTH_MDOM_TRIG_BUNDLE_DISC_TRIG_EN bound to: 1 - type: integer 
	Parameter L_WIDTH_MDOM_TRIG_BUNDLE_THRESH_TRIG_EN bound to: 1 - type: integer 
	Parameter L_WIDTH_MDOM_TRIG_BUNDLE_EXT_TRIG_EN bound to: 1 - type: integer 
	Parameter L_START_POS_MDOM_TRIG_BUNDLE_TRIG_ET bound to: 0 - type: integer 
	Parameter L_START_POS_MDOM_TRIG_BUNDLE_TRIG_GT bound to: 1 - type: integer 
	Parameter L_START_POS_MDOM_TRIG_BUNDLE_TRIG_LT bound to: 2 - type: integer 
	Parameter L_START_POS_MDOM_TRIG_BUNDLE_TRIG_RUN bound to: 3 - type: integer 
	Parameter L_START_POS_MDOM_TRIG_BUNDLE_DISCR_TRIG_POL bound to: 4 - type: integer 
	Parameter L_START_POS_MDOM_TRIG_BUNDLE_TRIG_THRESH bound to: 5 - type: integer 
	Parameter L_START_POS_MDOM_TRIG_BUNDLE_DISC_TRIG_EN bound to: 17 - type: integer 
	Parameter L_START_POS_MDOM_TRIG_BUNDLE_THRESH_TRIG_EN bound to: 18 - type: integer 
	Parameter L_START_POS_MDOM_TRIG_BUNDLE_EXT_TRIG_EN bound to: 19 - type: integer 
	Parameter L_STOP_POS_MDOM_TRIG_BUNDLE_TRIG_ET bound to: 0 - type: integer 
	Parameter L_STOP_POS_MDOM_TRIG_BUNDLE_TRIG_GT bound to: 1 - type: integer 
	Parameter L_STOP_POS_MDOM_TRIG_BUNDLE_TRIG_LT bound to: 2 - type: integer 
	Parameter L_STOP_POS_MDOM_TRIG_BUNDLE_TRIG_RUN bound to: 3 - type: integer 
	Parameter L_STOP_POS_MDOM_TRIG_BUNDLE_DISCR_TRIG_POL bound to: 4 - type: integer 
	Parameter L_STOP_POS_MDOM_TRIG_BUNDLE_TRIG_THRESH bound to: 16 - type: integer 
	Parameter L_STOP_POS_MDOM_TRIG_BUNDLE_DISC_TRIG_EN bound to: 17 - type: integer 
	Parameter L_STOP_POS_MDOM_TRIG_BUNDLE_THRESH_TRIG_EN bound to: 18 - type: integer 
	Parameter L_STOP_POS_MDOM_TRIG_BUNDLE_EXT_TRIG_EN bound to: 19 - type: integer 
	Parameter L_WIDTH_MDOM_TRIG_BUNDLE_ZERO_PAD bound to: 0 - type: integer 
	Parameter L_WIDTH_MDOM_TRIG_BUNDLE bound to: 20 - type: integer 
	Parameter L_WIDTH_MDOM_WVB_CONF_BUNDLE_CNST_CONF bound to: 12 - type: integer 
	Parameter L_WIDTH_MDOM_WVB_CONF_BUNDLE_TEST_CONF bound to: 12 - type: integer 
	Parameter L_WIDTH_MDOM_WVB_CONF_BUNDLE_POST_CONF bound to: 8 - type: integer 
	Parameter L_WIDTH_MDOM_WVB_CONF_BUNDLE_PRE_CONF bound to: 5 - type: integer 
	Parameter L_WIDTH_MDOM_WVB_CONF_BUNDLE_ARM bound to: 1 - type: integer 
	Parameter L_WIDTH_MDOM_WVB_CONF_BUNDLE_TRIG_MODE bound to: 1 - type: integer 
	Parameter L_WIDTH_MDOM_WVB_CONF_BUNDLE_CNST_RUN bound to: 1 - type: integer 
	Parameter L_START_POS_MDOM_WVB_CONF_BUNDLE_CNST_CONF bound to: 0 - type: integer 
	Parameter L_START_POS_MDOM_WVB_CONF_BUNDLE_TEST_CONF bound to: 12 - type: integer 
	Parameter L_START_POS_MDOM_WVB_CONF_BUNDLE_POST_CONF bound to: 24 - type: integer 
	Parameter L_START_POS_MDOM_WVB_CONF_BUNDLE_PRE_CONF bound to: 32 - type: integer 
	Parameter L_START_POS_MDOM_WVB_CONF_BUNDLE_ARM bound to: 37 - type: integer 
	Parameter L_START_POS_MDOM_WVB_CONF_BUNDLE_TRIG_MODE bound to: 38 - type: integer 
	Parameter L_START_POS_MDOM_WVB_CONF_BUNDLE_CNST_RUN bound to: 39 - type: integer 
	Parameter L_STOP_POS_MDOM_WVB_CONF_BUNDLE_CNST_CONF bound to: 11 - type: integer 
	Parameter L_STOP_POS_MDOM_WVB_CONF_BUNDLE_TEST_CONF bound to: 23 - type: integer 
	Parameter L_STOP_POS_MDOM_WVB_CONF_BUNDLE_POST_CONF bound to: 31 - type: integer 
	Parameter L_STOP_POS_MDOM_WVB_CONF_BUNDLE_PRE_CONF bound to: 36 - type: integer 
	Parameter L_STOP_POS_MDOM_WVB_CONF_BUNDLE_ARM bound to: 37 - type: integer 
	Parameter L_STOP_POS_MDOM_WVB_CONF_BUNDLE_TRIG_MODE bound to: 38 - type: integer 
	Parameter L_STOP_POS_MDOM_WVB_CONF_BUNDLE_CNST_RUN bound to: 39 - type: integer 
	Parameter L_WIDTH_MDOM_WVB_CONF_BUNDLE_ZERO_PAD bound to: 0 - type: integer 
	Parameter L_WIDTH_MDOM_WVB_CONF_BUNDLE bound to: 40 - type: integer 
	Parameter L_WIDTH_MDOM_WVB_HDR_BUNDLE_3_EVT_LTC bound to: 49 - type: integer 
	Parameter L_WIDTH_MDOM_WVB_HDR_BUNDLE_3_START_ADDR bound to: 11 - type: integer 
	Parameter L_WIDTH_MDOM_WVB_HDR_BUNDLE_3_STOP_ADDR bound to: 11 - type: integer 
	Parameter L_WIDTH_MDOM_WVB_HDR_BUNDLE_3_TRIG_SRC bound to: 2 - type: integer 
	Parameter L_WIDTH_MDOM_WVB_HDR_BUNDLE_3_CNST_RUN bound to: 1 - type: integer 
	Parameter L_WIDTH_MDOM_WVB_HDR_BUNDLE_3_PRE_CONF bound to: 5 - type: integer 
	Parameter L_WIDTH_MDOM_WVB_HDR_BUNDLE_3_SYNC_RDY bound to: 1 - type: integer 
	Parameter L_WIDTH_MDOM_WVB_HDR_BUNDLE_3_BSUM bound to: 19 - type: integer 
	Parameter L_WIDTH_MDOM_WVB_HDR_BUNDLE_3_BSUM_LEN_SEL bound to: 3 - type: integer 
	Parameter L_WIDTH_MDOM_WVB_HDR_BUNDLE_3_BSUM_VALID bound to: 1 - type: integer 
	Parameter L_WIDTH_MDOM_WVB_HDR_BUNDLE_3_LOCAL_COINC bound to: 1 - type: integer 
	Parameter L_START_POS_MDOM_WVB_HDR_BUNDLE_3_EVT_LTC bound to: 0 - type: integer 
	Parameter L_START_POS_MDOM_WVB_HDR_BUNDLE_3_START_ADDR bound to: 49 - type: integer 
	Parameter L_START_POS_MDOM_WVB_HDR_BUNDLE_3_STOP_ADDR bound to: 60 - type: integer 
	Parameter L_START_POS_MDOM_WVB_HDR_BUNDLE_3_TRIG_SRC bound to: 71 - type: integer 
	Parameter L_START_POS_MDOM_WVB_HDR_BUNDLE_3_CNST_RUN bound to: 73 - type: integer 
	Parameter L_START_POS_MDOM_WVB_HDR_BUNDLE_3_PRE_CONF bound to: 74 - type: integer 
	Parameter L_START_POS_MDOM_WVB_HDR_BUNDLE_3_SYNC_RDY bound to: 79 - type: integer 
	Parameter L_START_POS_MDOM_WVB_HDR_BUNDLE_3_BSUM bound to: 80 - type: integer 
	Parameter L_START_POS_MDOM_WVB_HDR_BUNDLE_3_BSUM_LEN_SEL bound to: 99 - type: integer 
	Parameter L_START_POS_MDOM_WVB_HDR_BUNDLE_3_BSUM_VALID bound to: 102 - type: integer 
	Parameter L_START_POS_MDOM_WVB_HDR_BUNDLE_3_LOCAL_COINC bound to: 103 - type: integer 
	Parameter L_STOP_POS_MDOM_WVB_HDR_BUNDLE_3_EVT_LTC bound to: 48 - type: integer 
	Parameter L_STOP_POS_MDOM_WVB_HDR_BUNDLE_3_START_ADDR bound to: 59 - type: integer 
	Parameter L_STOP_POS_MDOM_WVB_HDR_BUNDLE_3_STOP_ADDR bound to: 70 - type: integer 
	Parameter L_STOP_POS_MDOM_WVB_HDR_BUNDLE_3_TRIG_SRC bound to: 72 - type: integer 
	Parameter L_STOP_POS_MDOM_WVB_HDR_BUNDLE_3_CNST_RUN bound to: 73 - type: integer 
	Parameter L_STOP_POS_MDOM_WVB_HDR_BUNDLE_3_PRE_CONF bound to: 78 - type: integer 
	Parameter L_STOP_POS_MDOM_WVB_HDR_BUNDLE_3_SYNC_RDY bound to: 79 - type: integer 
	Parameter L_STOP_POS_MDOM_WVB_HDR_BUNDLE_3_BSUM bound to: 98 - type: integer 
	Parameter L_STOP_POS_MDOM_WVB_HDR_BUNDLE_3_BSUM_LEN_SEL bound to: 101 - type: integer 
	Parameter L_STOP_POS_MDOM_WVB_HDR_BUNDLE_3_BSUM_VALID bound to: 102 - type: integer 
	Parameter L_STOP_POS_MDOM_WVB_HDR_BUNDLE_3_LOCAL_COINC bound to: 103 - type: integer 
	Parameter L_WIDTH_MDOM_WVB_HDR_BUNDLE_3_ZERO_PAD bound to: 0 - type: integer 
	Parameter L_WIDTH_MDOM_WVB_HDR_BUNDLE_3 bound to: 104 - type: integer 
	Parameter L_WIDTH_MDOM_WVB_HDR_BUNDLE_4_EVT_LTC bound to: 49 - type: integer 
	Parameter L_WIDTH_MDOM_WVB_HDR_BUNDLE_4_START_ADDR bound to: 9 - type: integer 
	Parameter L_WIDTH_MDOM_WVB_HDR_BUNDLE_4_STOP_ADDR bound to: 9 - type: integer 
	Parameter L_WIDTH_MDOM_WVB_HDR_BUNDLE_4_TRIG_SRC bound to: 2 - type: integer 
	Parameter L_WIDTH_MDOM_WVB_HDR_BUNDLE_4_CNST_RUN bound to: 1 - type: integer 
	Parameter L_WIDTH_MDOM_WVB_HDR_BUNDLE_4_PRE_CONF bound to: 5 - type: integer 
	Parameter L_WIDTH_MDOM_WVB_HDR_BUNDLE_4_SYNC_RDY bound to: 1 - type: integer 
	Parameter L_WIDTH_MDOM_WVB_HDR_BUNDLE_4_BSUM bound to: 19 - type: integer 
	Parameter L_WIDTH_MDOM_WVB_HDR_BUNDLE_4_BSUM_LEN_SEL bound to: 3 - type: integer 
	Parameter L_WIDTH_MDOM_WVB_HDR_BUNDLE_4_BSUM_VALID bound to: 1 - type: integer 
	Parameter L_WIDTH_MDOM_WVB_HDR_BUNDLE_4_LOCAL_COINC bound to: 1 - type: integer 
	Parameter L_WIDTH_MDOM_WVB_HDR_BUNDLE_4_PARTIAL_WFM bound to: 1 - type: integer 
	Parameter L_WIDTH_MDOM_WVB_HDR_BUNDLE_4_CONTINUED_WFM bound to: 1 - type: integer 
	Parameter L_START_POS_MDOM_WVB_HDR_BUNDLE_4_EVT_LTC bound to: 0 - type: integer 
	Parameter L_START_POS_MDOM_WVB_HDR_BUNDLE_4_START_ADDR bound to: 49 - type: integer 
	Parameter L_START_POS_MDOM_WVB_HDR_BUNDLE_4_STOP_ADDR bound to: 58 - type: integer 
	Parameter L_START_POS_MDOM_WVB_HDR_BUNDLE_4_TRIG_SRC bound to: 67 - type: integer 
	Parameter L_START_POS_MDOM_WVB_HDR_BUNDLE_4_CNST_RUN bound to: 69 - type: integer 
	Parameter L_START_POS_MDOM_WVB_HDR_BUNDLE_4_PRE_CONF bound to: 70 - type: integer 
	Parameter L_START_POS_MDOM_WVB_HDR_BUNDLE_4_SYNC_RDY bound to: 75 - type: integer 
	Parameter L_START_POS_MDOM_WVB_HDR_BUNDLE_4_BSUM bound to: 76 - type: integer 
	Parameter L_START_POS_MDOM_WVB_HDR_BUNDLE_4_BSUM_LEN_SEL bound to: 95 - type: integer 
	Parameter L_START_POS_MDOM_WVB_HDR_BUNDLE_4_BSUM_VALID bound to: 98 - type: integer 
	Parameter L_START_POS_MDOM_WVB_HDR_BUNDLE_4_LOCAL_COINC bound to: 99 - type: integer 
	Parameter L_START_POS_MDOM_WVB_HDR_BUNDLE_4_PARTIAL_WFM bound to: 100 - type: integer 
	Parameter L_START_POS_MDOM_WVB_HDR_BUNDLE_4_CONTINUED_WFM bound to: 101 - type: integer 
	Parameter L_STOP_POS_MDOM_WVB_HDR_BUNDLE_4_EVT_LTC bound to: 48 - type: integer 
	Parameter L_STOP_POS_MDOM_WVB_HDR_BUNDLE_4_START_ADDR bound to: 57 - type: integer 
	Parameter L_STOP_POS_MDOM_WVB_HDR_BUNDLE_4_STOP_ADDR bound to: 66 - type: integer 
	Parameter L_STOP_POS_MDOM_WVB_HDR_BUNDLE_4_TRIG_SRC bound to: 68 - type: integer 
	Parameter L_STOP_POS_MDOM_WVB_HDR_BUNDLE_4_CNST_RUN bound to: 69 - type: integer 
	Parameter L_STOP_POS_MDOM_WVB_HDR_BUNDLE_4_PRE_CONF bound to: 74 - type: integer 
	Parameter L_STOP_POS_MDOM_WVB_HDR_BUNDLE_4_SYNC_RDY bound to: 75 - type: integer 
	Parameter L_STOP_POS_MDOM_WVB_HDR_BUNDLE_4_BSUM bound to: 94 - type: integer 
	Parameter L_STOP_POS_MDOM_WVB_HDR_BUNDLE_4_BSUM_LEN_SEL bound to: 97 - type: integer 
	Parameter L_STOP_POS_MDOM_WVB_HDR_BUNDLE_4_BSUM_VALID bound to: 98 - type: integer 
	Parameter L_STOP_POS_MDOM_WVB_HDR_BUNDLE_4_LOCAL_COINC bound to: 99 - type: integer 
	Parameter L_STOP_POS_MDOM_WVB_HDR_BUNDLE_4_PARTIAL_WFM bound to: 100 - type: integer 
	Parameter L_STOP_POS_MDOM_WVB_HDR_BUNDLE_4_CONTINUED_WFM bound to: 101 - type: integer 
	Parameter L_WIDTH_MDOM_WVB_HDR_BUNDLE_4_ZERO_PAD bound to: 0 - type: integer 
	Parameter L_WIDTH_MDOM_WVB_HDR_BUNDLE_4 bound to: 102 - type: integer 
	Parameter L_WIDTH_MDOM_WVB_HDR_BUNDLE_2_EVT_LTC bound to: 49 - type: integer 
	Parameter L_WIDTH_MDOM_WVB_HDR_BUNDLE_2_START_ADDR bound to: 11 - type: integer 
	Parameter L_WIDTH_MDOM_WVB_HDR_BUNDLE_2_STOP_ADDR bound to: 11 - type: integer 
	Parameter L_WIDTH_MDOM_WVB_HDR_BUNDLE_2_TRIG_SRC bound to: 2 - type: integer 
	Parameter L_WIDTH_MDOM_WVB_HDR_BUNDLE_2_CNST_RUN bound to: 1 - type: integer 
	Parameter L_WIDTH_MDOM_WVB_HDR_BUNDLE_2_PRE_CONF bound to: 5 - type: integer 
	Parameter L_WIDTH_MDOM_WVB_HDR_BUNDLE_2_SYNC_RDY bound to: 1 - type: integer 
	Parameter L_WIDTH_MDOM_WVB_HDR_BUNDLE_2_BSUM bound to: 19 - type: integer 
	Parameter L_WIDTH_MDOM_WVB_HDR_BUNDLE_2_BSUM_LEN_SEL bound to: 3 - type: integer 
	Parameter L_WIDTH_MDOM_WVB_HDR_BUNDLE_2_BSUM_VALID bound to: 1 - type: integer 
	Parameter L_START_POS_MDOM_WVB_HDR_BUNDLE_2_EVT_LTC bound to: 0 - type: integer 
	Parameter L_START_POS_MDOM_WVB_HDR_BUNDLE_2_START_ADDR bound to: 49 - type: integer 
	Parameter L_START_POS_MDOM_WVB_HDR_BUNDLE_2_STOP_ADDR bound to: 60 - type: integer 
	Parameter L_START_POS_MDOM_WVB_HDR_BUNDLE_2_TRIG_SRC bound to: 71 - type: integer 
	Parameter L_START_POS_MDOM_WVB_HDR_BUNDLE_2_CNST_RUN bound to: 73 - type: integer 
	Parameter L_START_POS_MDOM_WVB_HDR_BUNDLE_2_PRE_CONF bound to: 74 - type: integer 
	Parameter L_START_POS_MDOM_WVB_HDR_BUNDLE_2_SYNC_RDY bound to: 79 - type: integer 
	Parameter L_START_POS_MDOM_WVB_HDR_BUNDLE_2_BSUM bound to: 80 - type: integer 
	Parameter L_START_POS_MDOM_WVB_HDR_BUNDLE_2_BSUM_LEN_SEL bound to: 99 - type: integer 
	Parameter L_START_POS_MDOM_WVB_HDR_BUNDLE_2_BSUM_VALID bound to: 102 - type: integer 
	Parameter L_STOP_POS_MDOM_WVB_HDR_BUNDLE_2_EVT_LTC bound to: 48 - type: integer 
	Parameter L_STOP_POS_MDOM_WVB_HDR_BUNDLE_2_START_ADDR bound to: 59 - type: integer 
	Parameter L_STOP_POS_MDOM_WVB_HDR_BUNDLE_2_STOP_ADDR bound to: 70 - type: integer 
	Parameter L_STOP_POS_MDOM_WVB_HDR_BUNDLE_2_TRIG_SRC bound to: 72 - type: integer 
	Parameter L_STOP_POS_MDOM_WVB_HDR_BUNDLE_2_CNST_RUN bound to: 73 - type: integer 
	Parameter L_STOP_POS_MDOM_WVB_HDR_BUNDLE_2_PRE_CONF bound to: 78 - type: integer 
	Parameter L_STOP_POS_MDOM_WVB_HDR_BUNDLE_2_SYNC_RDY bound to: 79 - type: integer 
	Parameter L_STOP_POS_MDOM_WVB_HDR_BUNDLE_2_BSUM bound to: 98 - type: integer 
	Parameter L_STOP_POS_MDOM_WVB_HDR_BUNDLE_2_BSUM_LEN_SEL bound to: 101 - type: integer 
	Parameter L_STOP_POS_MDOM_WVB_HDR_BUNDLE_2_BSUM_VALID bound to: 102 - type: integer 
	Parameter L_WIDTH_MDOM_WVB_HDR_BUNDLE_2_ZERO_PAD bound to: 0 - type: integer 
	Parameter L_WIDTH_MDOM_WVB_HDR_BUNDLE_2 bound to: 103 - type: integer 
	Parameter L_WIDTH_MDOM_SCDB_HDR_BUNDLE_EVT_LTC bound to: 49 - type: integer 
	Parameter L_WIDTH_MDOM_SCDB_HDR_BUNDLE_START_ADDR bound to: 11 - type: integer 
	Parameter L_WIDTH_MDOM_SCDB_HDR_BUNDLE_STOP_ADDR bound to: 11 - type: integer 
	Parameter L_WIDTH_MDOM_SCDB_HDR_BUNDLE_TRIG_SRC bound to: 2 - type: integer 
	Parameter L_WIDTH_MDOM_SCDB_HDR_BUNDLE_CNST_RUN bound to: 1 - type: integer 
	Parameter L_WIDTH_MDOM_SCDB_HDR_BUNDLE_PRE_CONF bound to: 5 - type: integer 
	Parameter L_WIDTH_MDOM_SCDB_HDR_BUNDLE_SYNC_RDY bound to: 1 - type: integer 
	Parameter L_WIDTH_MDOM_SCDB_HDR_BUNDLE_BSUM bound to: 19 - type: integer 
	Parameter L_WIDTH_MDOM_SCDB_HDR_BUNDLE_BSUM_LEN_SEL bound to: 3 - type: integer 
	Parameter L_WIDTH_MDOM_SCDB_HDR_BUNDLE_BSUM_VALID bound to: 1 - type: integer 
	Parameter L_WIDTH_MDOM_SCDB_HDR_BUNDLE_LOCAL_COINC bound to: 1 - type: integer 
	Parameter L_WIDTH_MDOM_SCDB_HDR_BUNDLE_PARTIAL_WFM bound to: 1 - type: integer 
	Parameter L_WIDTH_MDOM_SCDB_HDR_BUNDLE_CONTINUED_WFM bound to: 1 - type: integer 
	Parameter L_WIDTH_MDOM_SCDB_HDR_BUNDLE_CHANNEL_IDX bound to: 5 - type: integer 
	Parameter L_START_POS_MDOM_SCDB_HDR_BUNDLE_EVT_LTC bound to: 0 - type: integer 
	Parameter L_START_POS_MDOM_SCDB_HDR_BUNDLE_START_ADDR bound to: 49 - type: integer 
	Parameter L_START_POS_MDOM_SCDB_HDR_BUNDLE_STOP_ADDR bound to: 60 - type: integer 
	Parameter L_START_POS_MDOM_SCDB_HDR_BUNDLE_TRIG_SRC bound to: 71 - type: integer 
	Parameter L_START_POS_MDOM_SCDB_HDR_BUNDLE_CNST_RUN bound to: 73 - type: integer 
	Parameter L_START_POS_MDOM_SCDB_HDR_BUNDLE_PRE_CONF bound to: 74 - type: integer 
	Parameter L_START_POS_MDOM_SCDB_HDR_BUNDLE_SYNC_RDY bound to: 79 - type: integer 
	Parameter L_START_POS_MDOM_SCDB_HDR_BUNDLE_BSUM bound to: 80 - type: integer 
	Parameter L_START_POS_MDOM_SCDB_HDR_BUNDLE_BSUM_LEN_SEL bound to: 99 - type: integer 
	Parameter L_START_POS_MDOM_SCDB_HDR_BUNDLE_BSUM_VALID bound to: 102 - type: integer 
	Parameter L_START_POS_MDOM_SCDB_HDR_BUNDLE_LOCAL_COINC bound to: 103 - type: integer 
	Parameter L_START_POS_MDOM_SCDB_HDR_BUNDLE_PARTIAL_WFM bound to: 104 - type: integer 
	Parameter L_START_POS_MDOM_SCDB_HDR_BUNDLE_CONTINUED_WFM bound to: 105 - type: integer 
	Parameter L_START_POS_MDOM_SCDB_HDR_BUNDLE_CHANNEL_IDX bound to: 106 - type: integer 
	Parameter L_STOP_POS_MDOM_SCDB_HDR_BUNDLE_EVT_LTC bound to: 48 - type: integer 
	Parameter L_STOP_POS_MDOM_SCDB_HDR_BUNDLE_START_ADDR bound to: 59 - type: integer 
	Parameter L_STOP_POS_MDOM_SCDB_HDR_BUNDLE_STOP_ADDR bound to: 70 - type: integer 
	Parameter L_STOP_POS_MDOM_SCDB_HDR_BUNDLE_TRIG_SRC bound to: 72 - type: integer 
	Parameter L_STOP_POS_MDOM_SCDB_HDR_BUNDLE_CNST_RUN bound to: 73 - type: integer 
	Parameter L_STOP_POS_MDOM_SCDB_HDR_BUNDLE_PRE_CONF bound to: 78 - type: integer 
	Parameter L_STOP_POS_MDOM_SCDB_HDR_BUNDLE_SYNC_RDY bound to: 79 - type: integer 
	Parameter L_STOP_POS_MDOM_SCDB_HDR_BUNDLE_BSUM bound to: 98 - type: integer 
	Parameter L_STOP_POS_MDOM_SCDB_HDR_BUNDLE_BSUM_LEN_SEL bound to: 101 - type: integer 
	Parameter L_STOP_POS_MDOM_SCDB_HDR_BUNDLE_BSUM_VALID bound to: 102 - type: integer 
	Parameter L_STOP_POS_MDOM_SCDB_HDR_BUNDLE_LOCAL_COINC bound to: 103 - type: integer 
	Parameter L_STOP_POS_MDOM_SCDB_HDR_BUNDLE_PARTIAL_WFM bound to: 104 - type: integer 
	Parameter L_STOP_POS_MDOM_SCDB_HDR_BUNDLE_CONTINUED_WFM bound to: 105 - type: integer 
	Parameter L_STOP_POS_MDOM_SCDB_HDR_BUNDLE_CHANNEL_IDX bound to: 110 - type: integer 
	Parameter L_WIDTH_MDOM_SCDB_HDR_BUNDLE_ZERO_PAD bound to: 0 - type: integer 
	Parameter L_WIDTH_MDOM_SCDB_HDR_BUNDLE bound to: 111 - type: integer 
	Parameter L_WIDTH_MDOM_BSUM_BUNDLE_PAUSE bound to: 1 - type: integer 
	Parameter L_WIDTH_MDOM_BSUM_BUNDLE_PAUSE_OVERRIDE bound to: 1 - type: integer 
	Parameter L_WIDTH_MDOM_BSUM_BUNDLE_SUM_LEN_SEL bound to: 3 - type: integer 
	Parameter L_WIDTH_MDOM_BSUM_BUNDLE_PAUSE_LEN bound to: 16 - type: integer 
	Parameter L_WIDTH_MDOM_BSUM_BUNDLE_DEV_LOW bound to: 12 - type: integer 
	Parameter L_WIDTH_MDOM_BSUM_BUNDLE_DEV_HIGH bound to: 12 - type: integer 
	Parameter L_START_POS_MDOM_BSUM_BUNDLE_PAUSE bound to: 0 - type: integer 
	Parameter L_START_POS_MDOM_BSUM_BUNDLE_PAUSE_OVERRIDE bound to: 1 - type: integer 
	Parameter L_START_POS_MDOM_BSUM_BUNDLE_SUM_LEN_SEL bound to: 2 - type: integer 
	Parameter L_START_POS_MDOM_BSUM_BUNDLE_PAUSE_LEN bound to: 5 - type: integer 
	Parameter L_START_POS_MDOM_BSUM_BUNDLE_DEV_LOW bound to: 21 - type: integer 
	Parameter L_START_POS_MDOM_BSUM_BUNDLE_DEV_HIGH bound to: 33 - type: integer 
	Parameter L_STOP_POS_MDOM_BSUM_BUNDLE_PAUSE bound to: 0 - type: integer 
	Parameter L_STOP_POS_MDOM_BSUM_BUNDLE_PAUSE_OVERRIDE bound to: 1 - type: integer 
	Parameter L_STOP_POS_MDOM_BSUM_BUNDLE_SUM_LEN_SEL bound to: 4 - type: integer 
	Parameter L_STOP_POS_MDOM_BSUM_BUNDLE_PAUSE_LEN bound to: 20 - type: integer 
	Parameter L_STOP_POS_MDOM_BSUM_BUNDLE_DEV_LOW bound to: 32 - type: integer 
	Parameter L_STOP_POS_MDOM_BSUM_BUNDLE_DEV_HIGH bound to: 44 - type: integer 
	Parameter L_WIDTH_MDOM_BSUM_BUNDLE_ZERO_PAD bound to: 0 - type: integer 
	Parameter L_WIDTH_MDOM_BSUM_BUNDLE bound to: 45 - type: integer 
	Parameter FW_VNUM bound to: 16'b0000000000101101 
	Parameter CLK_SRC bound to: 1 - type: integer 
	Parameter N_CHANNELS bound to: 24 - type: integer 
	Parameter N_ADC_BITS bound to: 12 - type: integer 
	Parameter N_DISCR_BITS bound to: 8 - type: integer 
	Parameter P_WVB_ADR_WIDTH bound to: 9 - type: integer 
	Parameter P_DATA_WIDTH bound to: 170 - type: integer 
	Parameter P_LTC_WIDTH bound to: 49 - type: integer 
	Parameter P_HDR_WIDTH bound to: 102 - type: integer 
	Parameter P_FMT bound to: 3 - type: integer 
	Parameter P_N_SCDB bound to: 3 - type: integer 
	Parameter P_CHANNELS_PER_SCDB bound to: 8 - type: integer 
	Parameter P_SCDB_CHANNELS_PER_CYCLES bound to: 2 - type: integer 
	Parameter DEFAULT_DELAY bound to: 5'b00000 
	Parameter P_READER_DATA_WIDTH bound to: 85 - type: integer 
INFO: [Synth 8-6157] synthesizing module 'adc_discr_channel' [C:/Users/i3devmachine/mdom/updates/mdommb_rev1_fw/hdl/adc_discr_channel/adc_discr_channel.v:7]
	Parameter DISCR_DELAY bound to: 10 - type: integer 
INFO: [Synth 8-6157] synthesizing module 'ADC_SERDES' [C:/Users/i3devmachine/mdom/updates/mdommb_rev1_fw/mDOM_mb_rev1.runs/synth_1/.Xil/Vivado-36800-i3DevBox/realtime/ADC_SERDES_stub.v:5]
INFO: [Synth 8-6155] done synthesizing module 'ADC_SERDES' (1#1) [C:/Users/i3devmachine/mdom/updates/mdommb_rev1_fw/mDOM_mb_rev1.runs/synth_1/.Xil/Vivado-36800-i3DevBox/realtime/ADC_SERDES_stub.v:5]
INFO: [Synth 8-6157] synthesizing module 'DISCR_SERDES' [C:/Users/i3devmachine/mdom/updates/mdommb_rev1_fw/mDOM_mb_rev1.runs/synth_1/.Xil/Vivado-36800-i3DevBox/realtime/DISCR_SERDES_stub.v:5]
INFO: [Synth 8-6155] done synthesizing module 'DISCR_SERDES' (2#1) [C:/Users/i3devmachine/mdom/updates/mdommb_rev1_fw/mDOM_mb_rev1.runs/synth_1/.Xil/Vivado-36800-i3DevBox/realtime/DISCR_SERDES_stub.v:5]
INFO: [Synth 8-6157] synthesizing module 'delay' [C:/Users/i3devmachine/mdom/updates/mdommb_rev1_fw/hdl/delay/delay.v:10]
	Parameter DELAY bound to: 10 - type: integer 
	Parameter BITS bound to: 8 - type: integer 
	Parameter DEFAULT bound to: 1'b0 
INFO: [Synth 8-6157] synthesizing module 'delay_n' [C:/Users/i3devmachine/mdom/updates/mdommb_rev1_fw/hdl/delay/delay_n.v:8]
	Parameter DELAY bound to: 10 - type: integer 
	Parameter BITS bound to: 8 - type: integer 
	Parameter DEFAULT bound to: 1'b0 
INFO: [Synth 8-6155] done synthesizing module 'delay_n' (3#1) [C:/Users/i3devmachine/mdom/updates/mdommb_rev1_fw/hdl/delay/delay_n.v:8]
INFO: [Synth 8-6155] done synthesizing module 'delay' (4#1) [C:/Users/i3devmachine/mdom/updates/mdommb_rev1_fw/hdl/delay/delay.v:10]
INFO: [Synth 8-6155] done synthesizing module 'adc_discr_channel' (5#1) [C:/Users/i3devmachine/mdom/updates/mdommb_rev1_fw/hdl/adc_discr_channel/adc_discr_channel.v:7]
INFO: [Synth 8-6157] synthesizing module 'waveform_acquisition' [C:/Users/i3devmachine/mdom/updates/mdommb_rev1_fw/hdl/waveform_acquisition/waveform_acquisition.v:9]
	Parameter P_DATA_WIDTH bound to: 170 - type: integer 
	Parameter P_ADR_WIDTH bound to: 9 - type: integer 
	Parameter P_HDR_WIDTH bound to: 102 - type: integer 
	Parameter P_LTC_WIDTH bound to: 49 - type: integer 
	Parameter P_N_WVF_IN_BUF_WIDTH bound to: 16 - type: integer 
	Parameter P_WVB_TRIG_BUNDLE_WIDTH bound to: 20 - type: integer 
	Parameter P_WVB_CONFIG_BUNDLE_WIDTH bound to: 40 - type: integer 
	Parameter P_MDOM_BSUM_BUNDLE_WIDTH bound to: 45 - type: integer 
	Parameter P_BSUM_WIDTH bound to: 19 - type: integer 
	Parameter L_WIDTH_MDOM_BSUM_BUNDLE_PAUSE bound to: 1 - type: integer 
	Parameter L_WIDTH_MDOM_BSUM_BUNDLE_PAUSE_OVERRIDE bound to: 1 - type: integer 
	Parameter L_WIDTH_MDOM_BSUM_BUNDLE_SUM_LEN_SEL bound to: 3 - type: integer 
	Parameter L_WIDTH_MDOM_BSUM_BUNDLE_PAUSE_LEN bound to: 16 - type: integer 
	Parameter L_WIDTH_MDOM_BSUM_BUNDLE_DEV_LOW bound to: 12 - type: integer 
	Parameter L_WIDTH_MDOM_BSUM_BUNDLE_DEV_HIGH bound to: 12 - type: integer 
	Parameter L_START_POS_MDOM_BSUM_BUNDLE_PAUSE bound to: 0 - type: integer 
	Parameter L_START_POS_MDOM_BSUM_BUNDLE_PAUSE_OVERRIDE bound to: 1 - type: integer 
	Parameter L_START_POS_MDOM_BSUM_BUNDLE_SUM_LEN_SEL bound to: 2 - type: integer 
	Parameter L_START_POS_MDOM_BSUM_BUNDLE_PAUSE_LEN bound to: 5 - type: integer 
	Parameter L_START_POS_MDOM_BSUM_BUNDLE_DEV_LOW bound to: 21 - type: integer 
	Parameter L_START_POS_MDOM_BSUM_BUNDLE_DEV_HIGH bound to: 33 - type: integer 
	Parameter L_STOP_POS_MDOM_BSUM_BUNDLE_PAUSE bound to: 0 - type: integer 
	Parameter L_STOP_POS_MDOM_BSUM_BUNDLE_PAUSE_OVERRIDE bound to: 1 - type: integer 
	Parameter L_STOP_POS_MDOM_BSUM_BUNDLE_SUM_LEN_SEL bound to: 4 - type: integer 
	Parameter L_STOP_POS_MDOM_BSUM_BUNDLE_PAUSE_LEN bound to: 20 - type: integer 
	Parameter L_STOP_POS_MDOM_BSUM_BUNDLE_DEV_LOW bound to: 32 - type: integer 
	Parameter L_STOP_POS_MDOM_BSUM_BUNDLE_DEV_HIGH bound to: 44 - type: integer 
	Parameter L_WIDTH_MDOM_BSUM_BUNDLE_ZERO_PAD bound to: 0 - type: integer 
	Parameter L_WIDTH_MDOM_BSUM_BUNDLE bound to: 45 - type: integer 
INFO: [Synth 8-5534] Detected attribute (* DONT_TOUCH = "true" *) [C:/Users/i3devmachine/mdom/updates/mdommb_rev1_fw/hdl/waveform_acquisition/waveform_acquisition.v:90]
INFO: [Synth 8-5534] Detected attribute (* DONT_TOUCH = "true" *) [C:/Users/i3devmachine/mdom/updates/mdommb_rev1_fw/hdl/waveform_acquisition/waveform_acquisition.v:91]
INFO: [Synth 8-5534] Detected attribute (* DONT_TOUCH = "true" *) [C:/Users/i3devmachine/mdom/updates/mdommb_rev1_fw/hdl/waveform_acquisition/waveform_acquisition.v:92]
INFO: [Synth 8-5534] Detected attribute (* DONT_TOUCH = "true" *) [C:/Users/i3devmachine/mdom/updates/mdommb_rev1_fw/hdl/waveform_acquisition/waveform_acquisition.v:93]
INFO: [Synth 8-5534] Detected attribute (* DONT_TOUCH = "true" *) [C:/Users/i3devmachine/mdom/updates/mdommb_rev1_fw/hdl/waveform_acquisition/waveform_acquisition.v:94]
INFO: [Synth 8-6157] synthesizing module 'mDOM_trig_bundle_fan_out' [C:/Users/i3devmachine/mdom/updates/mdommb_rev1_fw/hdl/bundles/mDOM_trig_bundle/mDOM_trig_bundle_fan_out.v:1]
	Parameter L_WIDTH_MDOM_TRIG_BUNDLE_TRIG_ET bound to: 1 - type: integer 
	Parameter L_WIDTH_MDOM_TRIG_BUNDLE_TRIG_GT bound to: 1 - type: integer 
	Parameter L_WIDTH_MDOM_TRIG_BUNDLE_TRIG_LT bound to: 1 - type: integer 
	Parameter L_WIDTH_MDOM_TRIG_BUNDLE_TRIG_RUN bound to: 1 - type: integer 
	Parameter L_WIDTH_MDOM_TRIG_BUNDLE_DISCR_TRIG_POL bound to: 1 - type: integer 
	Parameter L_WIDTH_MDOM_TRIG_BUNDLE_TRIG_THRESH bound to: 12 - type: integer 
	Parameter L_WIDTH_MDOM_TRIG_BUNDLE_DISC_TRIG_EN bound to: 1 - type: integer 
	Parameter L_WIDTH_MDOM_TRIG_BUNDLE_THRESH_TRIG_EN bound to: 1 - type: integer 
	Parameter L_WIDTH_MDOM_TRIG_BUNDLE_EXT_TRIG_EN bound to: 1 - type: integer 
	Parameter L_START_POS_MDOM_TRIG_BUNDLE_TRIG_ET bound to: 0 - type: integer 
	Parameter L_START_POS_MDOM_TRIG_BUNDLE_TRIG_GT bound to: 1 - type: integer 
	Parameter L_START_POS_MDOM_TRIG_BUNDLE_TRIG_LT bound to: 2 - type: integer 
	Parameter L_START_POS_MDOM_TRIG_BUNDLE_TRIG_RUN bound to: 3 - type: integer 
	Parameter L_START_POS_MDOM_TRIG_BUNDLE_DISCR_TRIG_POL bound to: 4 - type: integer 
	Parameter L_START_POS_MDOM_TRIG_BUNDLE_TRIG_THRESH bound to: 5 - type: integer 
	Parameter L_START_POS_MDOM_TRIG_BUNDLE_DISC_TRIG_EN bound to: 17 - type: integer 
	Parameter L_START_POS_MDOM_TRIG_BUNDLE_THRESH_TRIG_EN bound to: 18 - type: integer 
	Parameter L_START_POS_MDOM_TRIG_BUNDLE_EXT_TRIG_EN bound to: 19 - type: integer 
	Parameter L_STOP_POS_MDOM_TRIG_BUNDLE_TRIG_ET bound to: 0 - type: integer 
	Parameter L_STOP_POS_MDOM_TRIG_BUNDLE_TRIG_GT bound to: 1 - type: integer 
	Parameter L_STOP_POS_MDOM_TRIG_BUNDLE_TRIG_LT bound to: 2 - type: integer 
	Parameter L_STOP_POS_MDOM_TRIG_BUNDLE_TRIG_RUN bound to: 3 - type: integer 
	Parameter L_STOP_POS_MDOM_TRIG_BUNDLE_DISCR_TRIG_POL bound to: 4 - type: integer 
	Parameter L_STOP_POS_MDOM_TRIG_BUNDLE_TRIG_THRESH bound to: 16 - type: integer 
	Parameter L_STOP_POS_MDOM_TRIG_BUNDLE_DISC_TRIG_EN bound to: 17 - type: integer 
	Parameter L_STOP_POS_MDOM_TRIG_BUNDLE_THRESH_TRIG_EN bound to: 18 - type: integer 
	Parameter L_STOP_POS_MDOM_TRIG_BUNDLE_EXT_TRIG_EN bound to: 19 - type: integer 
	Parameter L_WIDTH_MDOM_TRIG_BUNDLE_ZERO_PAD bound to: 0 - type: integer 
	Parameter L_WIDTH_MDOM_TRIG_BUNDLE bound to: 20 - type: integer 
INFO: [Synth 8-6155] done synthesizing module 'mDOM_trig_bundle_fan_out' (6#1) [C:/Users/i3devmachine/mdom/updates/mdommb_rev1_fw/hdl/bundles/mDOM_trig_bundle/mDOM_trig_bundle_fan_out.v:1]
INFO: [Synth 8-6157] synthesizing module 'mDOM_wvb_conf_bundle_fan_out' [C:/Users/i3devmachine/mdom/updates/mdommb_rev1_fw/hdl/bundles/mDOM_wvb_conf_bundle/mDOM_wvb_conf_bundle_fan_out.v:1]
	Parameter L_WIDTH_MDOM_WVB_CONF_BUNDLE_CNST_CONF bound to: 12 - type: integer 
	Parameter L_WIDTH_MDOM_WVB_CONF_BUNDLE_TEST_CONF bound to: 12 - type: integer 
	Parameter L_WIDTH_MDOM_WVB_CONF_BUNDLE_POST_CONF bound to: 8 - type: integer 
	Parameter L_WIDTH_MDOM_WVB_CONF_BUNDLE_PRE_CONF bound to: 5 - type: integer 
	Parameter L_WIDTH_MDOM_WVB_CONF_BUNDLE_ARM bound to: 1 - type: integer 
	Parameter L_WIDTH_MDOM_WVB_CONF_BUNDLE_TRIG_MODE bound to: 1 - type: integer 
	Parameter L_WIDTH_MDOM_WVB_CONF_BUNDLE_CNST_RUN bound to: 1 - type: integer 
	Parameter L_START_POS_MDOM_WVB_CONF_BUNDLE_CNST_CONF bound to: 0 - type: integer 
	Parameter L_START_POS_MDOM_WVB_CONF_BUNDLE_TEST_CONF bound to: 12 - type: integer 
	Parameter L_START_POS_MDOM_WVB_CONF_BUNDLE_POST_CONF bound to: 24 - type: integer 
	Parameter L_START_POS_MDOM_WVB_CONF_BUNDLE_PRE_CONF bound to: 32 - type: integer 
	Parameter L_START_POS_MDOM_WVB_CONF_BUNDLE_ARM bound to: 37 - type: integer 
	Parameter L_START_POS_MDOM_WVB_CONF_BUNDLE_TRIG_MODE bound to: 38 - type: integer 
	Parameter L_START_POS_MDOM_WVB_CONF_BUNDLE_CNST_RUN bound to: 39 - type: integer 
	Parameter L_STOP_POS_MDOM_WVB_CONF_BUNDLE_CNST_CONF bound to: 11 - type: integer 
	Parameter L_STOP_POS_MDOM_WVB_CONF_BUNDLE_TEST_CONF bound to: 23 - type: integer 
	Parameter L_STOP_POS_MDOM_WVB_CONF_BUNDLE_POST_CONF bound to: 31 - type: integer 
	Parameter L_STOP_POS_MDOM_WVB_CONF_BUNDLE_PRE_CONF bound to: 36 - type: integer 
	Parameter L_STOP_POS_MDOM_WVB_CONF_BUNDLE_ARM bound to: 37 - type: integer 
	Parameter L_STOP_POS_MDOM_WVB_CONF_BUNDLE_TRIG_MODE bound to: 38 - type: integer 
	Parameter L_STOP_POS_MDOM_WVB_CONF_BUNDLE_CNST_RUN bound to: 39 - type: integer 
	Parameter L_WIDTH_MDOM_WVB_CONF_BUNDLE_ZERO_PAD bound to: 0 - type: integer 
	Parameter L_WIDTH_MDOM_WVB_CONF_BUNDLE bound to: 40 - type: integer 
INFO: [Synth 8-6155] done synthesizing module 'mDOM_wvb_conf_bundle_fan_out' (7#1) [C:/Users/i3devmachine/mdom/updates/mdommb_rev1_fw/hdl/bundles/mDOM_wvb_conf_bundle/mDOM_wvb_conf_bundle_fan_out.v:1]
INFO: [Synth 8-6157] synthesizing module 'mDOM_bsum_bundle_fan_out' [C:/Users/i3devmachine/mdom/updates/mdommb_rev1_fw/hdl/bundles/mDOM_bsum_bundle/mDOM_bsum_bundle_fan_out.v:1]
	Parameter L_WIDTH_MDOM_BSUM_BUNDLE_PAUSE bound to: 1 - type: integer 
	Parameter L_WIDTH_MDOM_BSUM_BUNDLE_PAUSE_OVERRIDE bound to: 1 - type: integer 
	Parameter L_WIDTH_MDOM_BSUM_BUNDLE_SUM_LEN_SEL bound to: 3 - type: integer 
	Parameter L_WIDTH_MDOM_BSUM_BUNDLE_PAUSE_LEN bound to: 16 - type: integer 
	Parameter L_WIDTH_MDOM_BSUM_BUNDLE_DEV_LOW bound to: 12 - type: integer 
	Parameter L_WIDTH_MDOM_BSUM_BUNDLE_DEV_HIGH bound to: 12 - type: integer 
	Parameter L_START_POS_MDOM_BSUM_BUNDLE_PAUSE bound to: 0 - type: integer 
	Parameter L_START_POS_MDOM_BSUM_BUNDLE_PAUSE_OVERRIDE bound to: 1 - type: integer 
	Parameter L_START_POS_MDOM_BSUM_BUNDLE_SUM_LEN_SEL bound to: 2 - type: integer 
	Parameter L_START_POS_MDOM_BSUM_BUNDLE_PAUSE_LEN bound to: 5 - type: integer 
	Parameter L_START_POS_MDOM_BSUM_BUNDLE_DEV_LOW bound to: 21 - type: integer 
	Parameter L_START_POS_MDOM_BSUM_BUNDLE_DEV_HIGH bound to: 33 - type: integer 
	Parameter L_STOP_POS_MDOM_BSUM_BUNDLE_PAUSE bound to: 0 - type: integer 
	Parameter L_STOP_POS_MDOM_BSUM_BUNDLE_PAUSE_OVERRIDE bound to: 1 - type: integer 
	Parameter L_STOP_POS_MDOM_BSUM_BUNDLE_SUM_LEN_SEL bound to: 4 - type: integer 
	Parameter L_STOP_POS_MDOM_BSUM_BUNDLE_PAUSE_LEN bound to: 20 - type: integer 
	Parameter L_STOP_POS_MDOM_BSUM_BUNDLE_DEV_LOW bound to: 32 - type: integer 
	Parameter L_STOP_POS_MDOM_BSUM_BUNDLE_DEV_HIGH bound to: 44 - type: integer 
	Parameter L_WIDTH_MDOM_BSUM_BUNDLE_ZERO_PAD bound to: 0 - type: integer 
	Parameter L_WIDTH_MDOM_BSUM_BUNDLE bound to: 45 - type: integer 
INFO: [Synth 8-6155] done synthesizing module 'mDOM_bsum_bundle_fan_out' (8#1) [C:/Users/i3devmachine/mdom/updates/mdommb_rev1_fw/hdl/bundles/mDOM_bsum_bundle/mDOM_bsum_bundle_fan_out.v:1]
INFO: [Synth 8-6157] synthesizing module 'mdom_trigger' [C:/Users/i3devmachine/mdom/updates/mdommb_rev1_fw/hdl/mdom_trigger/mdom_trigger.v:7]
	Parameter TRIG_SRC_SW bound to: 2'b00 
	Parameter TRIG_SRC_THRESH bound to: 2'b01 
	Parameter TRIG_SRC_DISCR bound to: 2'b10 
	Parameter TRIG_SRC_EXT bound to: 2'b11 
INFO: [Synth 8-5534] Detected attribute (* DONT_TOUCH = "true" *) [C:/Users/i3devmachine/mdom/updates/mdommb_rev1_fw/hdl/mdom_trigger/mdom_trigger.v:50]
INFO: [Synth 8-6157] synthesizing module 'posedge_detector' [C:/Users/i3devmachine/mdom/updates/mdommb_rev1_fw/hdl/posedge_detector/posedge_detector.v:5]
INFO: [Synth 8-6155] done synthesizing module 'posedge_detector' (9#1) [C:/Users/i3devmachine/mdom/updates/mdommb_rev1_fw/hdl/posedge_detector/posedge_detector.v:5]
INFO: [Synth 8-6157] synthesizing module 'cmp' [C:/Users/i3devmachine/mdom/updates/mdommb_rev1_fw/hdl/cmp/cmp.v:15]
INFO: [Synth 8-6155] done synthesizing module 'cmp' (10#1) [C:/Users/i3devmachine/mdom/updates/mdommb_rev1_fw/hdl/cmp/cmp.v:15]
INFO: [Synth 8-6155] done synthesizing module 'mdom_trigger' (11#1) [C:/Users/i3devmachine/mdom/updates/mdommb_rev1_fw/hdl/mdom_trigger/mdom_trigger.v:7]
INFO: [Synth 8-6157] synthesizing module 'deviation_detector' [C:/Users/i3devmachine/mdom/updates/mdommb_rev1_fw/hdl/rollingsum/deviation_detector.v:15]
	Parameter SAMPLEBITS bound to: 12 - type: integer 
	Parameter SUMBITS bound to: 19 - type: integer 
	Parameter SHIFTBITS bound to: 3 - type: integer 
INFO: [Synth 8-6155] done synthesizing module 'deviation_detector' (12#1) [C:/Users/i3devmachine/mdom/updates/mdommb_rev1_fw/hdl/rollingsum/deviation_detector.v:15]
INFO: [Synth 8-6157] synthesizing module 'rollingsum_lutram' [C:/Users/i3devmachine/mdom/updates/mdommb_rev1_fw/hdl/rollingsum/rollingsum_lutram.v:9]
	Parameter SAMPLEBITS bound to: 12 - type: integer 
	Parameter ADDRBITS bound to: 7 - type: integer 
	Parameter INPUT_DELAY bound to: 5 - type: integer 
	Parameter MAX_SUM_LEN bound to: 32'b00000000000000000000000010000000 
	Parameter MIN_SUM_LEN bound to: 32'b00000000000000000000000000000011 
	Parameter SUMBITS bound to: 19 - type: integer 
	Parameter S_FILLING bound to: 2'b00 
	Parameter S_ROLLING bound to: 2'b01 
	Parameter S_LENGTHONE bound to: 2'b10 
INFO: [Synth 8-6157] synthesizing module 'pulse_extender' [C:/Users/i3devmachine/mdom/updates/mdommb_rev1_fw/hdl/pulse_extender/pulse_extender.v:13]
	Parameter P_N_WIDTH bound to: 16 - type: integer 
	Parameter S_IDLE bound to: 0 - type: integer 
	Parameter S_HIGH bound to: 1 - type: integer 
	Parameter S_HOLD bound to: 2 - type: integer 
INFO: [Synth 8-6155] done synthesizing module 'pulse_extender' (13#1) [C:/Users/i3devmachine/mdom/updates/mdommb_rev1_fw/hdl/pulse_extender/pulse_extender.v:13]
INFO: [Synth 8-6157] synthesizing module 'delay__parameterized0' [C:/Users/i3devmachine/mdom/updates/mdommb_rev1_fw/hdl/delay/delay.v:10]
	Parameter DELAY bound to: 5 - type: integer 
	Parameter BITS bound to: 12 - type: integer 
	Parameter DEFAULT bound to: 1'b0 
INFO: [Synth 8-6157] synthesizing module 'delay_n__parameterized0' [C:/Users/i3devmachine/mdom/updates/mdommb_rev1_fw/hdl/delay/delay_n.v:8]
	Parameter DELAY bound to: 5 - type: integer 
	Parameter BITS bound to: 12 - type: integer 
	Parameter DEFAULT bound to: 1'b0 
INFO: [Synth 8-6155] done synthesizing module 'delay_n__parameterized0' (13#1) [C:/Users/i3devmachine/mdom/updates/mdommb_rev1_fw/hdl/delay/delay_n.v:8]
INFO: [Synth 8-6155] done synthesizing module 'delay__parameterized0' (13#1) [C:/Users/i3devmachine/mdom/updates/mdommb_rev1_fw/hdl/delay/delay.v:10]
INFO: [Synth 8-6157] synthesizing module 'DIST_BUFFER_128_12' [C:/Users/i3devmachine/mdom/updates/mdommb_rev1_fw/mDOM_mb_rev1.runs/synth_1/.Xil/Vivado-36800-i3DevBox/realtime/DIST_BUFFER_128_12_stub.v:6]
INFO: [Synth 8-6155] done synthesizing module 'DIST_BUFFER_128_12' (14#1) [C:/Users/i3devmachine/mdom/updates/mdommb_rev1_fw/mDOM_mb_rev1.runs/synth_1/.Xil/Vivado-36800-i3DevBox/realtime/DIST_BUFFER_128_12_stub.v:6]
INFO: [Synth 8-6155] done synthesizing module 'rollingsum_lutram' (15#1) [C:/Users/i3devmachine/mdom/updates/mdommb_rev1_fw/hdl/rollingsum/rollingsum_lutram.v:9]
INFO: [Synth 8-6157] synthesizing module 'waveform_buffer' [C:/Users/i3devmachine/mdom/updates/mdommb_rev1_fw/hdl/waveform_buffer/waveform_buffer.v:7]
	Parameter P_DATA_WIDTH bound to: 170 - type: integer 
	Parameter P_ADR_WIDTH bound to: 9 - type: integer 
	Parameter P_HDR_WIDTH bound to: 102 - type: integer 
	Parameter P_LTC_WIDTH bound to: 49 - type: integer 
	Parameter P_N_WVF_IN_BUF_WIDTH bound to: 16 - type: integer 
	Parameter P_CONST_CONF_WIDTH bound to: 12 - type: integer 
	Parameter P_TEST_CONF_WIDTH bound to: 12 - type: integer 
	Parameter P_PRE_CONF_WIDTH bound to: 5 - type: integer 
	Parameter P_POST_CONF_WIDTH bound to: 8 - type: integer 
	Parameter P_BSUM_WIDTH bound to: 19 - type: integer 
	Parameter P_BSUM_LEN_SEL_WIDTH bound to: 3 - type: integer 
	Parameter PER_CYCLE_DATA_WIDTH bound to: 22 - type: integer 
INFO: [Synth 8-5534] Detected attribute (* DONT_TOUCH = "true" *) [C:/Users/i3devmachine/mdom/updates/mdommb_rev1_fw/hdl/waveform_buffer/waveform_buffer.v:72]
INFO: [Synth 8-6157] synthesizing module 'pretrigger_buffer' [C:/Users/i3devmachine/mdom/updates/mdommb_rev1_fw/hdl/pretrigger_buffer/pretrigger_buffer.v:8]
	Parameter P_PRE_CONF_WIDTH bound to: 5 - type: integer 
	Parameter P_DATA_WIDTH bound to: 22 - type: integer 
	Parameter P_USE_DISTRIBUTED_RAM bound to: 1 - type: integer 
	Parameter RDY_CNT bound to: 32'b00000000000000000000000000100000 
	Parameter RD_ADDR_OFFSET bound to: 32'b00000000000000000000000000000010 
INFO: [Synth 8-6157] synthesizing module 'DIST_BUFFER_32_22' [C:/Users/i3devmachine/mdom/updates/mdommb_rev1_fw/mDOM_mb_rev1.runs/synth_1/.Xil/Vivado-36800-i3DevBox/realtime/DIST_BUFFER_32_22_stub.v:6]
INFO: [Synth 8-6155] done synthesizing module 'DIST_BUFFER_32_22' (16#1) [C:/Users/i3devmachine/mdom/updates/mdommb_rev1_fw/mDOM_mb_rev1.runs/synth_1/.Xil/Vivado-36800-i3DevBox/realtime/DIST_BUFFER_32_22_stub.v:6]
INFO: [Synth 8-6155] done synthesizing module 'pretrigger_buffer' (17#1) [C:/Users/i3devmachine/mdom/updates/mdommb_rev1_fw/hdl/pretrigger_buffer/pretrigger_buffer.v:8]
INFO: [Synth 8-6157] synthesizing module 'waveform_buffer_storage' [C:/Users/i3devmachine/mdom/updates/mdommb_rev1_fw/hdl/waveform_buffer_storage/waveform_buffer_storage.v:7]
	Parameter P_DATA_WIDTH bound to: 170 - type: integer 
	Parameter PER_CYCLE_DATA_WIDTH bound to: 22 - type: integer 
	Parameter P_ADR_WIDTH bound to: 9 - type: integer 
	Parameter P_HDR_WIDTH bound to: 102 - type: integer 
	Parameter P_N_WVF_IN_BUF_WIDTH bound to: 16 - type: integer 
	Parameter WORD_DATA_WIDTH bound to: 21 - type: integer 
	Parameter N_WDS_PER_WRITE bound to: 8 - type: integer 
INFO: [Synth 8-6157] synthesizing module 'MDOM_CHANNEL_BUFFER' [C:/Users/i3devmachine/mdom/updates/mdommb_rev1_fw/mDOM_mb_rev1.runs/synth_1/.Xil/Vivado-36800-i3DevBox/realtime/MDOM_CHANNEL_BUFFER_stub.v:6]
INFO: [Synth 8-6155] done synthesizing module 'MDOM_CHANNEL_BUFFER' (18#1) [C:/Users/i3devmachine/mdom/updates/mdommb_rev1_fw/mDOM_mb_rev1.runs/synth_1/.Xil/Vivado-36800-i3DevBox/realtime/MDOM_CHANNEL_BUFFER_stub.v:6]
INFO: [Synth 8-6157] synthesizing module 'distributed_hdr_fifo' [C:/Users/i3devmachine/mdom/updates/mdommb_rev1_fw/hdl/distributed_hdr_fifo/distributed_hdr_fifo.v:6]
INFO: [Synth 8-6157] synthesizing module 'MDOM_CHANNEL_HDR_FIFO' [C:/Users/i3devmachine/mdom/updates/mdommb_rev1_fw/mDOM_mb_rev1.runs/synth_1/.Xil/Vivado-36800-i3DevBox/realtime/MDOM_CHANNEL_HDR_FIFO_stub.v:6]
INFO: [Synth 8-6155] done synthesizing module 'MDOM_CHANNEL_HDR_FIFO' (19#1) [C:/Users/i3devmachine/mdom/updates/mdommb_rev1_fw/mDOM_mb_rev1.runs/synth_1/.Xil/Vivado-36800-i3DevBox/realtime/MDOM_CHANNEL_HDR_FIFO_stub.v:6]
INFO: [Synth 8-6155] done synthesizing module 'distributed_hdr_fifo' (20#1) [C:/Users/i3devmachine/mdom/updates/mdommb_rev1_fw/hdl/distributed_hdr_fifo/distributed_hdr_fifo.v:6]
INFO: [Synth 8-6155] done synthesizing module 'waveform_buffer_storage' (21#1) [C:/Users/i3devmachine/mdom/updates/mdommb_rev1_fw/hdl/waveform_buffer_storage/waveform_buffer_storage.v:7]
INFO: [Synth 8-6157] synthesizing module 'wvb_wr_ctrl' [C:/Users/i3devmachine/mdom/updates/mdommb_rev1_fw/hdl/wvb_wr_ctrl/wvb_wr_ctrl.v:7]
	Parameter P_ADR_WIDTH bound to: 9 - type: integer 
	Parameter P_HDR_WIDTH bound to: 102 - type: integer 
	Parameter P_LTC_WIDTH bound to: 49 - type: integer 
	Parameter P_CONST_CONF_WIDTH bound to: 12 - type: integer 
	Parameter P_TEST_CONF_WIDTH bound to: 12 - type: integer 
	Parameter P_PRE_CONF_WIDTH bound to: 5 - type: integer 
	Parameter P_POST_CONF_WIDTH bound to: 8 - type: integer 
	Parameter P_BSUM_WIDTH bound to: 19 - type: integer 
	Parameter P_BSUM_LEN_SEL_WIDTH bound to: 3 - type: integer 
	Parameter TRIG_SRC_SW bound to: 2'b00 
	Parameter TRIG_SRC_THRESH bound to: 2'b01 
	Parameter TRIG_SRC_DISCR bound to: 2'b10 
	Parameter TRIG_SRC_EXT bound to: 2'b11 
	Parameter L_WIDTH_MDOM_WVB_HDR_BUNDLE_2_EVT_LTC bound to: 49 - type: integer 
	Parameter L_WIDTH_MDOM_WVB_HDR_BUNDLE_2_START_ADDR bound to: 11 - type: integer 
	Parameter L_WIDTH_MDOM_WVB_HDR_BUNDLE_2_STOP_ADDR bound to: 11 - type: integer 
	Parameter L_WIDTH_MDOM_WVB_HDR_BUNDLE_2_TRIG_SRC bound to: 2 - type: integer 
	Parameter L_WIDTH_MDOM_WVB_HDR_BUNDLE_2_CNST_RUN bound to: 1 - type: integer 
	Parameter L_WIDTH_MDOM_WVB_HDR_BUNDLE_2_PRE_CONF bound to: 5 - type: integer 
	Parameter L_WIDTH_MDOM_WVB_HDR_BUNDLE_2_SYNC_RDY bound to: 1 - type: integer 
	Parameter L_WIDTH_MDOM_WVB_HDR_BUNDLE_2_BSUM bound to: 19 - type: integer 
	Parameter L_WIDTH_MDOM_WVB_HDR_BUNDLE_2_BSUM_LEN_SEL bound to: 3 - type: integer 
	Parameter L_WIDTH_MDOM_WVB_HDR_BUNDLE_2_BSUM_VALID bound to: 1 - type: integer 
	Parameter L_START_POS_MDOM_WVB_HDR_BUNDLE_2_EVT_LTC bound to: 0 - type: integer 
	Parameter L_START_POS_MDOM_WVB_HDR_BUNDLE_2_START_ADDR bound to: 49 - type: integer 
	Parameter L_START_POS_MDOM_WVB_HDR_BUNDLE_2_STOP_ADDR bound to: 60 - type: integer 
	Parameter L_START_POS_MDOM_WVB_HDR_BUNDLE_2_TRIG_SRC bound to: 71 - type: integer 
	Parameter L_START_POS_MDOM_WVB_HDR_BUNDLE_2_CNST_RUN bound to: 73 - type: integer 
	Parameter L_START_POS_MDOM_WVB_HDR_BUNDLE_2_PRE_CONF bound to: 74 - type: integer 
	Parameter L_START_POS_MDOM_WVB_HDR_BUNDLE_2_SYNC_RDY bound to: 79 - type: integer 
	Parameter L_START_POS_MDOM_WVB_HDR_BUNDLE_2_BSUM bound to: 80 - type: integer 
	Parameter L_START_POS_MDOM_WVB_HDR_BUNDLE_2_BSUM_LEN_SEL bound to: 99 - type: integer 
	Parameter L_START_POS_MDOM_WVB_HDR_BUNDLE_2_BSUM_VALID bound to: 102 - type: integer 
	Parameter L_STOP_POS_MDOM_WVB_HDR_BUNDLE_2_EVT_LTC bound to: 48 - type: integer 
	Parameter L_STOP_POS_MDOM_WVB_HDR_BUNDLE_2_START_ADDR bound to: 59 - type: integer 
	Parameter L_STOP_POS_MDOM_WVB_HDR_BUNDLE_2_STOP_ADDR bound to: 70 - type: integer 
	Parameter L_STOP_POS_MDOM_WVB_HDR_BUNDLE_2_TRIG_SRC bound to: 72 - type: integer 
	Parameter L_STOP_POS_MDOM_WVB_HDR_BUNDLE_2_CNST_RUN bound to: 73 - type: integer 
	Parameter L_STOP_POS_MDOM_WVB_HDR_BUNDLE_2_PRE_CONF bound to: 78 - type: integer 
	Parameter L_STOP_POS_MDOM_WVB_HDR_BUNDLE_2_SYNC_RDY bound to: 79 - type: integer 
	Parameter L_STOP_POS_MDOM_WVB_HDR_BUNDLE_2_BSUM bound to: 98 - type: integer 
	Parameter L_STOP_POS_MDOM_WVB_HDR_BUNDLE_2_BSUM_LEN_SEL bound to: 101 - type: integer 
	Parameter L_STOP_POS_MDOM_WVB_HDR_BUNDLE_2_BSUM_VALID bound to: 102 - type: integer 
	Parameter L_WIDTH_MDOM_WVB_HDR_BUNDLE_2_ZERO_PAD bound to: 0 - type: integer 
	Parameter L_WIDTH_MDOM_WVB_HDR_BUNDLE_2 bound to: 103 - type: integer 
	Parameter L_WIDTH_MDOM_WVB_HDR_BUNDLE_3_EVT_LTC bound to: 49 - type: integer 
	Parameter L_WIDTH_MDOM_WVB_HDR_BUNDLE_3_START_ADDR bound to: 11 - type: integer 
	Parameter L_WIDTH_MDOM_WVB_HDR_BUNDLE_3_STOP_ADDR bound to: 11 - type: integer 
	Parameter L_WIDTH_MDOM_WVB_HDR_BUNDLE_3_TRIG_SRC bound to: 2 - type: integer 
	Parameter L_WIDTH_MDOM_WVB_HDR_BUNDLE_3_CNST_RUN bound to: 1 - type: integer 
	Parameter L_WIDTH_MDOM_WVB_HDR_BUNDLE_3_PRE_CONF bound to: 5 - type: integer 
	Parameter L_WIDTH_MDOM_WVB_HDR_BUNDLE_3_SYNC_RDY bound to: 1 - type: integer 
	Parameter L_WIDTH_MDOM_WVB_HDR_BUNDLE_3_BSUM bound to: 19 - type: integer 
	Parameter L_WIDTH_MDOM_WVB_HDR_BUNDLE_3_BSUM_LEN_SEL bound to: 3 - type: integer 
	Parameter L_WIDTH_MDOM_WVB_HDR_BUNDLE_3_BSUM_VALID bound to: 1 - type: integer 
	Parameter L_WIDTH_MDOM_WVB_HDR_BUNDLE_3_LOCAL_COINC bound to: 1 - type: integer 
	Parameter L_START_POS_MDOM_WVB_HDR_BUNDLE_3_EVT_LTC bound to: 0 - type: integer 
	Parameter L_START_POS_MDOM_WVB_HDR_BUNDLE_3_START_ADDR bound to: 49 - type: integer 
	Parameter L_START_POS_MDOM_WVB_HDR_BUNDLE_3_STOP_ADDR bound to: 60 - type: integer 
	Parameter L_START_POS_MDOM_WVB_HDR_BUNDLE_3_TRIG_SRC bound to: 71 - type: integer 
	Parameter L_START_POS_MDOM_WVB_HDR_BUNDLE_3_CNST_RUN bound to: 73 - type: integer 
	Parameter L_START_POS_MDOM_WVB_HDR_BUNDLE_3_PRE_CONF bound to: 74 - type: integer 
	Parameter L_START_POS_MDOM_WVB_HDR_BUNDLE_3_SYNC_RDY bound to: 79 - type: integer 
	Parameter L_START_POS_MDOM_WVB_HDR_BUNDLE_3_BSUM bound to: 80 - type: integer 
	Parameter L_START_POS_MDOM_WVB_HDR_BUNDLE_3_BSUM_LEN_SEL bound to: 99 - type: integer 
	Parameter L_START_POS_MDOM_WVB_HDR_BUNDLE_3_BSUM_VALID bound to: 102 - type: integer 
	Parameter L_START_POS_MDOM_WVB_HDR_BUNDLE_3_LOCAL_COINC bound to: 103 - type: integer 
	Parameter L_STOP_POS_MDOM_WVB_HDR_BUNDLE_3_EVT_LTC bound to: 48 - type: integer 
	Parameter L_STOP_POS_MDOM_WVB_HDR_BUNDLE_3_START_ADDR bound to: 59 - type: integer 
	Parameter L_STOP_POS_MDOM_WVB_HDR_BUNDLE_3_STOP_ADDR bound to: 70 - type: integer 
	Parameter L_STOP_POS_MDOM_WVB_HDR_BUNDLE_3_TRIG_SRC bound to: 72 - type: integer 
	Parameter L_STOP_POS_MDOM_WVB_HDR_BUNDLE_3_CNST_RUN bound to: 73 - type: integer 
	Parameter L_STOP_POS_MDOM_WVB_HDR_BUNDLE_3_PRE_CONF bound to: 78 - type: integer 
	Parameter L_STOP_POS_MDOM_WVB_HDR_BUNDLE_3_SYNC_RDY bound to: 79 - type: integer 
	Parameter L_STOP_POS_MDOM_WVB_HDR_BUNDLE_3_BSUM bound to: 98 - type: integer 
	Parameter L_STOP_POS_MDOM_WVB_HDR_BUNDLE_3_BSUM_LEN_SEL bound to: 101 - type: integer 
	Parameter L_STOP_POS_MDOM_WVB_HDR_BUNDLE_3_BSUM_VALID bound to: 102 - type: integer 
	Parameter L_STOP_POS_MDOM_WVB_HDR_BUNDLE_3_LOCAL_COINC bound to: 103 - type: integer 
	Parameter L_WIDTH_MDOM_WVB_HDR_BUNDLE_3_ZERO_PAD bound to: 0 - type: integer 
	Parameter L_WIDTH_MDOM_WVB_HDR_BUNDLE_3 bound to: 104 - type: integer 
	Parameter L_WIDTH_MDOM_WVB_HDR_BUNDLE_4_EVT_LTC bound to: 49 - type: integer 
	Parameter L_WIDTH_MDOM_WVB_HDR_BUNDLE_4_START_ADDR bound to: 9 - type: integer 
	Parameter L_WIDTH_MDOM_WVB_HDR_BUNDLE_4_STOP_ADDR bound to: 9 - type: integer 
	Parameter L_WIDTH_MDOM_WVB_HDR_BUNDLE_4_TRIG_SRC bound to: 2 - type: integer 
	Parameter L_WIDTH_MDOM_WVB_HDR_BUNDLE_4_CNST_RUN bound to: 1 - type: integer 
	Parameter L_WIDTH_MDOM_WVB_HDR_BUNDLE_4_PRE_CONF bound to: 5 - type: integer 
	Parameter L_WIDTH_MDOM_WVB_HDR_BUNDLE_4_SYNC_RDY bound to: 1 - type: integer 
	Parameter L_WIDTH_MDOM_WVB_HDR_BUNDLE_4_BSUM bound to: 19 - type: integer 
	Parameter L_WIDTH_MDOM_WVB_HDR_BUNDLE_4_BSUM_LEN_SEL bound to: 3 - type: integer 
	Parameter L_WIDTH_MDOM_WVB_HDR_BUNDLE_4_BSUM_VALID bound to: 1 - type: integer 
	Parameter L_WIDTH_MDOM_WVB_HDR_BUNDLE_4_LOCAL_COINC bound to: 1 - type: integer 
	Parameter L_WIDTH_MDOM_WVB_HDR_BUNDLE_4_PARTIAL_WFM bound to: 1 - type: integer 
	Parameter L_WIDTH_MDOM_WVB_HDR_BUNDLE_4_CONTINUED_WFM bound to: 1 - type: integer 
	Parameter L_START_POS_MDOM_WVB_HDR_BUNDLE_4_EVT_LTC bound to: 0 - type: integer 
	Parameter L_START_POS_MDOM_WVB_HDR_BUNDLE_4_START_ADDR bound to: 49 - type: integer 
	Parameter L_START_POS_MDOM_WVB_HDR_BUNDLE_4_STOP_ADDR bound to: 58 - type: integer 
	Parameter L_START_POS_MDOM_WVB_HDR_BUNDLE_4_TRIG_SRC bound to: 67 - type: integer 
	Parameter L_START_POS_MDOM_WVB_HDR_BUNDLE_4_CNST_RUN bound to: 69 - type: integer 
	Parameter L_START_POS_MDOM_WVB_HDR_BUNDLE_4_PRE_CONF bound to: 70 - type: integer 
	Parameter L_START_POS_MDOM_WVB_HDR_BUNDLE_4_SYNC_RDY bound to: 75 - type: integer 
	Parameter L_START_POS_MDOM_WVB_HDR_BUNDLE_4_BSUM bound to: 76 - type: integer 
	Parameter L_START_POS_MDOM_WVB_HDR_BUNDLE_4_BSUM_LEN_SEL bound to: 95 - type: integer 
	Parameter L_START_POS_MDOM_WVB_HDR_BUNDLE_4_BSUM_VALID bound to: 98 - type: integer 
	Parameter L_START_POS_MDOM_WVB_HDR_BUNDLE_4_LOCAL_COINC bound to: 99 - type: integer 
	Parameter L_START_POS_MDOM_WVB_HDR_BUNDLE_4_PARTIAL_WFM bound to: 100 - type: integer 
	Parameter L_START_POS_MDOM_WVB_HDR_BUNDLE_4_CONTINUED_WFM bound to: 101 - type: integer 
	Parameter L_STOP_POS_MDOM_WVB_HDR_BUNDLE_4_EVT_LTC bound to: 48 - type: integer 
	Parameter L_STOP_POS_MDOM_WVB_HDR_BUNDLE_4_START_ADDR bound to: 57 - type: integer 
	Parameter L_STOP_POS_MDOM_WVB_HDR_BUNDLE_4_STOP_ADDR bound to: 66 - type: integer 
	Parameter L_STOP_POS_MDOM_WVB_HDR_BUNDLE_4_TRIG_SRC bound to: 68 - type: integer 
	Parameter L_STOP_POS_MDOM_WVB_HDR_BUNDLE_4_CNST_RUN bound to: 69 - type: integer 
	Parameter L_STOP_POS_MDOM_WVB_HDR_BUNDLE_4_PRE_CONF bound to: 74 - type: integer 
	Parameter L_STOP_POS_MDOM_WVB_HDR_BUNDLE_4_SYNC_RDY bound to: 75 - type: integer 
	Parameter L_STOP_POS_MDOM_WVB_HDR_BUNDLE_4_BSUM bound to: 94 - type: integer 
	Parameter L_STOP_POS_MDOM_WVB_HDR_BUNDLE_4_BSUM_LEN_SEL bound to: 97 - type: integer 
	Parameter L_STOP_POS_MDOM_WVB_HDR_BUNDLE_4_BSUM_VALID bound to: 98 - type: integer 
	Parameter L_STOP_POS_MDOM_WVB_HDR_BUNDLE_4_LOCAL_COINC bound to: 99 - type: integer 
	Parameter L_STOP_POS_MDOM_WVB_HDR_BUNDLE_4_PARTIAL_WFM bound to: 100 - type: integer 
	Parameter L_STOP_POS_MDOM_WVB_HDR_BUNDLE_4_CONTINUED_WFM bound to: 101 - type: integer 
	Parameter L_WIDTH_MDOM_WVB_HDR_BUNDLE_4_ZERO_PAD bound to: 0 - type: integer 
	Parameter L_WIDTH_MDOM_WVB_HDR_BUNDLE_4 bound to: 102 - type: integer 
	Parameter MAX_WRITES_PER_PAYLOAD bound to: 127 - type: integer 
	Parameter S_IDLE bound to: 0 - type: integer 
	Parameter S_PRE bound to: 1 - type: integer 
	Parameter S_SOT bound to: 2 - type: integer 
	Parameter S_POST bound to: 3 - type: integer 
	Parameter S_TEST bound to: 4 - type: integer 
	Parameter S_CONST bound to: 5 - type: integer 
	Parameter PRE_CONF_MIN bound to: 3 - type: integer 
	Parameter POST_CONF_MIN bound to: 4 - type: integer 
	Parameter TEST_CONF_MIN bound to: 8 - type: integer 
	Parameter CONST_CONF_MIN bound to: 8 - type: integer 
INFO: [Synth 8-5534] Detected attribute (* DONT_TOUCH = "true" *) [C:/Users/i3devmachine/mdom/updates/mdommb_rev1_fw/hdl/wvb_wr_ctrl/wvb_wr_ctrl.v:58]
INFO: [Synth 8-6157] synthesizing module 'mDOM_wvb_hdr_bundle_4_fan_in' [C:/Users/i3devmachine/mdom/updates/mdommb_rev1_fw/hdl/bundles/mDOM_wvb_hdr_bundle_4/mDOM_wvb_hdr_bundle_4_fan_in.v:1]
	Parameter L_WIDTH_MDOM_WVB_HDR_BUNDLE_4_EVT_LTC bound to: 49 - type: integer 
	Parameter L_WIDTH_MDOM_WVB_HDR_BUNDLE_4_START_ADDR bound to: 9 - type: integer 
	Parameter L_WIDTH_MDOM_WVB_HDR_BUNDLE_4_STOP_ADDR bound to: 9 - type: integer 
	Parameter L_WIDTH_MDOM_WVB_HDR_BUNDLE_4_TRIG_SRC bound to: 2 - type: integer 
	Parameter L_WIDTH_MDOM_WVB_HDR_BUNDLE_4_CNST_RUN bound to: 1 - type: integer 
	Parameter L_WIDTH_MDOM_WVB_HDR_BUNDLE_4_PRE_CONF bound to: 5 - type: integer 
	Parameter L_WIDTH_MDOM_WVB_HDR_BUNDLE_4_SYNC_RDY bound to: 1 - type: integer 
	Parameter L_WIDTH_MDOM_WVB_HDR_BUNDLE_4_BSUM bound to: 19 - type: integer 
	Parameter L_WIDTH_MDOM_WVB_HDR_BUNDLE_4_BSUM_LEN_SEL bound to: 3 - type: integer 
	Parameter L_WIDTH_MDOM_WVB_HDR_BUNDLE_4_BSUM_VALID bound to: 1 - type: integer 
	Parameter L_WIDTH_MDOM_WVB_HDR_BUNDLE_4_LOCAL_COINC bound to: 1 - type: integer 
	Parameter L_WIDTH_MDOM_WVB_HDR_BUNDLE_4_PARTIAL_WFM bound to: 1 - type: integer 
	Parameter L_WIDTH_MDOM_WVB_HDR_BUNDLE_4_CONTINUED_WFM bound to: 1 - type: integer 
	Parameter L_START_POS_MDOM_WVB_HDR_BUNDLE_4_EVT_LTC bound to: 0 - type: integer 
	Parameter L_START_POS_MDOM_WVB_HDR_BUNDLE_4_START_ADDR bound to: 49 - type: integer 
	Parameter L_START_POS_MDOM_WVB_HDR_BUNDLE_4_STOP_ADDR bound to: 58 - type: integer 
	Parameter L_START_POS_MDOM_WVB_HDR_BUNDLE_4_TRIG_SRC bound to: 67 - type: integer 
	Parameter L_START_POS_MDOM_WVB_HDR_BUNDLE_4_CNST_RUN bound to: 69 - type: integer 
	Parameter L_START_POS_MDOM_WVB_HDR_BUNDLE_4_PRE_CONF bound to: 70 - type: integer 
	Parameter L_START_POS_MDOM_WVB_HDR_BUNDLE_4_SYNC_RDY bound to: 75 - type: integer 
	Parameter L_START_POS_MDOM_WVB_HDR_BUNDLE_4_BSUM bound to: 76 - type: integer 
	Parameter L_START_POS_MDOM_WVB_HDR_BUNDLE_4_BSUM_LEN_SEL bound to: 95 - type: integer 
	Parameter L_START_POS_MDOM_WVB_HDR_BUNDLE_4_BSUM_VALID bound to: 98 - type: integer 
	Parameter L_START_POS_MDOM_WVB_HDR_BUNDLE_4_LOCAL_COINC bound to: 99 - type: integer 
	Parameter L_START_POS_MDOM_WVB_HDR_BUNDLE_4_PARTIAL_WFM bound to: 100 - type: integer 
	Parameter L_START_POS_MDOM_WVB_HDR_BUNDLE_4_CONTINUED_WFM bound to: 101 - type: integer 
	Parameter L_STOP_POS_MDOM_WVB_HDR_BUNDLE_4_EVT_LTC bound to: 48 - type: integer 
	Parameter L_STOP_POS_MDOM_WVB_HDR_BUNDLE_4_START_ADDR bound to: 57 - type: integer 
	Parameter L_STOP_POS_MDOM_WVB_HDR_BUNDLE_4_STOP_ADDR bound to: 66 - type: integer 
	Parameter L_STOP_POS_MDOM_WVB_HDR_BUNDLE_4_TRIG_SRC bound to: 68 - type: integer 
	Parameter L_STOP_POS_MDOM_WVB_HDR_BUNDLE_4_CNST_RUN bound to: 69 - type: integer 
	Parameter L_STOP_POS_MDOM_WVB_HDR_BUNDLE_4_PRE_CONF bound to: 74 - type: integer 
	Parameter L_STOP_POS_MDOM_WVB_HDR_BUNDLE_4_SYNC_RDY bound to: 75 - type: integer 
	Parameter L_STOP_POS_MDOM_WVB_HDR_BUNDLE_4_BSUM bound to: 94 - type: integer 
	Parameter L_STOP_POS_MDOM_WVB_HDR_BUNDLE_4_BSUM_LEN_SEL bound to: 97 - type: integer 
	Parameter L_STOP_POS_MDOM_WVB_HDR_BUNDLE_4_BSUM_VALID bound to: 98 - type: integer 
	Parameter L_STOP_POS_MDOM_WVB_HDR_BUNDLE_4_LOCAL_COINC bound to: 99 - type: integer 
	Parameter L_STOP_POS_MDOM_WVB_HDR_BUNDLE_4_PARTIAL_WFM bound to: 100 - type: integer 
	Parameter L_STOP_POS_MDOM_WVB_HDR_BUNDLE_4_CONTINUED_WFM bound to: 101 - type: integer 
	Parameter L_WIDTH_MDOM_WVB_HDR_BUNDLE_4_ZERO_PAD bound to: 0 - type: integer 
	Parameter L_WIDTH_MDOM_WVB_HDR_BUNDLE_4 bound to: 102 - type: integer 
INFO: [Synth 8-6155] done synthesizing module 'mDOM_wvb_hdr_bundle_4_fan_in' (22#1) [C:/Users/i3devmachine/mdom/updates/mdommb_rev1_fw/hdl/bundles/mDOM_wvb_hdr_bundle_4/mDOM_wvb_hdr_bundle_4_fan_in.v:1]
INFO: [Synth 8-6155] done synthesizing module 'wvb_wr_ctrl' (23#1) [C:/Users/i3devmachine/mdom/updates/mdommb_rev1_fw/hdl/wvb_wr_ctrl/wvb_wr_ctrl.v:7]
INFO: [Synth 8-6157] synthesizing module 'wvb_rd_addr_ctrl' [C:/Users/i3devmachine/mdom/updates/mdommb_rev1_fw/hdl/waveform_buffer/wvb_rd_addr_ctrl.v:7]
	Parameter P_ADR_WIDTH bound to: 9 - type: integer 
	Parameter P_HDR_WIDTH bound to: 102 - type: integer 
	Parameter L_WIDTH_MDOM_WVB_HDR_BUNDLE_2_EVT_LTC bound to: 49 - type: integer 
	Parameter L_WIDTH_MDOM_WVB_HDR_BUNDLE_2_START_ADDR bound to: 11 - type: integer 
	Parameter L_WIDTH_MDOM_WVB_HDR_BUNDLE_2_STOP_ADDR bound to: 11 - type: integer 
	Parameter L_WIDTH_MDOM_WVB_HDR_BUNDLE_2_TRIG_SRC bound to: 2 - type: integer 
	Parameter L_WIDTH_MDOM_WVB_HDR_BUNDLE_2_CNST_RUN bound to: 1 - type: integer 
	Parameter L_WIDTH_MDOM_WVB_HDR_BUNDLE_2_PRE_CONF bound to: 5 - type: integer 
	Parameter L_WIDTH_MDOM_WVB_HDR_BUNDLE_2_SYNC_RDY bound to: 1 - type: integer 
	Parameter L_WIDTH_MDOM_WVB_HDR_BUNDLE_2_BSUM bound to: 19 - type: integer 
	Parameter L_WIDTH_MDOM_WVB_HDR_BUNDLE_2_BSUM_LEN_SEL bound to: 3 - type: integer 
	Parameter L_WIDTH_MDOM_WVB_HDR_BUNDLE_2_BSUM_VALID bound to: 1 - type: integer 
	Parameter L_START_POS_MDOM_WVB_HDR_BUNDLE_2_EVT_LTC bound to: 0 - type: integer 
	Parameter L_START_POS_MDOM_WVB_HDR_BUNDLE_2_START_ADDR bound to: 49 - type: integer 
	Parameter L_START_POS_MDOM_WVB_HDR_BUNDLE_2_STOP_ADDR bound to: 60 - type: integer 
	Parameter L_START_POS_MDOM_WVB_HDR_BUNDLE_2_TRIG_SRC bound to: 71 - type: integer 
	Parameter L_START_POS_MDOM_WVB_HDR_BUNDLE_2_CNST_RUN bound to: 73 - type: integer 
	Parameter L_START_POS_MDOM_WVB_HDR_BUNDLE_2_PRE_CONF bound to: 74 - type: integer 
	Parameter L_START_POS_MDOM_WVB_HDR_BUNDLE_2_SYNC_RDY bound to: 79 - type: integer 
	Parameter L_START_POS_MDOM_WVB_HDR_BUNDLE_2_BSUM bound to: 80 - type: integer 
	Parameter L_START_POS_MDOM_WVB_HDR_BUNDLE_2_BSUM_LEN_SEL bound to: 99 - type: integer 
	Parameter L_START_POS_MDOM_WVB_HDR_BUNDLE_2_BSUM_VALID bound to: 102 - type: integer 
	Parameter L_STOP_POS_MDOM_WVB_HDR_BUNDLE_2_EVT_LTC bound to: 48 - type: integer 
	Parameter L_STOP_POS_MDOM_WVB_HDR_BUNDLE_2_START_ADDR bound to: 59 - type: integer 
	Parameter L_STOP_POS_MDOM_WVB_HDR_BUNDLE_2_STOP_ADDR bound to: 70 - type: integer 
	Parameter L_STOP_POS_MDOM_WVB_HDR_BUNDLE_2_TRIG_SRC bound to: 72 - type: integer 
	Parameter L_STOP_POS_MDOM_WVB_HDR_BUNDLE_2_CNST_RUN bound to: 73 - type: integer 
	Parameter L_STOP_POS_MDOM_WVB_HDR_BUNDLE_2_PRE_CONF bound to: 78 - type: integer 
	Parameter L_STOP_POS_MDOM_WVB_HDR_BUNDLE_2_SYNC_RDY bound to: 79 - type: integer 
	Parameter L_STOP_POS_MDOM_WVB_HDR_BUNDLE_2_BSUM bound to: 98 - type: integer 
	Parameter L_STOP_POS_MDOM_WVB_HDR_BUNDLE_2_BSUM_LEN_SEL bound to: 101 - type: integer 
	Parameter L_STOP_POS_MDOM_WVB_HDR_BUNDLE_2_BSUM_VALID bound to: 102 - type: integer 
	Parameter L_WIDTH_MDOM_WVB_HDR_BUNDLE_2_ZERO_PAD bound to: 0 - type: integer 
	Parameter L_WIDTH_MDOM_WVB_HDR_BUNDLE_2 bound to: 103 - type: integer 
	Parameter L_WIDTH_MDOM_WVB_HDR_BUNDLE_3_EVT_LTC bound to: 49 - type: integer 
	Parameter L_WIDTH_MDOM_WVB_HDR_BUNDLE_3_START_ADDR bound to: 11 - type: integer 
	Parameter L_WIDTH_MDOM_WVB_HDR_BUNDLE_3_STOP_ADDR bound to: 11 - type: integer 
	Parameter L_WIDTH_MDOM_WVB_HDR_BUNDLE_3_TRIG_SRC bound to: 2 - type: integer 
	Parameter L_WIDTH_MDOM_WVB_HDR_BUNDLE_3_CNST_RUN bound to: 1 - type: integer 
	Parameter L_WIDTH_MDOM_WVB_HDR_BUNDLE_3_PRE_CONF bound to: 5 - type: integer 
	Parameter L_WIDTH_MDOM_WVB_HDR_BUNDLE_3_SYNC_RDY bound to: 1 - type: integer 
	Parameter L_WIDTH_MDOM_WVB_HDR_BUNDLE_3_BSUM bound to: 19 - type: integer 
	Parameter L_WIDTH_MDOM_WVB_HDR_BUNDLE_3_BSUM_LEN_SEL bound to: 3 - type: integer 
	Parameter L_WIDTH_MDOM_WVB_HDR_BUNDLE_3_BSUM_VALID bound to: 1 - type: integer 
	Parameter L_WIDTH_MDOM_WVB_HDR_BUNDLE_3_LOCAL_COINC bound to: 1 - type: integer 
	Parameter L_START_POS_MDOM_WVB_HDR_BUNDLE_3_EVT_LTC bound to: 0 - type: integer 
	Parameter L_START_POS_MDOM_WVB_HDR_BUNDLE_3_START_ADDR bound to: 49 - type: integer 
	Parameter L_START_POS_MDOM_WVB_HDR_BUNDLE_3_STOP_ADDR bound to: 60 - type: integer 
	Parameter L_START_POS_MDOM_WVB_HDR_BUNDLE_3_TRIG_SRC bound to: 71 - type: integer 
	Parameter L_START_POS_MDOM_WVB_HDR_BUNDLE_3_CNST_RUN bound to: 73 - type: integer 
	Parameter L_START_POS_MDOM_WVB_HDR_BUNDLE_3_PRE_CONF bound to: 74 - type: integer 
	Parameter L_START_POS_MDOM_WVB_HDR_BUNDLE_3_SYNC_RDY bound to: 79 - type: integer 
	Parameter L_START_POS_MDOM_WVB_HDR_BUNDLE_3_BSUM bound to: 80 - type: integer 
	Parameter L_START_POS_MDOM_WVB_HDR_BUNDLE_3_BSUM_LEN_SEL bound to: 99 - type: integer 
	Parameter L_START_POS_MDOM_WVB_HDR_BUNDLE_3_BSUM_VALID bound to: 102 - type: integer 
	Parameter L_START_POS_MDOM_WVB_HDR_BUNDLE_3_LOCAL_COINC bound to: 103 - type: integer 
	Parameter L_STOP_POS_MDOM_WVB_HDR_BUNDLE_3_EVT_LTC bound to: 48 - type: integer 
	Parameter L_STOP_POS_MDOM_WVB_HDR_BUNDLE_3_START_ADDR bound to: 59 - type: integer 
	Parameter L_STOP_POS_MDOM_WVB_HDR_BUNDLE_3_STOP_ADDR bound to: 70 - type: integer 
	Parameter L_STOP_POS_MDOM_WVB_HDR_BUNDLE_3_TRIG_SRC bound to: 72 - type: integer 
	Parameter L_STOP_POS_MDOM_WVB_HDR_BUNDLE_3_CNST_RUN bound to: 73 - type: integer 
	Parameter L_STOP_POS_MDOM_WVB_HDR_BUNDLE_3_PRE_CONF bound to: 78 - type: integer 
	Parameter L_STOP_POS_MDOM_WVB_HDR_BUNDLE_3_SYNC_RDY bound to: 79 - type: integer 
	Parameter L_STOP_POS_MDOM_WVB_HDR_BUNDLE_3_BSUM bound to: 98 - type: integer 
	Parameter L_STOP_POS_MDOM_WVB_HDR_BUNDLE_3_BSUM_LEN_SEL bound to: 101 - type: integer 
	Parameter L_STOP_POS_MDOM_WVB_HDR_BUNDLE_3_BSUM_VALID bound to: 102 - type: integer 
	Parameter L_STOP_POS_MDOM_WVB_HDR_BUNDLE_3_LOCAL_COINC bound to: 103 - type: integer 
	Parameter L_WIDTH_MDOM_WVB_HDR_BUNDLE_3_ZERO_PAD bound to: 0 - type: integer 
	Parameter L_WIDTH_MDOM_WVB_HDR_BUNDLE_3 bound to: 104 - type: integer 
	Parameter L_WIDTH_MDOM_WVB_HDR_BUNDLE_4_EVT_LTC bound to: 49 - type: integer 
	Parameter L_WIDTH_MDOM_WVB_HDR_BUNDLE_4_START_ADDR bound to: 9 - type: integer 
	Parameter L_WIDTH_MDOM_WVB_HDR_BUNDLE_4_STOP_ADDR bound to: 9 - type: integer 
	Parameter L_WIDTH_MDOM_WVB_HDR_BUNDLE_4_TRIG_SRC bound to: 2 - type: integer 
	Parameter L_WIDTH_MDOM_WVB_HDR_BUNDLE_4_CNST_RUN bound to: 1 - type: integer 
	Parameter L_WIDTH_MDOM_WVB_HDR_BUNDLE_4_PRE_CONF bound to: 5 - type: integer 
	Parameter L_WIDTH_MDOM_WVB_HDR_BUNDLE_4_SYNC_RDY bound to: 1 - type: integer 
	Parameter L_WIDTH_MDOM_WVB_HDR_BUNDLE_4_BSUM bound to: 19 - type: integer 
	Parameter L_WIDTH_MDOM_WVB_HDR_BUNDLE_4_BSUM_LEN_SEL bound to: 3 - type: integer 
	Parameter L_WIDTH_MDOM_WVB_HDR_BUNDLE_4_BSUM_VALID bound to: 1 - type: integer 
	Parameter L_WIDTH_MDOM_WVB_HDR_BUNDLE_4_LOCAL_COINC bound to: 1 - type: integer 
	Parameter L_WIDTH_MDOM_WVB_HDR_BUNDLE_4_PARTIAL_WFM bound to: 1 - type: integer 
	Parameter L_WIDTH_MDOM_WVB_HDR_BUNDLE_4_CONTINUED_WFM bound to: 1 - type: integer 
	Parameter L_START_POS_MDOM_WVB_HDR_BUNDLE_4_EVT_LTC bound to: 0 - type: integer 
	Parameter L_START_POS_MDOM_WVB_HDR_BUNDLE_4_START_ADDR bound to: 49 - type: integer 
	Parameter L_START_POS_MDOM_WVB_HDR_BUNDLE_4_STOP_ADDR bound to: 58 - type: integer 
	Parameter L_START_POS_MDOM_WVB_HDR_BUNDLE_4_TRIG_SRC bound to: 67 - type: integer 
	Parameter L_START_POS_MDOM_WVB_HDR_BUNDLE_4_CNST_RUN bound to: 69 - type: integer 
	Parameter L_START_POS_MDOM_WVB_HDR_BUNDLE_4_PRE_CONF bound to: 70 - type: integer 
	Parameter L_START_POS_MDOM_WVB_HDR_BUNDLE_4_SYNC_RDY bound to: 75 - type: integer 
	Parameter L_START_POS_MDOM_WVB_HDR_BUNDLE_4_BSUM bound to: 76 - type: integer 
	Parameter L_START_POS_MDOM_WVB_HDR_BUNDLE_4_BSUM_LEN_SEL bound to: 95 - type: integer 
	Parameter L_START_POS_MDOM_WVB_HDR_BUNDLE_4_BSUM_VALID bound to: 98 - type: integer 
	Parameter L_START_POS_MDOM_WVB_HDR_BUNDLE_4_LOCAL_COINC bound to: 99 - type: integer 
	Parameter L_START_POS_MDOM_WVB_HDR_BUNDLE_4_PARTIAL_WFM bound to: 100 - type: integer 
	Parameter L_START_POS_MDOM_WVB_HDR_BUNDLE_4_CONTINUED_WFM bound to: 101 - type: integer 
	Parameter L_STOP_POS_MDOM_WVB_HDR_BUNDLE_4_EVT_LTC bound to: 48 - type: integer 
	Parameter L_STOP_POS_MDOM_WVB_HDR_BUNDLE_4_START_ADDR bound to: 57 - type: integer 
	Parameter L_STOP_POS_MDOM_WVB_HDR_BUNDLE_4_STOP_ADDR bound to: 66 - type: integer 
	Parameter L_STOP_POS_MDOM_WVB_HDR_BUNDLE_4_TRIG_SRC bound to: 68 - type: integer 
	Parameter L_STOP_POS_MDOM_WVB_HDR_BUNDLE_4_CNST_RUN bound to: 69 - type: integer 
	Parameter L_STOP_POS_MDOM_WVB_HDR_BUNDLE_4_PRE_CONF bound to: 74 - type: integer 
	Parameter L_STOP_POS_MDOM_WVB_HDR_BUNDLE_4_SYNC_RDY bound to: 75 - type: integer 
	Parameter L_STOP_POS_MDOM_WVB_HDR_BUNDLE_4_BSUM bound to: 94 - type: integer 
	Parameter L_STOP_POS_MDOM_WVB_HDR_BUNDLE_4_BSUM_LEN_SEL bound to: 97 - type: integer 
	Parameter L_STOP_POS_MDOM_WVB_HDR_BUNDLE_4_BSUM_VALID bound to: 98 - type: integer 
	Parameter L_STOP_POS_MDOM_WVB_HDR_BUNDLE_4_LOCAL_COINC bound to: 99 - type: integer 
	Parameter L_STOP_POS_MDOM_WVB_HDR_BUNDLE_4_PARTIAL_WFM bound to: 100 - type: integer 
	Parameter L_STOP_POS_MDOM_WVB_HDR_BUNDLE_4_CONTINUED_WFM bound to: 101 - type: integer 
	Parameter L_WIDTH_MDOM_WVB_HDR_BUNDLE_4_ZERO_PAD bound to: 0 - type: integer 
	Parameter L_WIDTH_MDOM_WVB_HDR_BUNDLE_4 bound to: 102 - type: integer 
	Parameter HDR_WAIT_CNT bound to: 2 - type: integer 
INFO: [Synth 8-6157] synthesizing module 'mDOM_wvb_hdr_bundle_4_fan_out' [C:/Users/i3devmachine/mdom/updates/mdommb_rev1_fw/hdl/bundles/mDOM_wvb_hdr_bundle_4/mDOM_wvb_hdr_bundle_4_fan_out.v:1]
	Parameter L_WIDTH_MDOM_WVB_HDR_BUNDLE_4_EVT_LTC bound to: 49 - type: integer 
	Parameter L_WIDTH_MDOM_WVB_HDR_BUNDLE_4_START_ADDR bound to: 9 - type: integer 
	Parameter L_WIDTH_MDOM_WVB_HDR_BUNDLE_4_STOP_ADDR bound to: 9 - type: integer 
	Parameter L_WIDTH_MDOM_WVB_HDR_BUNDLE_4_TRIG_SRC bound to: 2 - type: integer 
	Parameter L_WIDTH_MDOM_WVB_HDR_BUNDLE_4_CNST_RUN bound to: 1 - type: integer 
	Parameter L_WIDTH_MDOM_WVB_HDR_BUNDLE_4_PRE_CONF bound to: 5 - type: integer 
	Parameter L_WIDTH_MDOM_WVB_HDR_BUNDLE_4_SYNC_RDY bound to: 1 - type: integer 
	Parameter L_WIDTH_MDOM_WVB_HDR_BUNDLE_4_BSUM bound to: 19 - type: integer 
	Parameter L_WIDTH_MDOM_WVB_HDR_BUNDLE_4_BSUM_LEN_SEL bound to: 3 - type: integer 
	Parameter L_WIDTH_MDOM_WVB_HDR_BUNDLE_4_BSUM_VALID bound to: 1 - type: integer 
	Parameter L_WIDTH_MDOM_WVB_HDR_BUNDLE_4_LOCAL_COINC bound to: 1 - type: integer 
	Parameter L_WIDTH_MDOM_WVB_HDR_BUNDLE_4_PARTIAL_WFM bound to: 1 - type: integer 
	Parameter L_WIDTH_MDOM_WVB_HDR_BUNDLE_4_CONTINUED_WFM bound to: 1 - type: integer 
	Parameter L_START_POS_MDOM_WVB_HDR_BUNDLE_4_EVT_LTC bound to: 0 - type: integer 
	Parameter L_START_POS_MDOM_WVB_HDR_BUNDLE_4_START_ADDR bound to: 49 - type: integer 
	Parameter L_START_POS_MDOM_WVB_HDR_BUNDLE_4_STOP_ADDR bound to: 58 - type: integer 
	Parameter L_START_POS_MDOM_WVB_HDR_BUNDLE_4_TRIG_SRC bound to: 67 - type: integer 
	Parameter L_START_POS_MDOM_WVB_HDR_BUNDLE_4_CNST_RUN bound to: 69 - type: integer 
	Parameter L_START_POS_MDOM_WVB_HDR_BUNDLE_4_PRE_CONF bound to: 70 - type: integer 
	Parameter L_START_POS_MDOM_WVB_HDR_BUNDLE_4_SYNC_RDY bound to: 75 - type: integer 
	Parameter L_START_POS_MDOM_WVB_HDR_BUNDLE_4_BSUM bound to: 76 - type: integer 
	Parameter L_START_POS_MDOM_WVB_HDR_BUNDLE_4_BSUM_LEN_SEL bound to: 95 - type: integer 
	Parameter L_START_POS_MDOM_WVB_HDR_BUNDLE_4_BSUM_VALID bound to: 98 - type: integer 
	Parameter L_START_POS_MDOM_WVB_HDR_BUNDLE_4_LOCAL_COINC bound to: 99 - type: integer 
	Parameter L_START_POS_MDOM_WVB_HDR_BUNDLE_4_PARTIAL_WFM bound to: 100 - type: integer 
	Parameter L_START_POS_MDOM_WVB_HDR_BUNDLE_4_CONTINUED_WFM bound to: 101 - type: integer 
	Parameter L_STOP_POS_MDOM_WVB_HDR_BUNDLE_4_EVT_LTC bound to: 48 - type: integer 
	Parameter L_STOP_POS_MDOM_WVB_HDR_BUNDLE_4_START_ADDR bound to: 57 - type: integer 
	Parameter L_STOP_POS_MDOM_WVB_HDR_BUNDLE_4_STOP_ADDR bound to: 66 - type: integer 
	Parameter L_STOP_POS_MDOM_WVB_HDR_BUNDLE_4_TRIG_SRC bound to: 68 - type: integer 
	Parameter L_STOP_POS_MDOM_WVB_HDR_BUNDLE_4_CNST_RUN bound to: 69 - type: integer 
	Parameter L_STOP_POS_MDOM_WVB_HDR_BUNDLE_4_PRE_CONF bound to: 74 - type: integer 
	Parameter L_STOP_POS_MDOM_WVB_HDR_BUNDLE_4_SYNC_RDY bound to: 75 - type: integer 
	Parameter L_STOP_POS_MDOM_WVB_HDR_BUNDLE_4_BSUM bound to: 94 - type: integer 
	Parameter L_STOP_POS_MDOM_WVB_HDR_BUNDLE_4_BSUM_LEN_SEL bound to: 97 - type: integer 
	Parameter L_STOP_POS_MDOM_WVB_HDR_BUNDLE_4_BSUM_VALID bound to: 98 - type: integer 
	Parameter L_STOP_POS_MDOM_WVB_HDR_BUNDLE_4_LOCAL_COINC bound to: 99 - type: integer 
	Parameter L_STOP_POS_MDOM_WVB_HDR_BUNDLE_4_PARTIAL_WFM bound to: 100 - type: integer 
	Parameter L_STOP_POS_MDOM_WVB_HDR_BUNDLE_4_CONTINUED_WFM bound to: 101 - type: integer 
	Parameter L_WIDTH_MDOM_WVB_HDR_BUNDLE_4_ZERO_PAD bound to: 0 - type: integer 
	Parameter L_WIDTH_MDOM_WVB_HDR_BUNDLE_4 bound to: 102 - type: integer 
INFO: [Synth 8-6155] done synthesizing module 'mDOM_wvb_hdr_bundle_4_fan_out' (24#1) [C:/Users/i3devmachine/mdom/updates/mdommb_rev1_fw/hdl/bundles/mDOM_wvb_hdr_bundle_4/mDOM_wvb_hdr_bundle_4_fan_out.v:1]
INFO: [Synth 8-6155] done synthesizing module 'wvb_rd_addr_ctrl' (25#1) [C:/Users/i3devmachine/mdom/updates/mdommb_rev1_fw/hdl/waveform_buffer/wvb_rd_addr_ctrl.v:7]
INFO: [Synth 8-6157] synthesizing module 'wvb_overflow_ctrl' [C:/Users/i3devmachine/mdom/updates/mdommb_rev1_fw/hdl/waveform_buffer/wvb_overflow_ctrl.v:7]
	Parameter P_ADR_WIDTH bound to: 9 - type: integer 
	Parameter P_HDR_WIDTH bound to: 102 - type: integer 
	Parameter P_LTC_WIDTH bound to: 49 - type: integer 
	Parameter L_WIDTH_MDOM_WVB_HDR_BUNDLE_2_EVT_LTC bound to: 49 - type: integer 
	Parameter L_WIDTH_MDOM_WVB_HDR_BUNDLE_2_START_ADDR bound to: 11 - type: integer 
	Parameter L_WIDTH_MDOM_WVB_HDR_BUNDLE_2_STOP_ADDR bound to: 11 - type: integer 
	Parameter L_WIDTH_MDOM_WVB_HDR_BUNDLE_2_TRIG_SRC bound to: 2 - type: integer 
	Parameter L_WIDTH_MDOM_WVB_HDR_BUNDLE_2_CNST_RUN bound to: 1 - type: integer 
	Parameter L_WIDTH_MDOM_WVB_HDR_BUNDLE_2_PRE_CONF bound to: 5 - type: integer 
	Parameter L_WIDTH_MDOM_WVB_HDR_BUNDLE_2_SYNC_RDY bound to: 1 - type: integer 
	Parameter L_WIDTH_MDOM_WVB_HDR_BUNDLE_2_BSUM bound to: 19 - type: integer 
	Parameter L_WIDTH_MDOM_WVB_HDR_BUNDLE_2_BSUM_LEN_SEL bound to: 3 - type: integer 
	Parameter L_WIDTH_MDOM_WVB_HDR_BUNDLE_2_BSUM_VALID bound to: 1 - type: integer 
	Parameter L_START_POS_MDOM_WVB_HDR_BUNDLE_2_EVT_LTC bound to: 0 - type: integer 
	Parameter L_START_POS_MDOM_WVB_HDR_BUNDLE_2_START_ADDR bound to: 49 - type: integer 
	Parameter L_START_POS_MDOM_WVB_HDR_BUNDLE_2_STOP_ADDR bound to: 60 - type: integer 
	Parameter L_START_POS_MDOM_WVB_HDR_BUNDLE_2_TRIG_SRC bound to: 71 - type: integer 
	Parameter L_START_POS_MDOM_WVB_HDR_BUNDLE_2_CNST_RUN bound to: 73 - type: integer 
	Parameter L_START_POS_MDOM_WVB_HDR_BUNDLE_2_PRE_CONF bound to: 74 - type: integer 
	Parameter L_START_POS_MDOM_WVB_HDR_BUNDLE_2_SYNC_RDY bound to: 79 - type: integer 
	Parameter L_START_POS_MDOM_WVB_HDR_BUNDLE_2_BSUM bound to: 80 - type: integer 
	Parameter L_START_POS_MDOM_WVB_HDR_BUNDLE_2_BSUM_LEN_SEL bound to: 99 - type: integer 
	Parameter L_START_POS_MDOM_WVB_HDR_BUNDLE_2_BSUM_VALID bound to: 102 - type: integer 
	Parameter L_STOP_POS_MDOM_WVB_HDR_BUNDLE_2_EVT_LTC bound to: 48 - type: integer 
	Parameter L_STOP_POS_MDOM_WVB_HDR_BUNDLE_2_START_ADDR bound to: 59 - type: integer 
	Parameter L_STOP_POS_MDOM_WVB_HDR_BUNDLE_2_STOP_ADDR bound to: 70 - type: integer 
	Parameter L_STOP_POS_MDOM_WVB_HDR_BUNDLE_2_TRIG_SRC bound to: 72 - type: integer 
	Parameter L_STOP_POS_MDOM_WVB_HDR_BUNDLE_2_CNST_RUN bound to: 73 - type: integer 
	Parameter L_STOP_POS_MDOM_WVB_HDR_BUNDLE_2_PRE_CONF bound to: 78 - type: integer 
	Parameter L_STOP_POS_MDOM_WVB_HDR_BUNDLE_2_SYNC_RDY bound to: 79 - type: integer 
	Parameter L_STOP_POS_MDOM_WVB_HDR_BUNDLE_2_BSUM bound to: 98 - type: integer 
	Parameter L_STOP_POS_MDOM_WVB_HDR_BUNDLE_2_BSUM_LEN_SEL bound to: 101 - type: integer 
	Parameter L_STOP_POS_MDOM_WVB_HDR_BUNDLE_2_BSUM_VALID bound to: 102 - type: integer 
	Parameter L_WIDTH_MDOM_WVB_HDR_BUNDLE_2_ZERO_PAD bound to: 0 - type: integer 
	Parameter L_WIDTH_MDOM_WVB_HDR_BUNDLE_2 bound to: 103 - type: integer 
	Parameter L_WIDTH_MDOM_WVB_HDR_BUNDLE_3_EVT_LTC bound to: 49 - type: integer 
	Parameter L_WIDTH_MDOM_WVB_HDR_BUNDLE_3_START_ADDR bound to: 11 - type: integer 
	Parameter L_WIDTH_MDOM_WVB_HDR_BUNDLE_3_STOP_ADDR bound to: 11 - type: integer 
	Parameter L_WIDTH_MDOM_WVB_HDR_BUNDLE_3_TRIG_SRC bound to: 2 - type: integer 
	Parameter L_WIDTH_MDOM_WVB_HDR_BUNDLE_3_CNST_RUN bound to: 1 - type: integer 
	Parameter L_WIDTH_MDOM_WVB_HDR_BUNDLE_3_PRE_CONF bound to: 5 - type: integer 
	Parameter L_WIDTH_MDOM_WVB_HDR_BUNDLE_3_SYNC_RDY bound to: 1 - type: integer 
	Parameter L_WIDTH_MDOM_WVB_HDR_BUNDLE_3_BSUM bound to: 19 - type: integer 
	Parameter L_WIDTH_MDOM_WVB_HDR_BUNDLE_3_BSUM_LEN_SEL bound to: 3 - type: integer 
	Parameter L_WIDTH_MDOM_WVB_HDR_BUNDLE_3_BSUM_VALID bound to: 1 - type: integer 
	Parameter L_WIDTH_MDOM_WVB_HDR_BUNDLE_3_LOCAL_COINC bound to: 1 - type: integer 
	Parameter L_START_POS_MDOM_WVB_HDR_BUNDLE_3_EVT_LTC bound to: 0 - type: integer 
	Parameter L_START_POS_MDOM_WVB_HDR_BUNDLE_3_START_ADDR bound to: 49 - type: integer 
	Parameter L_START_POS_MDOM_WVB_HDR_BUNDLE_3_STOP_ADDR bound to: 60 - type: integer 
	Parameter L_START_POS_MDOM_WVB_HDR_BUNDLE_3_TRIG_SRC bound to: 71 - type: integer 
	Parameter L_START_POS_MDOM_WVB_HDR_BUNDLE_3_CNST_RUN bound to: 73 - type: integer 
	Parameter L_START_POS_MDOM_WVB_HDR_BUNDLE_3_PRE_CONF bound to: 74 - type: integer 
	Parameter L_START_POS_MDOM_WVB_HDR_BUNDLE_3_SYNC_RDY bound to: 79 - type: integer 
	Parameter L_START_POS_MDOM_WVB_HDR_BUNDLE_3_BSUM bound to: 80 - type: integer 
	Parameter L_START_POS_MDOM_WVB_HDR_BUNDLE_3_BSUM_LEN_SEL bound to: 99 - type: integer 
	Parameter L_START_POS_MDOM_WVB_HDR_BUNDLE_3_BSUM_VALID bound to: 102 - type: integer 
	Parameter L_START_POS_MDOM_WVB_HDR_BUNDLE_3_LOCAL_COINC bound to: 103 - type: integer 
	Parameter L_STOP_POS_MDOM_WVB_HDR_BUNDLE_3_EVT_LTC bound to: 48 - type: integer 
	Parameter L_STOP_POS_MDOM_WVB_HDR_BUNDLE_3_START_ADDR bound to: 59 - type: integer 
	Parameter L_STOP_POS_MDOM_WVB_HDR_BUNDLE_3_STOP_ADDR bound to: 70 - type: integer 
	Parameter L_STOP_POS_MDOM_WVB_HDR_BUNDLE_3_TRIG_SRC bound to: 72 - type: integer 
	Parameter L_STOP_POS_MDOM_WVB_HDR_BUNDLE_3_CNST_RUN bound to: 73 - type: integer 
	Parameter L_STOP_POS_MDOM_WVB_HDR_BUNDLE_3_PRE_CONF bound to: 78 - type: integer 
	Parameter L_STOP_POS_MDOM_WVB_HDR_BUNDLE_3_SYNC_RDY bound to: 79 - type: integer 
	Parameter L_STOP_POS_MDOM_WVB_HDR_BUNDLE_3_BSUM bound to: 98 - type: integer 
	Parameter L_STOP_POS_MDOM_WVB_HDR_BUNDLE_3_BSUM_LEN_SEL bound to: 101 - type: integer 
	Parameter L_STOP_POS_MDOM_WVB_HDR_BUNDLE_3_BSUM_VALID bound to: 102 - type: integer 
	Parameter L_STOP_POS_MDOM_WVB_HDR_BUNDLE_3_LOCAL_COINC bound to: 103 - type: integer 
	Parameter L_WIDTH_MDOM_WVB_HDR_BUNDLE_3_ZERO_PAD bound to: 0 - type: integer 
	Parameter L_WIDTH_MDOM_WVB_HDR_BUNDLE_3 bound to: 104 - type: integer 
	Parameter L_WIDTH_MDOM_WVB_HDR_BUNDLE_4_EVT_LTC bound to: 49 - type: integer 
	Parameter L_WIDTH_MDOM_WVB_HDR_BUNDLE_4_START_ADDR bound to: 9 - type: integer 
	Parameter L_WIDTH_MDOM_WVB_HDR_BUNDLE_4_STOP_ADDR bound to: 9 - type: integer 
	Parameter L_WIDTH_MDOM_WVB_HDR_BUNDLE_4_TRIG_SRC bound to: 2 - type: integer 
	Parameter L_WIDTH_MDOM_WVB_HDR_BUNDLE_4_CNST_RUN bound to: 1 - type: integer 
	Parameter L_WIDTH_MDOM_WVB_HDR_BUNDLE_4_PRE_CONF bound to: 5 - type: integer 
	Parameter L_WIDTH_MDOM_WVB_HDR_BUNDLE_4_SYNC_RDY bound to: 1 - type: integer 
	Parameter L_WIDTH_MDOM_WVB_HDR_BUNDLE_4_BSUM bound to: 19 - type: integer 
	Parameter L_WIDTH_MDOM_WVB_HDR_BUNDLE_4_BSUM_LEN_SEL bound to: 3 - type: integer 
	Parameter L_WIDTH_MDOM_WVB_HDR_BUNDLE_4_BSUM_VALID bound to: 1 - type: integer 
	Parameter L_WIDTH_MDOM_WVB_HDR_BUNDLE_4_LOCAL_COINC bound to: 1 - type: integer 
	Parameter L_WIDTH_MDOM_WVB_HDR_BUNDLE_4_PARTIAL_WFM bound to: 1 - type: integer 
	Parameter L_WIDTH_MDOM_WVB_HDR_BUNDLE_4_CONTINUED_WFM bound to: 1 - type: integer 
	Parameter L_START_POS_MDOM_WVB_HDR_BUNDLE_4_EVT_LTC bound to: 0 - type: integer 
	Parameter L_START_POS_MDOM_WVB_HDR_BUNDLE_4_START_ADDR bound to: 49 - type: integer 
	Parameter L_START_POS_MDOM_WVB_HDR_BUNDLE_4_STOP_ADDR bound to: 58 - type: integer 
	Parameter L_START_POS_MDOM_WVB_HDR_BUNDLE_4_TRIG_SRC bound to: 67 - type: integer 
	Parameter L_START_POS_MDOM_WVB_HDR_BUNDLE_4_CNST_RUN bound to: 69 - type: integer 
	Parameter L_START_POS_MDOM_WVB_HDR_BUNDLE_4_PRE_CONF bound to: 70 - type: integer 
	Parameter L_START_POS_MDOM_WVB_HDR_BUNDLE_4_SYNC_RDY bound to: 75 - type: integer 
	Parameter L_START_POS_MDOM_WVB_HDR_BUNDLE_4_BSUM bound to: 76 - type: integer 
	Parameter L_START_POS_MDOM_WVB_HDR_BUNDLE_4_BSUM_LEN_SEL bound to: 95 - type: integer 
	Parameter L_START_POS_MDOM_WVB_HDR_BUNDLE_4_BSUM_VALID bound to: 98 - type: integer 
	Parameter L_START_POS_MDOM_WVB_HDR_BUNDLE_4_LOCAL_COINC bound to: 99 - type: integer 
	Parameter L_START_POS_MDOM_WVB_HDR_BUNDLE_4_PARTIAL_WFM bound to: 100 - type: integer 
	Parameter L_START_POS_MDOM_WVB_HDR_BUNDLE_4_CONTINUED_WFM bound to: 101 - type: integer 
	Parameter L_STOP_POS_MDOM_WVB_HDR_BUNDLE_4_EVT_LTC bound to: 48 - type: integer 
	Parameter L_STOP_POS_MDOM_WVB_HDR_BUNDLE_4_START_ADDR bound to: 57 - type: integer 
	Parameter L_STOP_POS_MDOM_WVB_HDR_BUNDLE_4_STOP_ADDR bound to: 66 - type: integer 
	Parameter L_STOP_POS_MDOM_WVB_HDR_BUNDLE_4_TRIG_SRC bound to: 68 - type: integer 
	Parameter L_STOP_POS_MDOM_WVB_HDR_BUNDLE_4_CNST_RUN bound to: 69 - type: integer 
	Parameter L_STOP_POS_MDOM_WVB_HDR_BUNDLE_4_PRE_CONF bound to: 74 - type: integer 
	Parameter L_STOP_POS_MDOM_WVB_HDR_BUNDLE_4_SYNC_RDY bound to: 75 - type: integer 
	Parameter L_STOP_POS_MDOM_WVB_HDR_BUNDLE_4_BSUM bound to: 94 - type: integer 
	Parameter L_STOP_POS_MDOM_WVB_HDR_BUNDLE_4_BSUM_LEN_SEL bound to: 97 - type: integer 
	Parameter L_STOP_POS_MDOM_WVB_HDR_BUNDLE_4_BSUM_VALID bound to: 98 - type: integer 
	Parameter L_STOP_POS_MDOM_WVB_HDR_BUNDLE_4_LOCAL_COINC bound to: 99 - type: integer 
	Parameter L_STOP_POS_MDOM_WVB_HDR_BUNDLE_4_PARTIAL_WFM bound to: 100 - type: integer 
	Parameter L_STOP_POS_MDOM_WVB_HDR_BUNDLE_4_CONTINUED_WFM bound to: 101 - type: integer 
	Parameter L_WIDTH_MDOM_WVB_HDR_BUNDLE_4_ZERO_PAD bound to: 0 - type: integer 
	Parameter L_WIDTH_MDOM_WVB_HDR_BUNDLE_4 bound to: 102 - type: integer 
	Parameter S_IDLE bound to: 0 - type: integer 
	Parameter S_OVERFLOW bound to: 1 - type: integer 
	Parameter S_CLEAR bound to: 2 - type: integer 
	Parameter S_REQ bound to: 3 - type: integer 
	Parameter S_ACK_WAIT bound to: 4 - type: integer 
	Parameter S_ACK_CLEAR_WAIT bound to: 5 - type: integer 
INFO: [Synth 8-6155] done synthesizing module 'wvb_overflow_ctrl' (26#1) [C:/Users/i3devmachine/mdom/updates/mdommb_rev1_fw/hdl/waveform_buffer/wvb_overflow_ctrl.v:7]
INFO: [Synth 8-6155] done synthesizing module 'waveform_buffer' (27#1) [C:/Users/i3devmachine/mdom/updates/mdommb_rev1_fw/hdl/waveform_buffer/waveform_buffer.v:7]
WARNING: [Synth 8-6014] Unused sequential element discr_tot_2_reg was removed.  [C:/Users/i3devmachine/mdom/updates/mdommb_rev1_fw/hdl/waveform_acquisition/waveform_acquisition.v:281]
WARNING: [Synth 8-3848] Net wvb_trig_test_out in module/entity waveform_acquisition does not have driver. [C:/Users/i3devmachine/mdom/updates/mdommb_rev1_fw/hdl/waveform_acquisition/waveform_acquisition.v:50]
INFO: [Synth 8-6155] done synthesizing module 'waveform_acquisition' (28#1) [C:/Users/i3devmachine/mdom/updates/mdommb_rev1_fw/hdl/waveform_acquisition/waveform_acquisition.v:9]
INFO: [Synth 8-6157] synthesizing module 'discr_scaler' [C:/Users/i3devmachine/mdom/updates/mdommb_rev1_fw/hdl/discr_scaler/discr_scaler.v:12]
	Parameter P_N_WIDTH bound to: 32 - type: integer 
	Parameter P_INPUT_WIDTH bound to: 8 - type: integer 
INFO: [Synth 8-6157] synthesizing module 'inhibit_generator_8b' [C:/Users/i3devmachine/mdom/updates/mdommb_rev1_fw/hdl/discr_scaler/inhibit_generator_8b.v:10]
	Parameter P_N_WIDTH bound to: 32 - type: integer 
	Parameter S_IDLE bound to: 0 - type: integer 
	Parameter S_INHIBITED bound to: 1 - type: integer 
INFO: [Synth 8-5534] Detected attribute (* DONT_TOUCH = "true" *) [C:/Users/i3devmachine/mdom/updates/mdommb_rev1_fw/hdl/discr_scaler/inhibit_generator_8b.v:24]
INFO: [Synth 8-6155] done synthesizing module 'inhibit_generator_8b' (29#1) [C:/Users/i3devmachine/mdom/updates/mdommb_rev1_fw/hdl/discr_scaler/inhibit_generator_8b.v:10]
INFO: [Synth 8-5534] Detected attribute (* DONT_TOUCH = "true" *) [C:/Users/i3devmachine/mdom/updates/mdommb_rev1_fw/hdl/discr_scaler/discr_scaler.v:65]
INFO: [Synth 8-6155] done synthesizing module 'discr_scaler' (30#1) [C:/Users/i3devmachine/mdom/updates/mdommb_rev1_fw/hdl/discr_scaler/discr_scaler.v:12]
INFO: [Synth 8-6157] synthesizing module 'discr_scaler__parameterized0' [C:/Users/i3devmachine/mdom/updates/mdommb_rev1_fw/hdl/discr_scaler/discr_scaler.v:12]
	Parameter P_N_WIDTH bound to: 32 - type: integer 
	Parameter P_INPUT_WIDTH bound to: 1 - type: integer 
INFO: [Synth 8-6157] synthesizing module 'inhibit_generator_1b' [C:/Users/i3devmachine/mdom/updates/mdommb_rev1_fw/hdl/discr_scaler/inhibit_generator_1b.v:7]
	Parameter P_N_WIDTH bound to: 32 - type: integer 
	Parameter S_IDLE bound to: 0 - type: integer 
	Parameter S_INHIBITED bound to: 1 - type: integer 
INFO: [Synth 8-5534] Detected attribute (* DONT_TOUCH = "true" *) [C:/Users/i3devmachine/mdom/updates/mdommb_rev1_fw/hdl/discr_scaler/inhibit_generator_1b.v:21]
INFO: [Synth 8-6155] done synthesizing module 'inhibit_generator_1b' (31#1) [C:/Users/i3devmachine/mdom/updates/mdommb_rev1_fw/hdl/discr_scaler/inhibit_generator_1b.v:7]
INFO: [Synth 8-6155] done synthesizing module 'discr_scaler__parameterized0' (31#1) [C:/Users/i3devmachine/mdom/updates/mdommb_rev1_fw/hdl/discr_scaler/discr_scaler.v:12]
INFO: [Synth 8-6157] synthesizing module 'secondary_buffer' [C:/Users/i3devmachine/mdom/updates/mdommb_rev1_fw/hdl/secondary_buffer/secondary_buffer.v:8]
	Parameter P_DATA_WIDTH bound to: 170 - type: integer 
	Parameter N_CHANNELS bound to: 8 - type: integer 
	Parameter P_WVB_ADR_WIDTH bound to: 9 - type: integer 
	Parameter P_SCDB_ADR_WIDTH bound to: 11 - type: integer 
	Parameter P_WVB_HDR_WIDTH bound to: 102 - type: integer 
	Parameter P_SCDB_HDR_WIDTH bound to: 111 - type: integer 
	Parameter CHANNELS_PER_CYCLE bound to: 2 - type: integer 
	Parameter P_OUTPUT_DATA_WIDTH bound to: 85 - type: integer 
	Parameter P_CHANNEL_OFFSET bound to: 0 - type: integer 
	Parameter P_RD_ADR_WIDTH bound to: 12 - type: integer 
	Parameter S_IDLE bound to: 0 - type: integer 
	Parameter S_FIND_WFM bound to: 1 - type: integer 
	Parameter S_WFM_READY bound to: 2 - type: integer 
	Parameter S_HDR_WAIT bound to: 1 - type: integer 
	Parameter S_HDR_RDY bound to: 2 - type: integer 
	Parameter S_SAMPLE_WAIT bound to: 3 - type: integer 
	Parameter S_WR_DATA bound to: 4 - type: integer 
	Parameter S_CACHE_SAMPLES bound to: 5 - type: integer 
	Parameter S_WAIT_FOR_CAPACITY bound to: 6 - type: integer 
	Parameter S_WR_CACHED_SAMPLES bound to: 7 - type: integer 
	Parameter HDR_WAIT_CNT_MAX bound to: 2 - type: integer 
	Parameter SAMPLE_WAIT_CNT_MAX bound to: 1 - type: integer 
	Parameter CACHE_SAMPLES_WAIT_CNT_MAX bound to: 3 - type: integer 
	Parameter WR_CACHED_SAMPLES_WAIT_CNT_MAX bound to: 1 - type: integer 
	Parameter HDR_WAIT_CNT bound to: 2 - type: integer 
INFO: [Synth 8-6157] synthesizing module 'n_channel_mux' [C:/Users/i3devmachine/mdom/updates/mdommb_rev1_fw/hdl/n_channel_mux/n_channel_mux.v:13]
	Parameter N_INPUTS bound to: 8 - type: integer 
	Parameter INPUT_WIDTH bound to: 170 - type: integer 
	Parameter SEL_WIDTH bound to: 5 - type: integer 
INFO: [Synth 8-6155] done synthesizing module 'n_channel_mux' (32#1) [C:/Users/i3devmachine/mdom/updates/mdommb_rev1_fw/hdl/n_channel_mux/n_channel_mux.v:13]
INFO: [Synth 8-6157] synthesizing module 'n_channel_mux__parameterized0' [C:/Users/i3devmachine/mdom/updates/mdommb_rev1_fw/hdl/n_channel_mux/n_channel_mux.v:13]
	Parameter N_INPUTS bound to: 8 - type: integer 
	Parameter INPUT_WIDTH bound to: 102 - type: integer 
	Parameter SEL_WIDTH bound to: 5 - type: integer 
INFO: [Synth 8-6155] done synthesizing module 'n_channel_mux__parameterized0' (32#1) [C:/Users/i3devmachine/mdom/updates/mdommb_rev1_fw/hdl/n_channel_mux/n_channel_mux.v:13]
INFO: [Synth 8-6157] synthesizing module 'mDOM_scdb_hdr_bundle_fan_out' [C:/Users/i3devmachine/mdom/updates/mdommb_rev1_fw/hdl/bundles/mDOM_scdb_hdr_bundle/mDOM_scdb_hdr_bundle_fan_out.v:1]
	Parameter L_WIDTH_MDOM_SCDB_HDR_BUNDLE_EVT_LTC bound to: 49 - type: integer 
	Parameter L_WIDTH_MDOM_SCDB_HDR_BUNDLE_START_ADDR bound to: 11 - type: integer 
	Parameter L_WIDTH_MDOM_SCDB_HDR_BUNDLE_STOP_ADDR bound to: 11 - type: integer 
	Parameter L_WIDTH_MDOM_SCDB_HDR_BUNDLE_TRIG_SRC bound to: 2 - type: integer 
	Parameter L_WIDTH_MDOM_SCDB_HDR_BUNDLE_CNST_RUN bound to: 1 - type: integer 
	Parameter L_WIDTH_MDOM_SCDB_HDR_BUNDLE_PRE_CONF bound to: 5 - type: integer 
	Parameter L_WIDTH_MDOM_SCDB_HDR_BUNDLE_SYNC_RDY bound to: 1 - type: integer 
	Parameter L_WIDTH_MDOM_SCDB_HDR_BUNDLE_BSUM bound to: 19 - type: integer 
	Parameter L_WIDTH_MDOM_SCDB_HDR_BUNDLE_BSUM_LEN_SEL bound to: 3 - type: integer 
	Parameter L_WIDTH_MDOM_SCDB_HDR_BUNDLE_BSUM_VALID bound to: 1 - type: integer 
	Parameter L_WIDTH_MDOM_SCDB_HDR_BUNDLE_LOCAL_COINC bound to: 1 - type: integer 
	Parameter L_WIDTH_MDOM_SCDB_HDR_BUNDLE_PARTIAL_WFM bound to: 1 - type: integer 
	Parameter L_WIDTH_MDOM_SCDB_HDR_BUNDLE_CONTINUED_WFM bound to: 1 - type: integer 
	Parameter L_WIDTH_MDOM_SCDB_HDR_BUNDLE_CHANNEL_IDX bound to: 5 - type: integer 
	Parameter L_START_POS_MDOM_SCDB_HDR_BUNDLE_EVT_LTC bound to: 0 - type: integer 
	Parameter L_START_POS_MDOM_SCDB_HDR_BUNDLE_START_ADDR bound to: 49 - type: integer 
	Parameter L_START_POS_MDOM_SCDB_HDR_BUNDLE_STOP_ADDR bound to: 60 - type: integer 
	Parameter L_START_POS_MDOM_SCDB_HDR_BUNDLE_TRIG_SRC bound to: 71 - type: integer 
	Parameter L_START_POS_MDOM_SCDB_HDR_BUNDLE_CNST_RUN bound to: 73 - type: integer 
	Parameter L_START_POS_MDOM_SCDB_HDR_BUNDLE_PRE_CONF bound to: 74 - type: integer 
	Parameter L_START_POS_MDOM_SCDB_HDR_BUNDLE_SYNC_RDY bound to: 79 - type: integer 
	Parameter L_START_POS_MDOM_SCDB_HDR_BUNDLE_BSUM bound to: 80 - type: integer 
	Parameter L_START_POS_MDOM_SCDB_HDR_BUNDLE_BSUM_LEN_SEL bound to: 99 - type: integer 
	Parameter L_START_POS_MDOM_SCDB_HDR_BUNDLE_BSUM_VALID bound to: 102 - type: integer 
	Parameter L_START_POS_MDOM_SCDB_HDR_BUNDLE_LOCAL_COINC bound to: 103 - type: integer 
	Parameter L_START_POS_MDOM_SCDB_HDR_BUNDLE_PARTIAL_WFM bound to: 104 - type: integer 
	Parameter L_START_POS_MDOM_SCDB_HDR_BUNDLE_CONTINUED_WFM bound to: 105 - type: integer 
	Parameter L_START_POS_MDOM_SCDB_HDR_BUNDLE_CHANNEL_IDX bound to: 106 - type: integer 
	Parameter L_STOP_POS_MDOM_SCDB_HDR_BUNDLE_EVT_LTC bound to: 48 - type: integer 
	Parameter L_STOP_POS_MDOM_SCDB_HDR_BUNDLE_START_ADDR bound to: 59 - type: integer 
	Parameter L_STOP_POS_MDOM_SCDB_HDR_BUNDLE_STOP_ADDR bound to: 70 - type: integer 
	Parameter L_STOP_POS_MDOM_SCDB_HDR_BUNDLE_TRIG_SRC bound to: 72 - type: integer 
	Parameter L_STOP_POS_MDOM_SCDB_HDR_BUNDLE_CNST_RUN bound to: 73 - type: integer 
	Parameter L_STOP_POS_MDOM_SCDB_HDR_BUNDLE_PRE_CONF bound to: 78 - type: integer 
	Parameter L_STOP_POS_MDOM_SCDB_HDR_BUNDLE_SYNC_RDY bound to: 79 - type: integer 
	Parameter L_STOP_POS_MDOM_SCDB_HDR_BUNDLE_BSUM bound to: 98 - type: integer 
	Parameter L_STOP_POS_MDOM_SCDB_HDR_BUNDLE_BSUM_LEN_SEL bound to: 101 - type: integer 
	Parameter L_STOP_POS_MDOM_SCDB_HDR_BUNDLE_BSUM_VALID bound to: 102 - type: integer 
	Parameter L_STOP_POS_MDOM_SCDB_HDR_BUNDLE_LOCAL_COINC bound to: 103 - type: integer 
	Parameter L_STOP_POS_MDOM_SCDB_HDR_BUNDLE_PARTIAL_WFM bound to: 104 - type: integer 
	Parameter L_STOP_POS_MDOM_SCDB_HDR_BUNDLE_CONTINUED_WFM bound to: 105 - type: integer 
	Parameter L_STOP_POS_MDOM_SCDB_HDR_BUNDLE_CHANNEL_IDX bound to: 110 - type: integer 
	Parameter L_WIDTH_MDOM_SCDB_HDR_BUNDLE_ZERO_PAD bound to: 0 - type: integer 
	Parameter L_WIDTH_MDOM_SCDB_HDR_BUNDLE bound to: 111 - type: integer 
INFO: [Synth 8-6155] done synthesizing module 'mDOM_scdb_hdr_bundle_fan_out' (33#1) [C:/Users/i3devmachine/mdom/updates/mdommb_rev1_fw/hdl/bundles/mDOM_scdb_hdr_bundle/mDOM_scdb_hdr_bundle_fan_out.v:1]
INFO: [Synth 8-6157] synthesizing module 'mDOM_scdb_hdr_bundle_fan_in' [C:/Users/i3devmachine/mdom/updates/mdommb_rev1_fw/hdl/bundles/mDOM_scdb_hdr_bundle/mDOM_scdb_hdr_bundle_fan_in.v:1]
	Parameter L_WIDTH_MDOM_SCDB_HDR_BUNDLE_EVT_LTC bound to: 49 - type: integer 
	Parameter L_WIDTH_MDOM_SCDB_HDR_BUNDLE_START_ADDR bound to: 11 - type: integer 
	Parameter L_WIDTH_MDOM_SCDB_HDR_BUNDLE_STOP_ADDR bound to: 11 - type: integer 
	Parameter L_WIDTH_MDOM_SCDB_HDR_BUNDLE_TRIG_SRC bound to: 2 - type: integer 
	Parameter L_WIDTH_MDOM_SCDB_HDR_BUNDLE_CNST_RUN bound to: 1 - type: integer 
	Parameter L_WIDTH_MDOM_SCDB_HDR_BUNDLE_PRE_CONF bound to: 5 - type: integer 
	Parameter L_WIDTH_MDOM_SCDB_HDR_BUNDLE_SYNC_RDY bound to: 1 - type: integer 
	Parameter L_WIDTH_MDOM_SCDB_HDR_BUNDLE_BSUM bound to: 19 - type: integer 
	Parameter L_WIDTH_MDOM_SCDB_HDR_BUNDLE_BSUM_LEN_SEL bound to: 3 - type: integer 
	Parameter L_WIDTH_MDOM_SCDB_HDR_BUNDLE_BSUM_VALID bound to: 1 - type: integer 
	Parameter L_WIDTH_MDOM_SCDB_HDR_BUNDLE_LOCAL_COINC bound to: 1 - type: integer 
	Parameter L_WIDTH_MDOM_SCDB_HDR_BUNDLE_PARTIAL_WFM bound to: 1 - type: integer 
	Parameter L_WIDTH_MDOM_SCDB_HDR_BUNDLE_CONTINUED_WFM bound to: 1 - type: integer 
	Parameter L_WIDTH_MDOM_SCDB_HDR_BUNDLE_CHANNEL_IDX bound to: 5 - type: integer 
	Parameter L_START_POS_MDOM_SCDB_HDR_BUNDLE_EVT_LTC bound to: 0 - type: integer 
	Parameter L_START_POS_MDOM_SCDB_HDR_BUNDLE_START_ADDR bound to: 49 - type: integer 
	Parameter L_START_POS_MDOM_SCDB_HDR_BUNDLE_STOP_ADDR bound to: 60 - type: integer 
	Parameter L_START_POS_MDOM_SCDB_HDR_BUNDLE_TRIG_SRC bound to: 71 - type: integer 
	Parameter L_START_POS_MDOM_SCDB_HDR_BUNDLE_CNST_RUN bound to: 73 - type: integer 
	Parameter L_START_POS_MDOM_SCDB_HDR_BUNDLE_PRE_CONF bound to: 74 - type: integer 
	Parameter L_START_POS_MDOM_SCDB_HDR_BUNDLE_SYNC_RDY bound to: 79 - type: integer 
	Parameter L_START_POS_MDOM_SCDB_HDR_BUNDLE_BSUM bound to: 80 - type: integer 
	Parameter L_START_POS_MDOM_SCDB_HDR_BUNDLE_BSUM_LEN_SEL bound to: 99 - type: integer 
	Parameter L_START_POS_MDOM_SCDB_HDR_BUNDLE_BSUM_VALID bound to: 102 - type: integer 
	Parameter L_START_POS_MDOM_SCDB_HDR_BUNDLE_LOCAL_COINC bound to: 103 - type: integer 
	Parameter L_START_POS_MDOM_SCDB_HDR_BUNDLE_PARTIAL_WFM bound to: 104 - type: integer 
	Parameter L_START_POS_MDOM_SCDB_HDR_BUNDLE_CONTINUED_WFM bound to: 105 - type: integer 
	Parameter L_START_POS_MDOM_SCDB_HDR_BUNDLE_CHANNEL_IDX bound to: 106 - type: integer 
	Parameter L_STOP_POS_MDOM_SCDB_HDR_BUNDLE_EVT_LTC bound to: 48 - type: integer 
	Parameter L_STOP_POS_MDOM_SCDB_HDR_BUNDLE_START_ADDR bound to: 59 - type: integer 
	Parameter L_STOP_POS_MDOM_SCDB_HDR_BUNDLE_STOP_ADDR bound to: 70 - type: integer 
	Parameter L_STOP_POS_MDOM_SCDB_HDR_BUNDLE_TRIG_SRC bound to: 72 - type: integer 
	Parameter L_STOP_POS_MDOM_SCDB_HDR_BUNDLE_CNST_RUN bound to: 73 - type: integer 
	Parameter L_STOP_POS_MDOM_SCDB_HDR_BUNDLE_PRE_CONF bound to: 78 - type: integer 
	Parameter L_STOP_POS_MDOM_SCDB_HDR_BUNDLE_SYNC_RDY bound to: 79 - type: integer 
	Parameter L_STOP_POS_MDOM_SCDB_HDR_BUNDLE_BSUM bound to: 98 - type: integer 
	Parameter L_STOP_POS_MDOM_SCDB_HDR_BUNDLE_BSUM_LEN_SEL bound to: 101 - type: integer 
	Parameter L_STOP_POS_MDOM_SCDB_HDR_BUNDLE_BSUM_VALID bound to: 102 - type: integer 
	Parameter L_STOP_POS_MDOM_SCDB_HDR_BUNDLE_LOCAL_COINC bound to: 103 - type: integer 
	Parameter L_STOP_POS_MDOM_SCDB_HDR_BUNDLE_PARTIAL_WFM bound to: 104 - type: integer 
	Parameter L_STOP_POS_MDOM_SCDB_HDR_BUNDLE_CONTINUED_WFM bound to: 105 - type: integer 
	Parameter L_STOP_POS_MDOM_SCDB_HDR_BUNDLE_CHANNEL_IDX bound to: 110 - type: integer 
	Parameter L_WIDTH_MDOM_SCDB_HDR_BUNDLE_ZERO_PAD bound to: 0 - type: integer 
	Parameter L_WIDTH_MDOM_SCDB_HDR_BUNDLE bound to: 111 - type: integer 
INFO: [Synth 8-6155] done synthesizing module 'mDOM_scdb_hdr_bundle_fan_in' (34#1) [C:/Users/i3devmachine/mdom/updates/mdommb_rev1_fw/hdl/bundles/mDOM_scdb_hdr_bundle/mDOM_scdb_hdr_bundle_fan_in.v:1]
INFO: [Synth 8-6157] synthesizing module 'FIFO_1024_117' [C:/Users/i3devmachine/mdom/updates/mdommb_rev1_fw/mDOM_mb_rev1.runs/synth_1/.Xil/Vivado-36800-i3DevBox/realtime/FIFO_1024_117_stub.v:6]
INFO: [Synth 8-6155] done synthesizing module 'FIFO_1024_117' (35#1) [C:/Users/i3devmachine/mdom/updates/mdommb_rev1_fw/mDOM_mb_rev1.runs/synth_1/.Xil/Vivado-36800-i3DevBox/realtime/FIFO_1024_117_stub.v:6]
INFO: [Synth 8-6157] synthesizing module 'MDOM_SECONDARY_BUFFER' [C:/Users/i3devmachine/mdom/updates/mdommb_rev1_fw/mDOM_mb_rev1.runs/synth_1/.Xil/Vivado-36800-i3DevBox/realtime/MDOM_SECONDARY_BUFFER_stub.v:6]
INFO: [Synth 8-6155] done synthesizing module 'MDOM_SECONDARY_BUFFER' (36#1) [C:/Users/i3devmachine/mdom/updates/mdommb_rev1_fw/mDOM_mb_rev1.runs/synth_1/.Xil/Vivado-36800-i3DevBox/realtime/MDOM_SECONDARY_BUFFER_stub.v:6]
INFO: [Synth 8-6155] done synthesizing module 'secondary_buffer' (37#1) [C:/Users/i3devmachine/mdom/updates/mdommb_rev1_fw/hdl/secondary_buffer/secondary_buffer.v:8]
INFO: [Synth 8-6157] synthesizing module 'secondary_buffer__parameterized0' [C:/Users/i3devmachine/mdom/updates/mdommb_rev1_fw/hdl/secondary_buffer/secondary_buffer.v:8]
	Parameter P_DATA_WIDTH bound to: 170 - type: integer 
	Parameter N_CHANNELS bound to: 8 - type: integer 
	Parameter P_WVB_ADR_WIDTH bound to: 9 - type: integer 
	Parameter P_SCDB_ADR_WIDTH bound to: 11 - type: integer 
	Parameter P_WVB_HDR_WIDTH bound to: 102 - type: integer 
	Parameter P_SCDB_HDR_WIDTH bound to: 111 - type: integer 
	Parameter CHANNELS_PER_CYCLE bound to: 2 - type: integer 
	Parameter P_OUTPUT_DATA_WIDTH bound to: 85 - type: integer 
	Parameter P_CHANNEL_OFFSET bound to: 8 - type: integer 
	Parameter P_RD_ADR_WIDTH bound to: 12 - type: integer 
	Parameter S_IDLE bound to: 0 - type: integer 
	Parameter S_FIND_WFM bound to: 1 - type: integer 
	Parameter S_WFM_READY bound to: 2 - type: integer 
	Parameter S_HDR_WAIT bound to: 1 - type: integer 
	Parameter S_HDR_RDY bound to: 2 - type: integer 
	Parameter S_SAMPLE_WAIT bound to: 3 - type: integer 
	Parameter S_WR_DATA bound to: 4 - type: integer 
	Parameter S_CACHE_SAMPLES bound to: 5 - type: integer 
	Parameter S_WAIT_FOR_CAPACITY bound to: 6 - type: integer 
	Parameter S_WR_CACHED_SAMPLES bound to: 7 - type: integer 
	Parameter HDR_WAIT_CNT_MAX bound to: 2 - type: integer 
	Parameter SAMPLE_WAIT_CNT_MAX bound to: 1 - type: integer 
	Parameter CACHE_SAMPLES_WAIT_CNT_MAX bound to: 3 - type: integer 
	Parameter WR_CACHED_SAMPLES_WAIT_CNT_MAX bound to: 1 - type: integer 
	Parameter HDR_WAIT_CNT bound to: 2 - type: integer 
INFO: [Synth 8-6155] done synthesizing module 'secondary_buffer__parameterized0' (37#1) [C:/Users/i3devmachine/mdom/updates/mdommb_rev1_fw/hdl/secondary_buffer/secondary_buffer.v:8]
INFO: [Synth 8-6157] synthesizing module 'secondary_buffer__parameterized1' [C:/Users/i3devmachine/mdom/updates/mdommb_rev1_fw/hdl/secondary_buffer/secondary_buffer.v:8]
	Parameter P_DATA_WIDTH bound to: 170 - type: integer 
	Parameter N_CHANNELS bound to: 8 - type: integer 
	Parameter P_WVB_ADR_WIDTH bound to: 9 - type: integer 
	Parameter P_SCDB_ADR_WIDTH bound to: 11 - type: integer 
	Parameter P_WVB_HDR_WIDTH bound to: 102 - type: integer 
	Parameter P_SCDB_HDR_WIDTH bound to: 111 - type: integer 
	Parameter CHANNELS_PER_CYCLE bound to: 2 - type: integer 
	Parameter P_OUTPUT_DATA_WIDTH bound to: 85 - type: integer 
	Parameter P_CHANNEL_OFFSET bound to: 16 - type: integer 
	Parameter P_RD_ADR_WIDTH bound to: 12 - type: integer 
	Parameter S_IDLE bound to: 0 - type: integer 
	Parameter S_FIND_WFM bound to: 1 - type: integer 
	Parameter S_WFM_READY bound to: 2 - type: integer 
	Parameter S_HDR_WAIT bound to: 1 - type: integer 
	Parameter S_HDR_RDY bound to: 2 - type: integer 
	Parameter S_SAMPLE_WAIT bound to: 3 - type: integer 
	Parameter S_WR_DATA bound to: 4 - type: integer 
	Parameter S_CACHE_SAMPLES bound to: 5 - type: integer 
	Parameter S_WAIT_FOR_CAPACITY bound to: 6 - type: integer 
	Parameter S_WR_CACHED_SAMPLES bound to: 7 - type: integer 
	Parameter HDR_WAIT_CNT_MAX bound to: 2 - type: integer 
	Parameter SAMPLE_WAIT_CNT_MAX bound to: 1 - type: integer 
	Parameter CACHE_SAMPLES_WAIT_CNT_MAX bound to: 3 - type: integer 
	Parameter WR_CACHED_SAMPLES_WAIT_CNT_MAX bound to: 1 - type: integer 
	Parameter HDR_WAIT_CNT bound to: 2 - type: integer 
INFO: [Synth 8-6155] done synthesizing module 'secondary_buffer__parameterized1' (37#1) [C:/Users/i3devmachine/mdom/updates/mdommb_rev1_fw/hdl/secondary_buffer/secondary_buffer.v:8]
INFO: [Synth 8-6157] synthesizing module 'IBUFGDS' [C:/Xilinx/Vivado2019.1/Vivado/2019.1/scripts/rt/data/unisim_comp.v:33335]
	Parameter CAPACITANCE bound to: DONT_CARE - type: string 
	Parameter DIFF_TERM bound to: FALSE - type: string 
	Parameter IBUF_DELAY_VALUE bound to: 0 - type: string 
	Parameter IBUF_LOW_PWR bound to: TRUE - type: string 
	Parameter IOSTANDARD bound to: DEFAULT - type: string 
INFO: [Synth 8-6155] done synthesizing module 'IBUFGDS' (38#1) [C:/Xilinx/Vivado2019.1/Vivado/2019.1/scripts/rt/data/unisim_comp.v:33335]
INFO: [Synth 8-6157] synthesizing module 'lclk_adcclk_wiz' [C:/Users/i3devmachine/mdom/updates/mdommb_rev1_fw/mDOM_mb_rev1.runs/synth_1/.Xil/Vivado-36800-i3DevBox/realtime/lclk_adcclk_wiz_stub.v:5]
INFO: [Synth 8-6155] done synthesizing module 'lclk_adcclk_wiz' (39#1) [C:/Users/i3devmachine/mdom/updates/mdommb_rev1_fw/mDOM_mb_rev1.runs/synth_1/.Xil/Vivado-36800-i3DevBox/realtime/lclk_adcclk_wiz_stub.v:5]
INFO: [Synth 8-6157] synthesizing module 'idelay_discr_clk_wiz' [C:/Users/i3devmachine/mdom/updates/mdommb_rev1_fw/mDOM_mb_rev1.runs/synth_1/.Xil/Vivado-36800-i3DevBox/realtime/idelay_discr_clk_wiz_stub.v:5]
INFO: [Synth 8-6155] done synthesizing module 'idelay_discr_clk_wiz' (40#1) [C:/Users/i3devmachine/mdom/updates/mdommb_rev1_fw/mDOM_mb_rev1.runs/synth_1/.Xil/Vivado-36800-i3DevBox/realtime/idelay_discr_clk_wiz_stub.v:5]
INFO: [Synth 8-6157] synthesizing module 'ddr3_idelay_clk_wiz' [C:/Users/i3devmachine/mdom/updates/mdommb_rev1_fw/mDOM_mb_rev1.runs/synth_1/.Xil/Vivado-36800-i3DevBox/realtime/ddr3_idelay_clk_wiz_stub.v:5]
INFO: [Synth 8-6155] done synthesizing module 'ddr3_idelay_clk_wiz' (41#1) [C:/Users/i3devmachine/mdom/updates/mdommb_rev1_fw/mDOM_mb_rev1.runs/synth_1/.Xil/Vivado-36800-i3DevBox/realtime/ddr3_idelay_clk_wiz_stub.v:5]
INFO: [Synth 8-6157] synthesizing module 'IDELAYCTRL' [C:/Xilinx/Vivado2019.1/Vivado/2019.1/scripts/rt/data/unisim_comp.v:34933]
	Parameter SIM_DEVICE bound to: 7SERIES - type: string 
INFO: [Synth 8-6155] done synthesizing module 'IDELAYCTRL' (42#1) [C:/Xilinx/Vivado2019.1/Vivado/2019.1/scripts/rt/data/unisim_comp.v:34933]
INFO: [Synth 8-6157] synthesizing module 'ADC3424_clk_IO' [C:/Users/i3devmachine/mdom/updates/mdommb_rev1_fw/hdl/adc3424_clk_IO/adc3424_clk_IO.v:14]
	Parameter EN_SYSRF bound to: 0 - type: integer 
INFO: [Synth 8-6157] synthesizing module 'ODDR' [C:/Xilinx/Vivado2019.1/Vivado/2019.1/scripts/rt/data/unisim_comp.v:49468]
	Parameter DDR_CLK_EDGE bound to: OPPOSITE_EDGE - type: string 
	Parameter INIT bound to: 1'b0 
	Parameter IS_C_INVERTED bound to: 1'b0 
	Parameter IS_D1_INVERTED bound to: 1'b0 
	Parameter IS_D2_INVERTED bound to: 1'b0 
	Parameter SRTYPE bound to: SYNC - type: string 
INFO: [Synth 8-6155] done synthesizing module 'ODDR' (43#1) [C:/Xilinx/Vivado2019.1/Vivado/2019.1/scripts/rt/data/unisim_comp.v:49468]
INFO: [Synth 8-6157] synthesizing module 'OBUFDS' [C:/Xilinx/Vivado2019.1/Vivado/2019.1/scripts/rt/data/unisim_comp.v:46012]
	Parameter CAPACITANCE bound to: DONT_CARE - type: string 
	Parameter IOSTANDARD bound to: DEFAULT - type: string 
	Parameter SLEW bound to: SLOW - type: string 
INFO: [Synth 8-6155] done synthesizing module 'OBUFDS' (44#1) [C:/Xilinx/Vivado2019.1/Vivado/2019.1/scripts/rt/data/unisim_comp.v:46012]
INFO: [Synth 8-6155] done synthesizing module 'ADC3424_clk_IO' (45#1) [C:/Users/i3devmachine/mdom/updates/mdommb_rev1_fw/hdl/adc3424_clk_IO/adc3424_clk_IO.v:14]
INFO: [Synth 8-6157] synthesizing module 'sync' [C:/Users/i3devmachine/mdom/updates/mdommb_rev1_fw/hdl/sync/sync.v:5]
	Parameter P_DEFVAL bound to: 1'b0 
	Parameter P_NFF bound to: 2 - type: integer 
	Parameter NFF bound to: 2 - type: integer 
INFO: [Synth 8-5534] Detected attribute (* ASYNC_REG = "TRUE" *) [C:/Users/i3devmachine/mdom/updates/mdommb_rev1_fw/hdl/sync/sync.v:22]
INFO: [Synth 8-6155] done synthesizing module 'sync' (46#1) [C:/Users/i3devmachine/mdom/updates/mdommb_rev1_fw/hdl/sync/sync.v:5]
INFO: [Synth 8-6157] synthesizing module 'negedge_detector' [C:/Users/i3devmachine/mdom/updates/mdommb_rev1_fw/hdl/negedge_detector/negedge_detector.v:5]
INFO: [Synth 8-6155] done synthesizing module 'negedge_detector' (47#1) [C:/Users/i3devmachine/mdom/updates/mdommb_rev1_fw/hdl/negedge_detector/negedge_detector.v:5]
INFO: [Synth 8-6157] synthesizing module 'xdom' [C:/Users/i3devmachine/mdom/updates/mdommb_rev1_fw/hdl/xdom/xdom.v:15]
	Parameter N_CHANNELS bound to: 24 - type: integer 
	Parameter P_WIDTH_MDOM_BSUM_BUNDLE bound to: 45 - type: integer 
	Parameter L_WIDTH_MDOM_BSUM_BUNDLE_PAUSE bound to: 1 - type: integer 
	Parameter L_WIDTH_MDOM_BSUM_BUNDLE_PAUSE_OVERRIDE bound to: 1 - type: integer 
	Parameter L_WIDTH_MDOM_BSUM_BUNDLE_SUM_LEN_SEL bound to: 3 - type: integer 
	Parameter L_WIDTH_MDOM_BSUM_BUNDLE_PAUSE_LEN bound to: 16 - type: integer 
	Parameter L_WIDTH_MDOM_BSUM_BUNDLE_DEV_LOW bound to: 12 - type: integer 
	Parameter L_WIDTH_MDOM_BSUM_BUNDLE_DEV_HIGH bound to: 12 - type: integer 
	Parameter L_START_POS_MDOM_BSUM_BUNDLE_PAUSE bound to: 0 - type: integer 
	Parameter L_START_POS_MDOM_BSUM_BUNDLE_PAUSE_OVERRIDE bound to: 1 - type: integer 
	Parameter L_START_POS_MDOM_BSUM_BUNDLE_SUM_LEN_SEL bound to: 2 - type: integer 
	Parameter L_START_POS_MDOM_BSUM_BUNDLE_PAUSE_LEN bound to: 5 - type: integer 
	Parameter L_START_POS_MDOM_BSUM_BUNDLE_DEV_LOW bound to: 21 - type: integer 
	Parameter L_START_POS_MDOM_BSUM_BUNDLE_DEV_HIGH bound to: 33 - type: integer 
	Parameter L_STOP_POS_MDOM_BSUM_BUNDLE_PAUSE bound to: 0 - type: integer 
	Parameter L_STOP_POS_MDOM_BSUM_BUNDLE_PAUSE_OVERRIDE bound to: 1 - type: integer 
	Parameter L_STOP_POS_MDOM_BSUM_BUNDLE_SUM_LEN_SEL bound to: 4 - type: integer 
	Parameter L_STOP_POS_MDOM_BSUM_BUNDLE_PAUSE_LEN bound to: 20 - type: integer 
	Parameter L_STOP_POS_MDOM_BSUM_BUNDLE_DEV_LOW bound to: 32 - type: integer 
	Parameter L_STOP_POS_MDOM_BSUM_BUNDLE_DEV_HIGH bound to: 44 - type: integer 
	Parameter L_WIDTH_MDOM_BSUM_BUNDLE_ZERO_PAD bound to: 0 - type: integer 
	Parameter L_WIDTH_MDOM_BSUM_BUNDLE bound to: 45 - type: integer 
INFO: [Synth 8-6157] synthesizing module 'ft232r_proc_buffered' [C:/Users/i3devmachine/mdom/updates/mdommb_rev1_fw/hdl/ft232r_proc_buffered/ft232r_proc_buffered.v:9]
INFO: [Synth 8-6157] synthesizing module 'ft232r_hs' [C:/Users/i3devmachine/mdom/updates/mdommb_rev1_fw/hdl/ft232r_hs/ft232r_hs.v:17]
	Parameter P_CLK_FREQ_HZ bound to: 120000000 - type: integer 
	Parameter P_BAUD_RATE bound to: 3000000 - type: integer 
	Parameter S0 bound to: 0 - type: integer 
	Parameter S1 bound to: 1 - type: integer 
	Parameter S2 bound to: 2 - type: integer 
INFO: [Synth 8-6157] synthesizing module 'rs232_ser' [C:/Users/i3devmachine/mdom/updates/mdommb_rev1_fw/hdl/rs232_ser/rs232_ser.v:17]
	Parameter P_CLK_FREQ_HZ bound to: 120000000 - type: integer 
	Parameter P_BAUD_RATE bound to: 3000000 - type: integer 
	Parameter S_IDLE bound to: 2'b00 
	Parameter S_START bound to: 2'b01 
	Parameter S_SHIFT bound to: 2'b10 
	Parameter S_STOP bound to: 2'b11 
	Parameter LAUNCH_CNT_MAX bound to: 40 - type: integer 
	Parameter NBITS_LAUNCH_CNT bound to: 6 - type: integer 
INFO: [Synth 8-226] default block is never used [C:/Users/i3devmachine/mdom/updates/mdommb_rev1_fw/hdl/rs232_ser/rs232_ser.v:78]
INFO: [Synth 8-6155] done synthesizing module 'rs232_ser' (48#1) [C:/Users/i3devmachine/mdom/updates/mdommb_rev1_fw/hdl/rs232_ser/rs232_ser.v:17]
INFO: [Synth 8-6157] synthesizing module 'rs232_des' [C:/Users/i3devmachine/mdom/updates/mdommb_rev1_fw/hdl/rs232_des/rs232_des.v:16]
	Parameter P_CLK_FREQ_HZ bound to: 120000000 - type: integer 
	Parameter P_BAUD_RATE bound to: 3000000 - type: integer 
	Parameter S_IDLE bound to: 2'b00 
	Parameter S_START bound to: 2'b01 
	Parameter S_SHIFT bound to: 2'b10 
	Parameter S_STOP bound to: 2'b11 
	Parameter START_LATCH_CNT_MAX bound to: 20 - type: integer 
	Parameter SHIFT_LATCH_CNT_MAX bound to: 40 - type: integer 
	Parameter STOP_LATCH_CNT_MAX bound to: 40 - type: integer 
	Parameter NBITS_LATCH_CNT bound to: 6 - type: integer 
INFO: [Synth 8-226] default block is never used [C:/Users/i3devmachine/mdom/updates/mdommb_rev1_fw/hdl/rs232_des/rs232_des.v:78]
INFO: [Synth 8-6155] done synthesizing module 'rs232_des' (49#1) [C:/Users/i3devmachine/mdom/updates/mdommb_rev1_fw/hdl/rs232_des/rs232_des.v:16]
INFO: [Synth 8-6155] done synthesizing module 'ft232r_hs' (50#1) [C:/Users/i3devmachine/mdom/updates/mdommb_rev1_fw/hdl/ft232r_hs/ft232r_hs.v:17]
INFO: [Synth 8-6157] synthesizing module 'uart_proc_hs' [C:/Users/i3devmachine/mdom/updates/mdommb_rev1_fw/hdl/uart_proc_hs/uart_proc_hs.v:16]
	Parameter P_TIMEOUT_CNT_MAX bound to: 120000000 - type: integer 
	Parameter L_HDR1 bound to: 8'b10001111 
	Parameter L_HDR0 bound to: 8'b11000111 
	Parameter L_SINGLE bound to: 8'b00000000 
	Parameter L_BURST bound to: 8'b10000000 
	Parameter L_WR bound to: 8'b00000001 
	Parameter L_RD bound to: 8'b00000010 
	Parameter L_ERR_CRC_WR bound to: 1 - type: integer 
	Parameter S_HDR1 bound to: 0 - type: integer 
	Parameter S_HDR0 bound to: 1 - type: integer 
	Parameter S_PID1 bound to: 2 - type: integer 
	Parameter S_PID0 bound to: 3 - type: integer 
	Parameter S_LEN1 bound to: 4 - type: integer 
	Parameter S_LEN0 bound to: 5 - type: integer 
	Parameter S_ADR1 bound to: 6 - type: integer 
	Parameter S_ADR0 bound to: 7 - type: integer 
	Parameter S_WR_DATA0 bound to: 8 - type: integer 
	Parameter S_WR_DATA1 bound to: 9 - type: integer 
	Parameter S_WR_WAIT bound to: 10 - type: integer 
	Parameter S_WR_CRC1 bound to: 11 - type: integer 
	Parameter S_WR_CRC0 bound to: 12 - type: integer 
	Parameter S_BWR_RDREQ bound to: 13 - type: integer 
	Parameter S_BWR_WAIT_0 bound to: 14 - type: integer 
	Parameter S_SWR_HS bound to: 15 - type: integer 
	Parameter S_BWR_HS bound to: 16 - type: integer 
	Parameter S_RD_HS bound to: 17 - type: integer 
	Parameter S_RD_DATA1 bound to: 18 - type: integer 
	Parameter S_RD_DATA0 bound to: 19 - type: integer 
	Parameter S_RD_WAIT bound to: 20 - type: integer 
	Parameter S_RD_CRC1 bound to: 21 - type: integer 
	Parameter S_RD_CRC0 bound to: 22 - type: integer 
	Parameter S_BWR_BUF_CLR bound to: 23 - type: integer 
INFO: [Synth 8-6157] synthesizing module 'crc' [C:/Users/i3devmachine/mdom/updates/mdommb_rev1_fw/hdl/crc16_8b_parallel/crc16_8b_parallel.v:14]
INFO: [Synth 8-6155] done synthesizing module 'crc' (51#1) [C:/Users/i3devmachine/mdom/updates/mdommb_rev1_fw/hdl/crc16_8b_parallel/crc16_8b_parallel.v:14]
INFO: [Synth 8-6157] synthesizing module 'err_mngr' [C:/Users/i3devmachine/mdom/updates/mdommb_rev1_fw/hdl/err_mngr/err_mngr.v:11]
	Parameter S_IDLE bound to: 0 - type: integer 
	Parameter S_HANDSHAKE bound to: 1 - type: integer 
INFO: [Synth 8-226] default block is never used [C:/Users/i3devmachine/mdom/updates/mdommb_rev1_fw/hdl/err_mngr/err_mngr.v:56]
INFO: [Synth 8-6155] done synthesizing module 'err_mngr' (52#1) [C:/Users/i3devmachine/mdom/updates/mdommb_rev1_fw/hdl/err_mngr/err_mngr.v:11]
WARNING: [Synth 8-6014] Unused sequential element n_burst_reg was removed.  [C:/Users/i3devmachine/mdom/updates/mdommb_rev1_fw/hdl/uart_proc_hs/uart_proc_hs.v:222]
WARNING: [Synth 8-6014] Unused sequential element err_reg was removed.  [C:/Users/i3devmachine/mdom/updates/mdommb_rev1_fw/hdl/uart_proc_hs/uart_proc_hs.v:223]
INFO: [Synth 8-6155] done synthesizing module 'uart_proc_hs' (53#1) [C:/Users/i3devmachine/mdom/updates/mdommb_rev1_fw/hdl/uart_proc_hs/uart_proc_hs.v:16]
INFO: [Synth 8-6157] synthesizing module 'FIFO_2048_32' [C:/Users/i3devmachine/mdom/updates/mdommb_rev1_fw/mDOM_mb_rev1.runs/synth_1/.Xil/Vivado-36800-i3DevBox/realtime/FIFO_2048_32_stub.v:6]
INFO: [Synth 8-6155] done synthesizing module 'FIFO_2048_32' (54#1) [C:/Users/i3devmachine/mdom/updates/mdommb_rev1_fw/mDOM_mb_rev1.runs/synth_1/.Xil/Vivado-36800-i3DevBox/realtime/FIFO_2048_32_stub.v:6]
INFO: [Synth 8-6155] done synthesizing module 'ft232r_proc_buffered' (55#1) [C:/Users/i3devmachine/mdom/updates/mdommb_rev1_fw/hdl/ft232r_proc_buffered/ft232r_proc_buffered.v:9]
INFO: [Synth 8-6157] synthesizing module 'crs_master' [C:/Users/i3devmachine/mdom/updates/mdommb_rev1_fw/hdl/crs_master/crs_master.v:16]
	Parameter S_IDLE bound to: 0 - type: integer 
	Parameter S_BWR_BUF_EMPTY bound to: 1 - type: integer 
	Parameter S_BWR_WAIT_0 bound to: 2 - type: integer 
	Parameter S_BWR_WRITE bound to: 3 - type: integer 
	Parameter S_ACK bound to: 4 - type: integer 
	Parameter S_RD_WAIT bound to: 5 - type: integer 
	Parameter L_RD_WAIT_CNT_MAX bound to: 2 - type: integer 
WARNING: [Synth 8-3936] Found unconnected internal register 'i_buf_wr_data_reg' and it is trimmed from '32' to '28' bits. [C:/Users/i3devmachine/mdom/updates/mdommb_rev1_fw/hdl/crs_master/crs_master.v:163]
INFO: [Synth 8-6155] done synthesizing module 'crs_master' (56#1) [C:/Users/i3devmachine/mdom/updates/mdommb_rev1_fw/hdl/crs_master/crs_master.v:16]
INFO: [Synth 8-6157] synthesizing module 'mDOM_trig_bundle_fan_in' [C:/Users/i3devmachine/mdom/updates/mdommb_rev1_fw/hdl/bundles/mDOM_trig_bundle/mDOM_trig_bundle_fan_in.v:1]
	Parameter L_WIDTH_MDOM_TRIG_BUNDLE_TRIG_ET bound to: 1 - type: integer 
	Parameter L_WIDTH_MDOM_TRIG_BUNDLE_TRIG_GT bound to: 1 - type: integer 
	Parameter L_WIDTH_MDOM_TRIG_BUNDLE_TRIG_LT bound to: 1 - type: integer 
	Parameter L_WIDTH_MDOM_TRIG_BUNDLE_TRIG_RUN bound to: 1 - type: integer 
	Parameter L_WIDTH_MDOM_TRIG_BUNDLE_DISCR_TRIG_POL bound to: 1 - type: integer 
	Parameter L_WIDTH_MDOM_TRIG_BUNDLE_TRIG_THRESH bound to: 12 - type: integer 
	Parameter L_WIDTH_MDOM_TRIG_BUNDLE_DISC_TRIG_EN bound to: 1 - type: integer 
	Parameter L_WIDTH_MDOM_TRIG_BUNDLE_THRESH_TRIG_EN bound to: 1 - type: integer 
	Parameter L_WIDTH_MDOM_TRIG_BUNDLE_EXT_TRIG_EN bound to: 1 - type: integer 
	Parameter L_START_POS_MDOM_TRIG_BUNDLE_TRIG_ET bound to: 0 - type: integer 
	Parameter L_START_POS_MDOM_TRIG_BUNDLE_TRIG_GT bound to: 1 - type: integer 
	Parameter L_START_POS_MDOM_TRIG_BUNDLE_TRIG_LT bound to: 2 - type: integer 
	Parameter L_START_POS_MDOM_TRIG_BUNDLE_TRIG_RUN bound to: 3 - type: integer 
	Parameter L_START_POS_MDOM_TRIG_BUNDLE_DISCR_TRIG_POL bound to: 4 - type: integer 
	Parameter L_START_POS_MDOM_TRIG_BUNDLE_TRIG_THRESH bound to: 5 - type: integer 
	Parameter L_START_POS_MDOM_TRIG_BUNDLE_DISC_TRIG_EN bound to: 17 - type: integer 
	Parameter L_START_POS_MDOM_TRIG_BUNDLE_THRESH_TRIG_EN bound to: 18 - type: integer 
	Parameter L_START_POS_MDOM_TRIG_BUNDLE_EXT_TRIG_EN bound to: 19 - type: integer 
	Parameter L_STOP_POS_MDOM_TRIG_BUNDLE_TRIG_ET bound to: 0 - type: integer 
	Parameter L_STOP_POS_MDOM_TRIG_BUNDLE_TRIG_GT bound to: 1 - type: integer 
	Parameter L_STOP_POS_MDOM_TRIG_BUNDLE_TRIG_LT bound to: 2 - type: integer 
	Parameter L_STOP_POS_MDOM_TRIG_BUNDLE_TRIG_RUN bound to: 3 - type: integer 
	Parameter L_STOP_POS_MDOM_TRIG_BUNDLE_DISCR_TRIG_POL bound to: 4 - type: integer 
	Parameter L_STOP_POS_MDOM_TRIG_BUNDLE_TRIG_THRESH bound to: 16 - type: integer 
	Parameter L_STOP_POS_MDOM_TRIG_BUNDLE_DISC_TRIG_EN bound to: 17 - type: integer 
	Parameter L_STOP_POS_MDOM_TRIG_BUNDLE_THRESH_TRIG_EN bound to: 18 - type: integer 
	Parameter L_STOP_POS_MDOM_TRIG_BUNDLE_EXT_TRIG_EN bound to: 19 - type: integer 
	Parameter L_WIDTH_MDOM_TRIG_BUNDLE_ZERO_PAD bound to: 0 - type: integer 
	Parameter L_WIDTH_MDOM_TRIG_BUNDLE bound to: 20 - type: integer 
INFO: [Synth 8-6155] done synthesizing module 'mDOM_trig_bundle_fan_in' (57#1) [C:/Users/i3devmachine/mdom/updates/mdommb_rev1_fw/hdl/bundles/mDOM_trig_bundle/mDOM_trig_bundle_fan_in.v:1]
INFO: [Synth 8-6157] synthesizing module 'mDOM_wvb_conf_bundle_fan_in' [C:/Users/i3devmachine/mdom/updates/mdommb_rev1_fw/hdl/bundles/mDOM_wvb_conf_bundle/mDOM_wvb_conf_bundle_fan_in.v:1]
	Parameter L_WIDTH_MDOM_WVB_CONF_BUNDLE_CNST_CONF bound to: 12 - type: integer 
	Parameter L_WIDTH_MDOM_WVB_CONF_BUNDLE_TEST_CONF bound to: 12 - type: integer 
	Parameter L_WIDTH_MDOM_WVB_CONF_BUNDLE_POST_CONF bound to: 8 - type: integer 
	Parameter L_WIDTH_MDOM_WVB_CONF_BUNDLE_PRE_CONF bound to: 5 - type: integer 
	Parameter L_WIDTH_MDOM_WVB_CONF_BUNDLE_ARM bound to: 1 - type: integer 
	Parameter L_WIDTH_MDOM_WVB_CONF_BUNDLE_TRIG_MODE bound to: 1 - type: integer 
	Parameter L_WIDTH_MDOM_WVB_CONF_BUNDLE_CNST_RUN bound to: 1 - type: integer 
	Parameter L_START_POS_MDOM_WVB_CONF_BUNDLE_CNST_CONF bound to: 0 - type: integer 
	Parameter L_START_POS_MDOM_WVB_CONF_BUNDLE_TEST_CONF bound to: 12 - type: integer 
	Parameter L_START_POS_MDOM_WVB_CONF_BUNDLE_POST_CONF bound to: 24 - type: integer 
	Parameter L_START_POS_MDOM_WVB_CONF_BUNDLE_PRE_CONF bound to: 32 - type: integer 
	Parameter L_START_POS_MDOM_WVB_CONF_BUNDLE_ARM bound to: 37 - type: integer 
	Parameter L_START_POS_MDOM_WVB_CONF_BUNDLE_TRIG_MODE bound to: 38 - type: integer 
	Parameter L_START_POS_MDOM_WVB_CONF_BUNDLE_CNST_RUN bound to: 39 - type: integer 
	Parameter L_STOP_POS_MDOM_WVB_CONF_BUNDLE_CNST_CONF bound to: 11 - type: integer 
	Parameter L_STOP_POS_MDOM_WVB_CONF_BUNDLE_TEST_CONF bound to: 23 - type: integer 
	Parameter L_STOP_POS_MDOM_WVB_CONF_BUNDLE_POST_CONF bound to: 31 - type: integer 
	Parameter L_STOP_POS_MDOM_WVB_CONF_BUNDLE_PRE_CONF bound to: 36 - type: integer 
	Parameter L_STOP_POS_MDOM_WVB_CONF_BUNDLE_ARM bound to: 37 - type: integer 
	Parameter L_STOP_POS_MDOM_WVB_CONF_BUNDLE_TRIG_MODE bound to: 38 - type: integer 
	Parameter L_STOP_POS_MDOM_WVB_CONF_BUNDLE_CNST_RUN bound to: 39 - type: integer 
	Parameter L_WIDTH_MDOM_WVB_CONF_BUNDLE_ZERO_PAD bound to: 0 - type: integer 
	Parameter L_WIDTH_MDOM_WVB_CONF_BUNDLE bound to: 40 - type: integer 
INFO: [Synth 8-6155] done synthesizing module 'mDOM_wvb_conf_bundle_fan_in' (58#1) [C:/Users/i3devmachine/mdom/updates/mdommb_rev1_fw/hdl/bundles/mDOM_wvb_conf_bundle/mDOM_wvb_conf_bundle_fan_in.v:1]
INFO: [Synth 8-6157] synthesizing module 'mDOM_bsum_bundle_fan_in' [C:/Users/i3devmachine/mdom/updates/mdommb_rev1_fw/hdl/bundles/mDOM_bsum_bundle/mDOM_bsum_bundle_fan_in.v:1]
	Parameter L_WIDTH_MDOM_BSUM_BUNDLE_PAUSE bound to: 1 - type: integer 
	Parameter L_WIDTH_MDOM_BSUM_BUNDLE_PAUSE_OVERRIDE bound to: 1 - type: integer 
	Parameter L_WIDTH_MDOM_BSUM_BUNDLE_SUM_LEN_SEL bound to: 3 - type: integer 
	Parameter L_WIDTH_MDOM_BSUM_BUNDLE_PAUSE_LEN bound to: 16 - type: integer 
	Parameter L_WIDTH_MDOM_BSUM_BUNDLE_DEV_LOW bound to: 12 - type: integer 
	Parameter L_WIDTH_MDOM_BSUM_BUNDLE_DEV_HIGH bound to: 12 - type: integer 
	Parameter L_START_POS_MDOM_BSUM_BUNDLE_PAUSE bound to: 0 - type: integer 
	Parameter L_START_POS_MDOM_BSUM_BUNDLE_PAUSE_OVERRIDE bound to: 1 - type: integer 
	Parameter L_START_POS_MDOM_BSUM_BUNDLE_SUM_LEN_SEL bound to: 2 - type: integer 
	Parameter L_START_POS_MDOM_BSUM_BUNDLE_PAUSE_LEN bound to: 5 - type: integer 
	Parameter L_START_POS_MDOM_BSUM_BUNDLE_DEV_LOW bound to: 21 - type: integer 
	Parameter L_START_POS_MDOM_BSUM_BUNDLE_DEV_HIGH bound to: 33 - type: integer 
	Parameter L_STOP_POS_MDOM_BSUM_BUNDLE_PAUSE bound to: 0 - type: integer 
	Parameter L_STOP_POS_MDOM_BSUM_BUNDLE_PAUSE_OVERRIDE bound to: 1 - type: integer 
	Parameter L_STOP_POS_MDOM_BSUM_BUNDLE_SUM_LEN_SEL bound to: 4 - type: integer 
	Parameter L_STOP_POS_MDOM_BSUM_BUNDLE_PAUSE_LEN bound to: 20 - type: integer 
	Parameter L_STOP_POS_MDOM_BSUM_BUNDLE_DEV_LOW bound to: 32 - type: integer 
	Parameter L_STOP_POS_MDOM_BSUM_BUNDLE_DEV_HIGH bound to: 44 - type: integer 
	Parameter L_WIDTH_MDOM_BSUM_BUNDLE_ZERO_PAD bound to: 0 - type: integer 
	Parameter L_WIDTH_MDOM_BSUM_BUNDLE bound to: 45 - type: integer 
INFO: [Synth 8-6155] done synthesizing module 'mDOM_bsum_bundle_fan_in' (59#1) [C:/Users/i3devmachine/mdom/updates/mdommb_rev1_fw/hdl/bundles/mDOM_bsum_bundle/mDOM_bsum_bundle_fan_in.v:1]
INFO: [Synth 8-6157] synthesizing module 'n_channel_mux__parameterized1' [C:/Users/i3devmachine/mdom/updates/mdommb_rev1_fw/hdl/n_channel_mux/n_channel_mux.v:13]
	Parameter N_INPUTS bound to: 24 - type: integer 
	Parameter INPUT_WIDTH bound to: 16 - type: integer 
	Parameter SEL_WIDTH bound to: 5 - type: integer 
INFO: [Synth 8-6155] done synthesizing module 'n_channel_mux__parameterized1' (59#1) [C:/Users/i3devmachine/mdom/updates/mdommb_rev1_fw/hdl/n_channel_mux/n_channel_mux.v:13]
INFO: [Synth 8-6157] synthesizing module 'n_channel_mux__parameterized2' [C:/Users/i3devmachine/mdom/updates/mdommb_rev1_fw/hdl/n_channel_mux/n_channel_mux.v:13]
	Parameter N_INPUTS bound to: 24 - type: integer 
	Parameter INPUT_WIDTH bound to: 10 - type: integer 
	Parameter SEL_WIDTH bound to: 5 - type: integer 
INFO: [Synth 8-6155] done synthesizing module 'n_channel_mux__parameterized2' (59#1) [C:/Users/i3devmachine/mdom/updates/mdommb_rev1_fw/hdl/n_channel_mux/n_channel_mux.v:13]
INFO: [Synth 8-6157] synthesizing module 'n_channel_mux__parameterized3' [C:/Users/i3devmachine/mdom/updates/mdommb_rev1_fw/hdl/n_channel_mux/n_channel_mux.v:13]
	Parameter N_INPUTS bound to: 24 - type: integer 
	Parameter INPUT_WIDTH bound to: 32 - type: integer 
	Parameter SEL_WIDTH bound to: 5 - type: integer 
INFO: [Synth 8-6155] done synthesizing module 'n_channel_mux__parameterized3' (59#1) [C:/Users/i3devmachine/mdom/updates/mdommb_rev1_fw/hdl/n_channel_mux/n_channel_mux.v:13]
INFO: [Synth 8-6157] synthesizing module 'one_shot' [C:/Users/i3devmachine/mdom/updates/mdommb_rev1_fw/hdl/one_shot/one_shot.v:2]
	Parameter P_N_WIDTH bound to: 32 - type: integer 
	Parameter P_IO_WIDTH bound to: 1 - type: integer 
INFO: [Synth 8-6155] done synthesizing module 'one_shot' (60#1) [C:/Users/i3devmachine/mdom/updates/mdommb_rev1_fw/hdl/one_shot/one_shot.v:2]
INFO: [Synth 8-6157] synthesizing module 'task_reg' [C:/Users/i3devmachine/mdom/updates/mdommb_rev1_fw/hdl/task_reg/task_reg.v:12]
	Parameter P_TASK_ADR bound to: 12'b111111100011 
INFO: [Synth 8-6155] done synthesizing module 'task_reg' (61#1) [C:/Users/i3devmachine/mdom/updates/mdommb_rev1_fw/hdl/task_reg/task_reg.v:12]
INFO: [Synth 8-6157] synthesizing module 'task_reg__parameterized0' [C:/Users/i3devmachine/mdom/updates/mdommb_rev1_fw/hdl/task_reg/task_reg.v:12]
	Parameter P_TASK_ADR bound to: 12'b101111011011 
INFO: [Synth 8-6155] done synthesizing module 'task_reg__parameterized0' (61#1) [C:/Users/i3devmachine/mdom/updates/mdommb_rev1_fw/hdl/task_reg/task_reg.v:12]
INFO: [Synth 8-6157] synthesizing module 'task_reg__parameterized1' [C:/Users/i3devmachine/mdom/updates/mdommb_rev1_fw/hdl/task_reg/task_reg.v:12]
	Parameter P_TASK_ADR bound to: 12'b101111010101 
INFO: [Synth 8-6155] done synthesizing module 'task_reg__parameterized1' (61#1) [C:/Users/i3devmachine/mdom/updates/mdommb_rev1_fw/hdl/task_reg/task_reg.v:12]
INFO: [Synth 8-6157] synthesizing module 'task_reg__parameterized2' [C:/Users/i3devmachine/mdom/updates/mdommb_rev1_fw/hdl/task_reg/task_reg.v:12]
	Parameter P_TASK_ADR bound to: 12'b111011111111 
INFO: [Synth 8-6155] done synthesizing module 'task_reg__parameterized2' (61#1) [C:/Users/i3devmachine/mdom/updates/mdommb_rev1_fw/hdl/task_reg/task_reg.v:12]
INFO: [Synth 8-6157] synthesizing module 'task_reg__parameterized3' [C:/Users/i3devmachine/mdom/updates/mdommb_rev1_fw/hdl/task_reg/task_reg.v:12]
	Parameter P_TASK_ADR bound to: 12'b101110011100 
INFO: [Synth 8-6155] done synthesizing module 'task_reg__parameterized3' (61#1) [C:/Users/i3devmachine/mdom/updates/mdommb_rev1_fw/hdl/task_reg/task_reg.v:12]
INFO: [Synth 8-6157] synthesizing module 'periodic_trigger_gen' [C:/Users/i3devmachine/mdom/updates/mdommb_rev1_fw/hdl/periodic_trigger_gen/periodic_trigger_gen.v:9]
INFO: [Synth 8-6155] done synthesizing module 'periodic_trigger_gen' (62#1) [C:/Users/i3devmachine/mdom/updates/mdommb_rev1_fw/hdl/periodic_trigger_gen/periodic_trigger_gen.v:9]
INFO: [Synth 8-6157] synthesizing module 'XDOM_DDR3_PG' [C:/Users/i3devmachine/mdom/updates/mdommb_rev1_fw/mDOM_mb_rev1.runs/synth_1/.Xil/Vivado-36800-i3DevBox/realtime/XDOM_DDR3_PG_stub.v:6]
INFO: [Synth 8-6155] done synthesizing module 'XDOM_DDR3_PG' (63#1) [C:/Users/i3devmachine/mdom/updates/mdommb_rev1_fw/mDOM_mb_rev1.runs/synth_1/.Xil/Vivado-36800-i3DevBox/realtime/XDOM_DDR3_PG_stub.v:6]
INFO: [Synth 8-6157] synthesizing module 'DIRECT_RDOUT_DPRAM' [C:/Users/i3devmachine/mdom/updates/mdommb_rev1_fw/mDOM_mb_rev1.runs/synth_1/.Xil/Vivado-36800-i3DevBox/realtime/DIRECT_RDOUT_DPRAM_stub.v:6]
INFO: [Synth 8-6155] done synthesizing module 'DIRECT_RDOUT_DPRAM' (64#1) [C:/Users/i3devmachine/mdom/updates/mdommb_rev1_fw/mDOM_mb_rev1.runs/synth_1/.Xil/Vivado-36800-i3DevBox/realtime/DIRECT_RDOUT_DPRAM_stub.v:6]
WARNING: [Synth 8-3936] Found unconnected internal register 'wds_used_mux_out_reg_reg' and it is trimmed from '16' to '13' bits. [C:/Users/i3devmachine/mdom/updates/mdommb_rev1_fw/hdl/xdom/xdom.v:527]
WARNING: [Synth 8-3848] Net debug_err_ack in module/entity xdom does not have driver. [C:/Users/i3devmachine/mdom/updates/mdommb_rev1_fw/hdl/xdom/xdom.v:240]
WARNING: [Synth 8-3848] Net icm_err_ack in module/entity xdom does not have driver. [C:/Users/i3devmachine/mdom/updates/mdommb_rev1_fw/hdl/xdom/xdom.v:278]
WARNING: [Synth 8-3848] Net mcu_err_ack in module/entity xdom does not have driver. [C:/Users/i3devmachine/mdom/updates/mdommb_rev1_fw/hdl/xdom/xdom.v:315]
INFO: [Synth 8-6155] done synthesizing module 'xdom' (65#1) [C:/Users/i3devmachine/mdom/updates/mdommb_rev1_fw/hdl/xdom/xdom.v:15]
INFO: [Synth 8-6157] synthesizing module 'IBUFDS' [C:/Xilinx/Vivado2019.1/Vivado/2019.1/scripts/rt/data/unisim_comp.v:32871]
	Parameter CAPACITANCE bound to: DONT_CARE - type: string 
	Parameter DIFF_TERM bound to: FALSE - type: string 
	Parameter DQS_BIAS bound to: FALSE - type: string 
	Parameter IBUF_DELAY_VALUE bound to: 0 - type: string 
	Parameter IBUF_LOW_PWR bound to: TRUE - type: string 
	Parameter IFD_DELAY_VALUE bound to: AUTO - type: string 
	Parameter IOSTANDARD bound to: DEFAULT - type: string 
INFO: [Synth 8-6155] done synthesizing module 'IBUFDS' (66#1) [C:/Xilinx/Vivado2019.1/Vivado/2019.1/scripts/rt/data/unisim_comp.v:32871]
INFO: [Synth 8-6157] synthesizing module 'icm_time_transfer' [C:/Users/i3devmachine/mdom/updates/mdommb_rev1_fw/hdl/icm_time_transfer/icm_time_transfer.v:12]
	Parameter SHIFT_CNT bound to: 40 - type: integer 
	Parameter EXPECTED_LTC_OFFSET bound to: 48'b000000000000000000000000000000000000000000000001 
	Parameter S_IDLE bound to: 0 - type: integer 
	Parameter S_NO_SYNC bound to: 1 - type: integer 
	Parameter S_FIRST_SYNC bound to: 2 - type: integer 
	Parameter S_RDY bound to: 3 - type: integer 
INFO: [Synth 8-6157] synthesizing module 'icm_ltc_des' [C:/Users/i3devmachine/mdom/updates/mdommb_rev1_fw/hdl/icm_time_transfer/icm_ltc_des.v:9]
	Parameter SHIFT_CNT bound to: 40 - type: integer 
	Parameter IDLE_CNT bound to: 4000 - type: integer 
	Parameter STOP_ERR_CNT bound to: 200 - type: integer 
	Parameter S_IDLE bound to: 0 - type: integer 
	Parameter S_RDY bound to: 1 - type: integer 
	Parameter S_START_0 bound to: 2 - type: integer 
	Parameter S_START_1 bound to: 3 - type: integer 
	Parameter S_SHIFT bound to: 4 - type: integer 
	Parameter S_STOP bound to: 5 - type: integer 
INFO: [Synth 8-6155] done synthesizing module 'icm_ltc_des' (67#1) [C:/Users/i3devmachine/mdom/updates/mdommb_rev1_fw/hdl/icm_time_transfer/icm_ltc_des.v:9]
INFO: [Synth 8-6155] done synthesizing module 'icm_time_transfer' (68#1) [C:/Users/i3devmachine/mdom/updates/mdommb_rev1_fw/hdl/icm_time_transfer/icm_time_transfer.v:12]
INFO: [Synth 8-6157] synthesizing module 'posedge_counter' [C:/Users/i3devmachine/mdom/updates/mdommb_rev1_fw/hdl/posedge_counter/posedge_counter.v:10]
INFO: [Synth 8-6155] done synthesizing module 'posedge_counter' (69#1) [C:/Users/i3devmachine/mdom/updates/mdommb_rev1_fw/hdl/posedge_counter/posedge_counter.v:10]
INFO: [Synth 8-6157] synthesizing module 'local_time_counter' [C:/Users/i3devmachine/mdom/updates/mdommb_rev1_fw/hdl/local_time_counter/local_time_counter.v:14]
	Parameter P_LTC_WIDTH bound to: 49 - type: integer 
INFO: [Synth 8-6155] done synthesizing module 'local_time_counter' (70#1) [C:/Users/i3devmachine/mdom/updates/mdommb_rev1_fw/hdl/local_time_counter/local_time_counter.v:14]
INFO: [Synth 8-6157] synthesizing module 'global_trigger' [C:/Users/i3devmachine/mdom/updates/mdommb_rev1_fw/hdl/global_trigger/global_trigger.v:10]
	Parameter N_CHANNELS bound to: 24 - type: integer 
	Parameter N_DISCR_BITS bound to: 8 - type: integer 
INFO: [Synth 8-6155] done synthesizing module 'global_trigger' (71#1) [C:/Users/i3devmachine/mdom/updates/mdommb_rev1_fw/hdl/global_trigger/global_trigger.v:10]
INFO: [Synth 8-6157] synthesizing module 'local_coincidence' [C:/Users/i3devmachine/mdom/updates/mdommb_rev1_fw/hdl/local_coincidence/local_coincidence.v:10]
	Parameter N_CHANNELS bound to: 24 - type: integer 
INFO: [Synth 8-6155] done synthesizing module 'local_coincidence' (72#1) [C:/Users/i3devmachine/mdom/updates/mdommb_rev1_fw/hdl/local_coincidence/local_coincidence.v:10]
INFO: [Synth 8-6157] synthesizing module 'hbuf_ctrl' [C:/Users/i3devmachine/mdom/updates/mdommb_rev1_fw/hdl/hbuf_ctrl/hbuf_ctrl.v:33]
	Parameter S_IDLE bound to: 0 - type: integer 
	Parameter S_WR_HDR bound to: 1 - type: integer 
	Parameter S_START_STREAM bound to: 2 - type: integer 
	Parameter S_WR_DATA bound to: 3 - type: integer 
	Parameter S_RDOUT_DPRAM_NOT_BUSY_WAIT bound to: 4 - type: integer 
	Parameter S_WR_FTR bound to: 5 - type: integer 
	Parameter S_SEND_PG bound to: 6 - type: integer 
	Parameter S_INC_WR_PG bound to: 7 - type: integer 
	Parameter S_FLUSH bound to: 8 - type: integer 
	Parameter S_FLUSH_ACK bound to: 9 - type: integer 
	Parameter S_FULL bound to: 10 - type: integer 
	Parameter S_CRC_WAIT bound to: 11 - type: integer 
	Parameter S_PRE_REQ_WAIT bound to: 12 - type: integer 
	Parameter S_PG_DPRAM_BUSY_WAIT bound to: 13 - type: integer 
	Parameter S_PG_DPRAM_NOT_BUSY_WAIT bound to: 14 - type: integer 
	Parameter DPRAM_RD_LATENCY bound to: 2 - type: integer 
	Parameter LAST_PG_DPRAM_ADDR bound to: 511 - type: integer 
	Parameter HDR bound to: 64'b0101010101010101101010101010101001010101010101011010000000000000 
	Parameter PRE_REQ_WAIT_CNT_MAX bound to: 5 - type: integer 
INFO: [Synth 8-6157] synthesizing module 'double_buffer' [C:/Users/i3devmachine/mdom/updates/mdommb_rev1_fw/hdl/double_buffer/double_buffer.v:14]
	Parameter P_WR_ADDR_WIDTH bound to: 8 - type: integer 
	Parameter P_WR_DATA_WIDTH bound to: 128 - type: integer 
	Parameter P_RD_ADDR_WIDTH bound to: 9 - type: integer 
	Parameter P_RD_DATA_WIDTH bound to: 64 - type: integer 
	Parameter P_SYNC_RD_ADDR bound to: 0 - type: integer 
	Parameter S_IDLE bound to: 0 - type: integer 
	Parameter S_BUSY_WAIT bound to: 1 - type: integer 
	Parameter S_NOT_BUSY_WAIT bound to: 2 - type: integer 
INFO: [Synth 8-6157] synthesizing module 'HBUF_RDOUT_DOUBLE_BUFFER' [C:/Users/i3devmachine/mdom/updates/mdommb_rev1_fw/mDOM_mb_rev1.runs/synth_1/.Xil/Vivado-36800-i3DevBox/realtime/HBUF_RDOUT_DOUBLE_BUFFER_stub.v:6]
INFO: [Synth 8-6155] done synthesizing module 'HBUF_RDOUT_DOUBLE_BUFFER' (73#1) [C:/Users/i3devmachine/mdom/updates/mdommb_rev1_fw/mDOM_mb_rev1.runs/synth_1/.Xil/Vivado-36800-i3DevBox/realtime/HBUF_RDOUT_DOUBLE_BUFFER_stub.v:6]
INFO: [Synth 8-6155] done synthesizing module 'double_buffer' (74#1) [C:/Users/i3devmachine/mdom/updates/mdommb_rev1_fw/hdl/double_buffer/double_buffer.v:14]
INFO: [Synth 8-6157] synthesizing module 'double_buffer__parameterized0' [C:/Users/i3devmachine/mdom/updates/mdommb_rev1_fw/hdl/double_buffer/double_buffer.v:14]
	Parameter P_WR_ADDR_WIDTH bound to: 9 - type: integer 
	Parameter P_WR_DATA_WIDTH bound to: 64 - type: integer 
	Parameter P_RD_ADDR_WIDTH bound to: 8 - type: integer 
	Parameter P_RD_DATA_WIDTH bound to: 128 - type: integer 
	Parameter P_SYNC_RD_ADDR bound to: 1 - type: integer 
	Parameter S_IDLE bound to: 0 - type: integer 
	Parameter S_BUSY_WAIT bound to: 1 - type: integer 
	Parameter S_NOT_BUSY_WAIT bound to: 2 - type: integer 
INFO: [Synth 8-6157] synthesizing module 'HBUF_DDR3_PG_DOUBLE_BUFFER' [C:/Users/i3devmachine/mdom/updates/mdommb_rev1_fw/mDOM_mb_rev1.runs/synth_1/.Xil/Vivado-36800-i3DevBox/realtime/HBUF_DDR3_PG_DOUBLE_BUFFER_stub.v:6]
INFO: [Synth 8-6155] done synthesizing module 'HBUF_DDR3_PG_DOUBLE_BUFFER' (75#1) [C:/Users/i3devmachine/mdom/updates/mdommb_rev1_fw/mDOM_mb_rev1.runs/synth_1/.Xil/Vivado-36800-i3DevBox/realtime/HBUF_DDR3_PG_DOUBLE_BUFFER_stub.v:6]
INFO: [Synth 8-6155] done synthesizing module 'double_buffer__parameterized0' (75#1) [C:/Users/i3devmachine/mdom/updates/mdommb_rev1_fw/hdl/double_buffer/double_buffer.v:14]
INFO: [Synth 8-6157] synthesizing module 'crc16_64b_parallel' [C:/Users/i3devmachine/mdom/updates/mdommb_rev1_fw/hdl/crc16_64b_parallel/crc16_64b_parallel.v:14]
INFO: [Synth 8-6155] done synthesizing module 'crc16_64b_parallel' (76#1) [C:/Users/i3devmachine/mdom/updates/mdommb_rev1_fw/hdl/crc16_64b_parallel/crc16_64b_parallel.v:14]
INFO: [Synth 8-155] case statement is not full and has no default [C:/Users/i3devmachine/mdom/updates/mdommb_rev1_fw/hdl/hbuf_ctrl/hbuf_ctrl.v:562]
INFO: [Synth 8-6155] done synthesizing module 'hbuf_ctrl' (77#1) [C:/Users/i3devmachine/mdom/updates/mdommb_rev1_fw/hdl/hbuf_ctrl/hbuf_ctrl.v:33]
INFO: [Synth 8-6157] synthesizing module 'wvb_reader' [C:/Users/i3devmachine/mdom/updates/mdommb_rev1_fw/hdl/wvb_reader/wvb_reader.v:12]
	Parameter P_DATA_WIDTH bound to: 85 - type: integer 
	Parameter N_CHANNELS bound to: 3 - type: integer 
	Parameter P_WVB_ADR_WIDTH bound to: 11 - type: integer 
	Parameter P_DPRAM_ADR_WIDTH bound to: 8 - type: integer 
	Parameter P_HDR_WIDTH bound to: 111 - type: integer 
	Parameter P_FMT bound to: 3 - type: integer 
	Parameter S_IDLE bound to: 0 - type: integer 
	Parameter S_RD_CTRL_REQ bound to: 1 - type: integer 
	Parameter S_DPRAM_BUSY_WAIT bound to: 2 - type: integer 
	Parameter S_DPRAM_DONE bound to: 3 - type: integer 
INFO: [Synth 8-6157] synthesizing module 'wvb_rd_ctrl_fmt_3' [C:/Users/i3devmachine/mdom/updates/mdommb_rev1_fw/hdl/wvb_rd_ctrl/wvb_rd_ctrl_fmt_3.v:48]
	Parameter P_WVB_ADR_WIDTH bound to: 11 - type: integer 
	Parameter P_DATA_WIDTH bound to: 85 - type: integer 
	Parameter P_HDR_WIDTH bound to: 111 - type: integer 
	Parameter L_FMT bound to: 8'b10010011 
	Parameter L_DPRAM_A_LAST_DATA bound to: 8'b11111110 
	Parameter S_IDLE bound to: 0 - type: integer 
	Parameter S_HDR bound to: 1 - type: integer 
	Parameter S_WAIT bound to: 2 - type: integer 
	Parameter S_SAMPLE_WORD bound to: 3 - type: integer 
	Parameter S_ACK bound to: 4 - type: integer 
	Parameter WAIT_CNT_MAX bound to: 5 - type: integer 
INFO: [Synth 8-6155] done synthesizing module 'wvb_rd_ctrl_fmt_3' (78#1) [C:/Users/i3devmachine/mdom/updates/mdommb_rev1_fw/hdl/wvb_rd_ctrl/wvb_rd_ctrl_fmt_3.v:48]
INFO: [Synth 8-6157] synthesizing module 'n_channel_mux__parameterized4' [C:/Users/i3devmachine/mdom/updates/mdommb_rev1_fw/hdl/n_channel_mux/n_channel_mux.v:13]
	Parameter N_INPUTS bound to: 3 - type: integer 
	Parameter INPUT_WIDTH bound to: 85 - type: integer 
	Parameter SEL_WIDTH bound to: 5 - type: integer 
INFO: [Synth 8-6155] done synthesizing module 'n_channel_mux__parameterized4' (78#1) [C:/Users/i3devmachine/mdom/updates/mdommb_rev1_fw/hdl/n_channel_mux/n_channel_mux.v:13]
INFO: [Synth 8-6157] synthesizing module 'n_channel_mux__parameterized5' [C:/Users/i3devmachine/mdom/updates/mdommb_rev1_fw/hdl/n_channel_mux/n_channel_mux.v:13]
	Parameter N_INPUTS bound to: 3 - type: integer 
	Parameter INPUT_WIDTH bound to: 111 - type: integer 
	Parameter SEL_WIDTH bound to: 5 - type: integer 
INFO: [Synth 8-6155] done synthesizing module 'n_channel_mux__parameterized5' (78#1) [C:/Users/i3devmachine/mdom/updates/mdommb_rev1_fw/hdl/n_channel_mux/n_channel_mux.v:13]
INFO: [Synth 8-6157] synthesizing module 'n_channel_mux__parameterized6' [C:/Users/i3devmachine/mdom/updates/mdommb_rev1_fw/hdl/n_channel_mux/n_channel_mux.v:13]
	Parameter N_INPUTS bound to: 3 - type: integer 
	Parameter INPUT_WIDTH bound to: 1 - type: integer 
	Parameter SEL_WIDTH bound to: 5 - type: integer 
INFO: [Synth 8-6155] done synthesizing module 'n_channel_mux__parameterized6' (78#1) [C:/Users/i3devmachine/mdom/updates/mdommb_rev1_fw/hdl/n_channel_mux/n_channel_mux.v:13]
INFO: [Synth 8-6155] done synthesizing module 'wvb_reader' (79#1) [C:/Users/i3devmachine/mdom/updates/mdommb_rev1_fw/hdl/wvb_reader/wvb_reader.v:12]
INFO: [Synth 8-6157] synthesizing module 'DDR3_pg_transfer_mux' [C:/Users/i3devmachine/mdom/updates/mdommb_rev1_fw/hdl/DDR3/DDR3_pg_transfer_mux.v:10]
	Parameter S_REQ_WAIT bound to: 0 - type: integer 
	Parameter S_PG_REQ bound to: 1 - type: integer 
	Parameter S_CLEAR_WAIT bound to: 2 - type: integer 
INFO: [Synth 8-6155] done synthesizing module 'DDR3_pg_transfer_mux' (80#1) [C:/Users/i3devmachine/mdom/updates/mdommb_rev1_fw/hdl/DDR3/DDR3_pg_transfer_mux.v:10]
INFO: [Synth 8-6157] synthesizing module 'DDR3_DPRAM_transfer' [C:/Users/i3devmachine/mdom/updates/mdommb_rev1_fw/hdl/DDR3/DDR3_DPRAM_transfer.v:7]
INFO: [Synth 8-6157] synthesizing module 'DDR3_pg_transfer_ctrl' [C:/Users/i3devmachine/mdom/updates/mdommb_rev1_fw/hdl/DDR3/DDR3_pg_transfer_ctrl.v:8]
INFO: [Common 17-14] Message 'Synth 8-6157' appears 100 times and further instances of the messages will be disabled. Use the Tcl command set_msg_config to change the current settings.
	Parameter APP_CMD_WRITE bound to: 0 - type: integer 
	Parameter APP_CMD_RD bound to: 1 - type: integer 
	Parameter DPRAM_RD_LATENCY bound to: 2 - type: integer 
	Parameter REQS_PER_PG bound to: 256 - type: integer 
	Parameter N_APP_REQS_MAX bound to: 255 - type: integer 
	Parameter N_DPRAM_OPS_MAX bound to: 255 - type: integer 
	Parameter OPREAD bound to: 0 - type: integer 
	Parameter OPWRITE bound to: 1 - type: integer 
	Parameter S_IDLE bound to: 0 - type: integer 
	Parameter S_WR_PG_BEGIN bound to: 1 - type: integer 
	Parameter S_APP_REQ_WR bound to: 2 - type: integer 
	Parameter S_RD_PG_BEGIN bound to: 3 - type: integer 
	Parameter S_APP_REQ_RD bound to: 4 - type: integer 
	Parameter S_DPRAM_FSM_CHECK bound to: 5 - type: integer 
	Parameter S_ACK bound to: 6 - type: integer 
	Parameter S_START_WR_STREAM bound to: 1 - type: integer 
	Parameter S_WR_STREAM bound to: 2 - type: integer 
	Parameter S_WR_HOLD bound to: 3 - type: integer 
	Parameter S_RD_STREAM bound to: 4 - type: integer 
INFO: [Synth 8-4471] merging register 'app_wdf_end_reg' into 'app_wdf_wren_reg' [C:/Users/i3devmachine/mdom/updates/mdommb_rev1_fw/hdl/DDR3/DDR3_pg_transfer_ctrl.v:216]
WARNING: [Synth 8-6014] Unused sequential element app_wdf_end_reg was removed.  [C:/Users/i3devmachine/mdom/updates/mdommb_rev1_fw/hdl/DDR3/DDR3_pg_transfer_ctrl.v:216]
INFO: [Synth 8-6155] done synthesizing module 'DDR3_pg_transfer_ctrl' (81#1) [C:/Users/i3devmachine/mdom/updates/mdommb_rev1_fw/hdl/DDR3/DDR3_pg_transfer_ctrl.v:8]
INFO: [Synth 8-6155] done synthesizing module 'mig_7series_0' (82#1) [C:/Users/i3devmachine/mdom/updates/mdommb_rev1_fw/mDOM_mb_rev1.runs/synth_1/.Xil/Vivado-36800-i3DevBox/realtime/mig_7series_0_stub.v:5]
INFO: [Synth 8-6155] done synthesizing module 'DDR3_DPRAM_transfer' (83#1) [C:/Users/i3devmachine/mdom/updates/mdommb_rev1_fw/hdl/DDR3/DDR3_DPRAM_transfer.v:7]
INFO: [Common 17-14] Message 'Synth 8-6155' appears 100 times and further instances of the messages will be disabled. Use the Tcl command set_msg_config to change the current settings.
	Parameter MAX_WAIT_CNT bound to: 16'b0000000000000010 
	Parameter I_CNT_MAX bound to: 28'b0001001100010010110100000000 
	Parameter N_CHANNELS bound to: 24 - type: integer 
	Parameter P_LTC_WIDTH bound to: 49 - type: integer 
	Parameter S_IDLE bound to: 0 - type: integer 
	Parameter S_QUERY bound to: 1 - type: integer 
	Parameter S_WRITE bound to: 2 - type: integer 
	Parameter S_ACK bound to: 3 - type: integer 
	Parameter S_FULL bound to: 4 - type: integer 
	Parameter N_INPUTS bound to: 24 - type: integer 
	Parameter INPUT_WIDTH bound to: 49 - type: integer 
	Parameter SEL_WIDTH bound to: 5 - type: integer 
	Parameter N_INPUTS bound to: 24 - type: integer 
	Parameter INPUT_WIDTH bound to: 1 - type: integer 
	Parameter SEL_WIDTH bound to: 5 - type: integer 
	Parameter P_RD_DATA_WIDTH bound to: 24 - type: integer 
	Parameter P_WR_DATA_WIDTH bound to: 24 - type: integer 
	Parameter S_IDLE bound to: 0 - type: integer 
	Parameter S_VALID_MAX_CNT_CHECK bound to: 1 - type: integer 
	Parameter S_COUNT bound to: 2 - type: integer 
	Parameter S_ACK bound to: 3 - type: integer 
	Parameter S_IDLE bound to: 0 - type: integer 
	Parameter S_CALC bound to: 1 - type: integer 
	Parameter P_Y_INIT bound to: 0 - type: integer 
	Parameter S0 bound to: 0 - type: integer 
	Parameter S1 bound to: 1 - type: integer 
	Parameter S2 bound to: 2 - type: integer 
	Parameter P_Y_INIT bound to: 0 - type: integer 
	Parameter P_DATA_WIDTH bound to: 24 - type: integer 
	Parameter S0 bound to: 0 - type: integer 
	Parameter S1 bound to: 1 - type: integer 
INFO: [Synth 8-226] default block is never used [C:/Users/i3devmachine/mdom/updates/mdommb_rev1_fw/hdl/serial_rx/serial_rx.v:59]
	Parameter P_Y_INIT bound to: 0 - type: integer 
	Parameter P_DATA_WIDTH bound to: 24 - type: integer 
	Parameter S0 bound to: 0 - type: integer 
	Parameter S1 bound to: 1 - type: integer 
INFO: [Synth 8-226] default block is never used [C:/Users/i3devmachine/mdom/updates/mdommb_rev1_fw/hdl/serial_tx/serial_tx.v:61]
INFO: [Synth 8-226] default block is never used [C:/Users/i3devmachine/mdom/updates/mdommb_rev1_fw/hdl/spi_master/spi_master.v:212]
	Parameter P_RD_DATA_WIDTH bound to: 32 - type: integer 
	Parameter P_WR_DATA_WIDTH bound to: 32 - type: integer 
	Parameter S_IDLE bound to: 0 - type: integer 
	Parameter S_VALID_MAX_CNT_CHECK bound to: 1 - type: integer 
	Parameter S_COUNT bound to: 2 - type: integer 
	Parameter S_ACK bound to: 3 - type: integer 
	Parameter P_Y_INIT bound to: 0 - type: integer 
	Parameter P_DATA_WIDTH bound to: 32 - type: integer 
	Parameter S0 bound to: 0 - type: integer 
	Parameter S1 bound to: 1 - type: integer 
INFO: [Synth 8-226] default block is never used [C:/Users/i3devmachine/mdom/updates/mdommb_rev1_fw/hdl/serial_rx/serial_rx.v:59]
	Parameter P_Y_INIT bound to: 0 - type: integer 
	Parameter P_DATA_WIDTH bound to: 32 - type: integer 
	Parameter S0 bound to: 0 - type: integer 
	Parameter S1 bound to: 1 - type: integer 
INFO: [Synth 8-226] default block is never used [C:/Users/i3devmachine/mdom/updates/mdommb_rev1_fw/hdl/serial_tx/serial_tx.v:61]
INFO: [Synth 8-226] default block is never used [C:/Users/i3devmachine/mdom/updates/mdommb_rev1_fw/hdl/spi_master/spi_master.v:212]
	Parameter P_RD_DATA_WIDTH bound to: 19 - type: integer 
	Parameter P_WR_DATA_WIDTH bound to: 19 - type: integer 
	Parameter S_IDLE bound to: 0 - type: integer 
	Parameter S_VALID_MAX_CNT_CHECK bound to: 1 - type: integer 
	Parameter S_COUNT bound to: 2 - type: integer 
	Parameter S_ACK bound to: 3 - type: integer 
	Parameter P_Y_INIT bound to: 0 - type: integer 
	Parameter P_DATA_WIDTH bound to: 19 - type: integer 
	Parameter S0 bound to: 0 - type: integer 
	Parameter S1 bound to: 1 - type: integer 
INFO: [Synth 8-226] default block is never used [C:/Users/i3devmachine/mdom/updates/mdommb_rev1_fw/hdl/serial_rx/serial_rx.v:59]
	Parameter P_Y_INIT bound to: 0 - type: integer 
	Parameter P_DATA_WIDTH bound to: 19 - type: integer 
	Parameter S0 bound to: 0 - type: integer 
	Parameter S1 bound to: 1 - type: integer 
INFO: [Synth 8-226] default block is never used [C:/Users/i3devmachine/mdom/updates/mdommb_rev1_fw/hdl/serial_tx/serial_tx.v:61]
INFO: [Synth 8-226] default block is never used [C:/Users/i3devmachine/mdom/updates/mdommb_rev1_fw/hdl/spi_master/spi_master.v:212]
	Parameter DIFFERENTIAL bound to: 0 - type: integer 
	Parameter S_IDLE bound to: 0 - type: integer 
	Parameter S_FIRE bound to: 1 - type: integer 
	Parameter S_TX_RD_IDLE bound to: 0 - type: integer 
	Parameter S_TX_RD_WAIT bound to: 1 - type: integer 
	Parameter S_TX_RD_CTRL_ACK bound to: 2 - type: integer 
	Parameter S_TX_RD_EX_ACK bound to: 3 - type: integer 
	Parameter S_IDLE bound to: 0 - type: integer 
	Parameter S_WAIT bound to: 1 - type: integer 
	Parameter S_START_0 bound to: 2 - type: integer 
	Parameter S_START_1 bound to: 3 - type: integer 
	Parameter S_DATA_0 bound to: 4 - type: integer 
	Parameter S_DATA_1 bound to: 5 - type: integer 
	Parameter S_DATA_2 bound to: 6 - type: integer 
	Parameter S_ACK_0 bound to: 7 - type: integer 
	Parameter S_ACK_1 bound to: 8 - type: integer 
	Parameter S_ACK_2 bound to: 9 - type: integer 
	Parameter S_COMPLETE bound to: 10 - type: integer 
	Parameter S_STOP_0 bound to: 11 - type: integer 
	Parameter S_STOP_1 bound to: 12 - type: integer 
	Parameter S_STOP_2 bound to: 13 - type: integer 
	Parameter S_CTRL_ACK bound to: 14 - type: integer 
INFO: [Synth 8-226] default block is never used [C:/Users/i3devmachine/mdom/updates/mdommb_rev1_fw/hdl/i2c_master/i2c_master.v:219]
INFO: [Synth 8-226] default block is never used [C:/Users/i3devmachine/mdom/updates/mdommb_rev1_fw/hdl/i2c_master/i2c_master.v:271]
	Parameter TICKS_PER_STATE bound to: 40000000 - type: integer 
	Parameter S_LEFT bound to: 1'b0 
	Parameter S_RIGHT bound to: 1'b1 
INFO: [Synth 8-226] default block is never used [C:/Users/i3devmachine/mdom/updates/mdommb_rev1_fw/hdl/knight_rider/knight_rider.v:34]
WARNING: [Synth 8-3917] design top has port FTD_UART_CTSn driven by constant 0
WARNING: [Synth 8-3917] design top has port FMC_IRQ3 driven by constant 0
WARNING: [Synth 8-3917] design top has port FMC_IRQ2 driven by constant 0
WARNING: [Synth 8-3917] design top has port FMC_IRQ1 driven by constant 0
WARNING: [Synth 8-3917] design top has port TRIG_OUT driven by constant 0
WARNING: [Synth 8-3917] design top has port DDR3_CLK100_OUT driven by constant 0
WARNING: [Synth 8-3331] design n_channel_mux__parameterized0 has unconnected port sel[4]
WARNING: [Synth 8-3331] design n_channel_mux__parameterized0 has unconnected port sel[3]
WARNING: [Synth 8-3331] design n_channel_mux has unconnected port sel[4]
WARNING: [Synth 8-3331] design n_channel_mux has unconnected port sel[3]
WARNING: [Synth 8-3331] design waveform_buffer_storage has unconnected port wvb_data_in[0]
WARNING: [Synth 8-3331] design waveform_acquisition has unconnected port wvb_trig_test_out
WARNING: [Synth 8-3331] design i2c_byte has unconnected port scl_i
WARNING: [Synth 8-3331] design n_channel_mux__parameterized6 has unconnected port sel[4]
WARNING: [Synth 8-3331] design n_channel_mux__parameterized6 has unconnected port sel[3]
WARNING: [Synth 8-3331] design n_channel_mux__parameterized6 has unconnected port sel[2]
WARNING: [Synth 8-3331] design n_channel_mux__parameterized5 has unconnected port sel[4]
WARNING: [Synth 8-3331] design n_channel_mux__parameterized5 has unconnected port sel[3]
WARNING: [Synth 8-3331] design n_channel_mux__parameterized5 has unconnected port sel[2]
WARNING: [Synth 8-3331] design n_channel_mux__parameterized4 has unconnected port sel[4]
WARNING: [Synth 8-3331] design n_channel_mux__parameterized4 has unconnected port sel[3]
WARNING: [Synth 8-3331] design n_channel_mux__parameterized4 has unconnected port sel[2]
WARNING: [Synth 8-3331] design wvb_rd_ctrl_fmt_3 has unconnected port dpram_mode
WARNING: [Synth 8-3331] design crs_master has unconnected port a0_buf_wr_data[31]
WARNING: [Synth 8-3331] design crs_master has unconnected port a0_buf_wr_data[30]
WARNING: [Synth 8-3331] design crs_master has unconnected port a0_buf_wr_data[29]
WARNING: [Synth 8-3331] design crs_master has unconnected port a0_buf_wr_data[28]
WARNING: [Synth 8-3331] design crs_master has unconnected port a1_buf_wr_data[31]
WARNING: [Synth 8-3331] design crs_master has unconnected port a1_buf_wr_data[30]
WARNING: [Synth 8-3331] design crs_master has unconnected port a1_buf_wr_data[29]
WARNING: [Synth 8-3331] design crs_master has unconnected port a1_buf_wr_data[28]
WARNING: [Synth 8-3331] design crs_master has unconnected port a2_buf_wr_data[31]
WARNING: [Synth 8-3331] design crs_master has unconnected port a2_buf_wr_data[30]
WARNING: [Synth 8-3331] design crs_master has unconnected port a2_buf_wr_data[29]
WARNING: [Synth 8-3331] design crs_master has unconnected port a2_buf_wr_data[28]
WARNING: [Synth 8-3331] design crs_master has unconnected port a3_buf_wr_data[31]
WARNING: [Synth 8-3331] design crs_master has unconnected port a3_buf_wr_data[30]
WARNING: [Synth 8-3331] design crs_master has unconnected port a3_buf_wr_data[29]
WARNING: [Synth 8-3331] design crs_master has unconnected port a3_buf_wr_data[28]
WARNING: [Synth 8-3331] design xdom has unconnected port i2cm_0_tx_fifo_full
WARNING: [Synth 8-3331] design xdom has unconnected port i2cm_0_tx_fifo_empty
WARNING: [Synth 8-3331] design xdom has unconnected port scdb_wds_used_0[15]
WARNING: [Synth 8-3331] design xdom has unconnected port scdb_wds_used_0[14]
WARNING: [Synth 8-3331] design xdom has unconnected port scdb_wds_used_0[13]
WARNING: [Synth 8-3331] design xdom has unconnected port scdb_wds_used_1[15]
WARNING: [Synth 8-3331] design xdom has unconnected port scdb_wds_used_1[14]
WARNING: [Synth 8-3331] design xdom has unconnected port scdb_wds_used_1[13]
WARNING: [Synth 8-3331] design xdom has unconnected port scdb_wds_used_2[15]
WARNING: [Synth 8-3331] design xdom has unconnected port scdb_wds_used_2[14]
WARNING: [Synth 8-3331] design xdom has unconnected port scdb_wds_used_2[13]
WARNING: [Synth 8-3331] design top has unconnected port QOSC_CLK_P1V8
WARNING: [Synth 8-3331] design top has unconnected port FTD_UART_RTSn
WARNING: [Synth 8-3331] design top has unconnected port FPGA_GPIO_1
WARNING: [Synth 8-3331] design top has unconnected port MCU_USART6_TX
WARNING: [Synth 8-3331] design top has unconnected port MCU_USART6_RX
WARNING: [Synth 8-3331] design top has unconnected port MCU_CAL_A0
WARNING: [Synth 8-3331] design top has unconnected port MCU_CAL_A1
WARNING: [Synth 8-3331] design top has unconnected port MCU_CAL_A2
WARNING: [Synth 8-3331] design top has unconnected port MCU_CAL_A3
WARNING: [Synth 8-3331] design top has unconnected port MCU_CAL_A4
WARNING: [Synth 8-3331] design top has unconnected port MCU_AFE_SEL
WARNING: [Synth 8-3331] design top has unconnected port MCU_CAL_SS
WARNING: [Synth 8-3331] design top has unconnected port MCU_CAL_MOSI
WARNING: [Synth 8-3331] design top has unconnected port MCU_CAL_MISO
---------------------------------------------------------------------------------
Finished RTL Elaboration : Time (s): cpu = 00:00:03 ; elapsed = 00:00:05 . Memory (MB): peak = 935.836 ; gain = 369.582
---------------------------------------------------------------------------------

Report Check Netlist: 
+------+------------------+-------+---------+-------+------------------+
|      |Item              |Errors |Warnings |Status |Description       |
+------+------------------+-------+---------+-------+------------------+
|1     |multi_driven_nets |      0|        0|Passed |Multi driven nets |
+------+------------------+-------+---------+-------+------------------+
---------------------------------------------------------------------------------
Start Handling Custom Attributes
---------------------------------------------------------------------------------
---------------------------------------------------------------------------------
Finished Handling Custom Attributes : Time (s): cpu = 00:00:04 ; elapsed = 00:00:06 . Memory (MB): peak = 935.836 ; gain = 369.582
---------------------------------------------------------------------------------
---------------------------------------------------------------------------------
Finished RTL Optimization Phase 1 : Time (s): cpu = 00:00:04 ; elapsed = 00:00:06 . Memory (MB): peak = 935.836 ; gain = 369.582
---------------------------------------------------------------------------------
INFO: [Netlist 29-17] Analyzing 33 Unisim elements for replacement
INFO: [Netlist 29-28] Unisim Transformation completed in 0 CPU seconds
INFO: [Project 1-570] Preparing netlist for logic optimization

Processing XDC Constraints
Initializing timing engine
Parsing XDC File [c:/Users/i3devmachine/mdom/updates/mdommb_rev1_fw/mDOM_mb_rev1.srcs/sources_1/ip/MDOM_CHANNEL_HDR_FIFO/MDOM_CHANNEL_HDR_FIFO/BUILT_IN_FIFO_512_108_in_context.xdc] for cell 'waveform_acq_gen[0].WFM_ACQ/WVB/WBS/DIST_HDR_FIFO/HDR_FIFO'
Finished Parsing XDC File [c:/Users/i3devmachine/mdom/updates/mdommb_rev1_fw/mDOM_mb_rev1.srcs/sources_1/ip/MDOM_CHANNEL_HDR_FIFO/MDOM_CHANNEL_HDR_FIFO/BUILT_IN_FIFO_512_108_in_context.xdc] for cell 'waveform_acq_gen[0].WFM_ACQ/WVB/WBS/DIST_HDR_FIFO/HDR_FIFO'
Parsing XDC File [c:/Users/i3devmachine/mdom/updates/mdommb_rev1_fw/mDOM_mb_rev1.srcs/sources_1/ip/MDOM_CHANNEL_HDR_FIFO/MDOM_CHANNEL_HDR_FIFO/BUILT_IN_FIFO_512_108_in_context.xdc] for cell 'waveform_acq_gen[1].WFM_ACQ/WVB/WBS/DIST_HDR_FIFO/HDR_FIFO'
Finished Parsing XDC File [c:/Users/i3devmachine/mdom/updates/mdommb_rev1_fw/mDOM_mb_rev1.srcs/sources_1/ip/MDOM_CHANNEL_HDR_FIFO/MDOM_CHANNEL_HDR_FIFO/BUILT_IN_FIFO_512_108_in_context.xdc] for cell 'waveform_acq_gen[1].WFM_ACQ/WVB/WBS/DIST_HDR_FIFO/HDR_FIFO'
Parsing XDC File [c:/Users/i3devmachine/mdom/updates/mdommb_rev1_fw/mDOM_mb_rev1.srcs/sources_1/ip/MDOM_CHANNEL_HDR_FIFO/MDOM_CHANNEL_HDR_FIFO/BUILT_IN_FIFO_512_108_in_context.xdc] for cell 'waveform_acq_gen[2].WFM_ACQ/WVB/WBS/DIST_HDR_FIFO/HDR_FIFO'
Finished Parsing XDC File [c:/Users/i3devmachine/mdom/updates/mdommb_rev1_fw/mDOM_mb_rev1.srcs/sources_1/ip/MDOM_CHANNEL_HDR_FIFO/MDOM_CHANNEL_HDR_FIFO/BUILT_IN_FIFO_512_108_in_context.xdc] for cell 'waveform_acq_gen[2].WFM_ACQ/WVB/WBS/DIST_HDR_FIFO/HDR_FIFO'
Parsing XDC File [c:/Users/i3devmachine/mdom/updates/mdommb_rev1_fw/mDOM_mb_rev1.srcs/sources_1/ip/MDOM_CHANNEL_HDR_FIFO/MDOM_CHANNEL_HDR_FIFO/BUILT_IN_FIFO_512_108_in_context.xdc] for cell 'waveform_acq_gen[3].WFM_ACQ/WVB/WBS/DIST_HDR_FIFO/HDR_FIFO'
Finished Parsing XDC File [c:/Users/i3devmachine/mdom/updates/mdommb_rev1_fw/mDOM_mb_rev1.srcs/sources_1/ip/MDOM_CHANNEL_HDR_FIFO/MDOM_CHANNEL_HDR_FIFO/BUILT_IN_FIFO_512_108_in_context.xdc] for cell 'waveform_acq_gen[3].WFM_ACQ/WVB/WBS/DIST_HDR_FIFO/HDR_FIFO'
Parsing XDC File [c:/Users/i3devmachine/mdom/updates/mdommb_rev1_fw/mDOM_mb_rev1.srcs/sources_1/ip/MDOM_CHANNEL_HDR_FIFO/MDOM_CHANNEL_HDR_FIFO/BUILT_IN_FIFO_512_108_in_context.xdc] for cell 'waveform_acq_gen[4].WFM_ACQ/WVB/WBS/DIST_HDR_FIFO/HDR_FIFO'
Finished Parsing XDC File [c:/Users/i3devmachine/mdom/updates/mdommb_rev1_fw/mDOM_mb_rev1.srcs/sources_1/ip/MDOM_CHANNEL_HDR_FIFO/MDOM_CHANNEL_HDR_FIFO/BUILT_IN_FIFO_512_108_in_context.xdc] for cell 'waveform_acq_gen[4].WFM_ACQ/WVB/WBS/DIST_HDR_FIFO/HDR_FIFO'
Parsing XDC File [c:/Users/i3devmachine/mdom/updates/mdommb_rev1_fw/mDOM_mb_rev1.srcs/sources_1/ip/MDOM_CHANNEL_HDR_FIFO/MDOM_CHANNEL_HDR_FIFO/BUILT_IN_FIFO_512_108_in_context.xdc] for cell 'waveform_acq_gen[5].WFM_ACQ/WVB/WBS/DIST_HDR_FIFO/HDR_FIFO'
Finished Parsing XDC File [c:/Users/i3devmachine/mdom/updates/mdommb_rev1_fw/mDOM_mb_rev1.srcs/sources_1/ip/MDOM_CHANNEL_HDR_FIFO/MDOM_CHANNEL_HDR_FIFO/BUILT_IN_FIFO_512_108_in_context.xdc] for cell 'waveform_acq_gen[5].WFM_ACQ/WVB/WBS/DIST_HDR_FIFO/HDR_FIFO'
Parsing XDC File [c:/Users/i3devmachine/mdom/updates/mdommb_rev1_fw/mDOM_mb_rev1.srcs/sources_1/ip/MDOM_CHANNEL_HDR_FIFO/MDOM_CHANNEL_HDR_FIFO/BUILT_IN_FIFO_512_108_in_context.xdc] for cell 'waveform_acq_gen[6].WFM_ACQ/WVB/WBS/DIST_HDR_FIFO/HDR_FIFO'
Finished Parsing XDC File [c:/Users/i3devmachine/mdom/updates/mdommb_rev1_fw/mDOM_mb_rev1.srcs/sources_1/ip/MDOM_CHANNEL_HDR_FIFO/MDOM_CHANNEL_HDR_FIFO/BUILT_IN_FIFO_512_108_in_context.xdc] for cell 'waveform_acq_gen[6].WFM_ACQ/WVB/WBS/DIST_HDR_FIFO/HDR_FIFO'
Parsing XDC File [c:/Users/i3devmachine/mdom/updates/mdommb_rev1_fw/mDOM_mb_rev1.srcs/sources_1/ip/MDOM_CHANNEL_HDR_FIFO/MDOM_CHANNEL_HDR_FIFO/BUILT_IN_FIFO_512_108_in_context.xdc] for cell 'waveform_acq_gen[7].WFM_ACQ/WVB/WBS/DIST_HDR_FIFO/HDR_FIFO'
Finished Parsing XDC File [c:/Users/i3devmachine/mdom/updates/mdommb_rev1_fw/mDOM_mb_rev1.srcs/sources_1/ip/MDOM_CHANNEL_HDR_FIFO/MDOM_CHANNEL_HDR_FIFO/BUILT_IN_FIFO_512_108_in_context.xdc] for cell 'waveform_acq_gen[7].WFM_ACQ/WVB/WBS/DIST_HDR_FIFO/HDR_FIFO'
Parsing XDC File [c:/Users/i3devmachine/mdom/updates/mdommb_rev1_fw/mDOM_mb_rev1.srcs/sources_1/ip/MDOM_CHANNEL_HDR_FIFO/MDOM_CHANNEL_HDR_FIFO/BUILT_IN_FIFO_512_108_in_context.xdc] for cell 'waveform_acq_gen[8].WFM_ACQ/WVB/WBS/DIST_HDR_FIFO/HDR_FIFO'
Finished Parsing XDC File [c:/Users/i3devmachine/mdom/updates/mdommb_rev1_fw/mDOM_mb_rev1.srcs/sources_1/ip/MDOM_CHANNEL_HDR_FIFO/MDOM_CHANNEL_HDR_FIFO/BUILT_IN_FIFO_512_108_in_context.xdc] for cell 'waveform_acq_gen[8].WFM_ACQ/WVB/WBS/DIST_HDR_FIFO/HDR_FIFO'
Parsing XDC File [c:/Users/i3devmachine/mdom/updates/mdommb_rev1_fw/mDOM_mb_rev1.srcs/sources_1/ip/MDOM_CHANNEL_HDR_FIFO/MDOM_CHANNEL_HDR_FIFO/BUILT_IN_FIFO_512_108_in_context.xdc] for cell 'waveform_acq_gen[9].WFM_ACQ/WVB/WBS/DIST_HDR_FIFO/HDR_FIFO'
Finished Parsing XDC File [c:/Users/i3devmachine/mdom/updates/mdommb_rev1_fw/mDOM_mb_rev1.srcs/sources_1/ip/MDOM_CHANNEL_HDR_FIFO/MDOM_CHANNEL_HDR_FIFO/BUILT_IN_FIFO_512_108_in_context.xdc] for cell 'waveform_acq_gen[9].WFM_ACQ/WVB/WBS/DIST_HDR_FIFO/HDR_FIFO'
Parsing XDC File [c:/Users/i3devmachine/mdom/updates/mdommb_rev1_fw/mDOM_mb_rev1.srcs/sources_1/ip/MDOM_CHANNEL_HDR_FIFO/MDOM_CHANNEL_HDR_FIFO/BUILT_IN_FIFO_512_108_in_context.xdc] for cell 'waveform_acq_gen[10].WFM_ACQ/WVB/WBS/DIST_HDR_FIFO/HDR_FIFO'
Finished Parsing XDC File [c:/Users/i3devmachine/mdom/updates/mdommb_rev1_fw/mDOM_mb_rev1.srcs/sources_1/ip/MDOM_CHANNEL_HDR_FIFO/MDOM_CHANNEL_HDR_FIFO/BUILT_IN_FIFO_512_108_in_context.xdc] for cell 'waveform_acq_gen[10].WFM_ACQ/WVB/WBS/DIST_HDR_FIFO/HDR_FIFO'
Parsing XDC File [c:/Users/i3devmachine/mdom/updates/mdommb_rev1_fw/mDOM_mb_rev1.srcs/sources_1/ip/MDOM_CHANNEL_HDR_FIFO/MDOM_CHANNEL_HDR_FIFO/BUILT_IN_FIFO_512_108_in_context.xdc] for cell 'waveform_acq_gen[11].WFM_ACQ/WVB/WBS/DIST_HDR_FIFO/HDR_FIFO'
Finished Parsing XDC File [c:/Users/i3devmachine/mdom/updates/mdommb_rev1_fw/mDOM_mb_rev1.srcs/sources_1/ip/MDOM_CHANNEL_HDR_FIFO/MDOM_CHANNEL_HDR_FIFO/BUILT_IN_FIFO_512_108_in_context.xdc] for cell 'waveform_acq_gen[11].WFM_ACQ/WVB/WBS/DIST_HDR_FIFO/HDR_FIFO'
Parsing XDC File [c:/Users/i3devmachine/mdom/updates/mdommb_rev1_fw/mDOM_mb_rev1.srcs/sources_1/ip/MDOM_CHANNEL_HDR_FIFO/MDOM_CHANNEL_HDR_FIFO/BUILT_IN_FIFO_512_108_in_context.xdc] for cell 'waveform_acq_gen[12].WFM_ACQ/WVB/WBS/DIST_HDR_FIFO/HDR_FIFO'
Finished Parsing XDC File [c:/Users/i3devmachine/mdom/updates/mdommb_rev1_fw/mDOM_mb_rev1.srcs/sources_1/ip/MDOM_CHANNEL_HDR_FIFO/MDOM_CHANNEL_HDR_FIFO/BUILT_IN_FIFO_512_108_in_context.xdc] for cell 'waveform_acq_gen[12].WFM_ACQ/WVB/WBS/DIST_HDR_FIFO/HDR_FIFO'
Parsing XDC File [c:/Users/i3devmachine/mdom/updates/mdommb_rev1_fw/mDOM_mb_rev1.srcs/sources_1/ip/MDOM_CHANNEL_HDR_FIFO/MDOM_CHANNEL_HDR_FIFO/BUILT_IN_FIFO_512_108_in_context.xdc] for cell 'waveform_acq_gen[13].WFM_ACQ/WVB/WBS/DIST_HDR_FIFO/HDR_FIFO'
Finished Parsing XDC File [c:/Users/i3devmachine/mdom/updates/mdommb_rev1_fw/mDOM_mb_rev1.srcs/sources_1/ip/MDOM_CHANNEL_HDR_FIFO/MDOM_CHANNEL_HDR_FIFO/BUILT_IN_FIFO_512_108_in_context.xdc] for cell 'waveform_acq_gen[13].WFM_ACQ/WVB/WBS/DIST_HDR_FIFO/HDR_FIFO'
Parsing XDC File [c:/Users/i3devmachine/mdom/updates/mdommb_rev1_fw/mDOM_mb_rev1.srcs/sources_1/ip/MDOM_CHANNEL_HDR_FIFO/MDOM_CHANNEL_HDR_FIFO/BUILT_IN_FIFO_512_108_in_context.xdc] for cell 'waveform_acq_gen[14].WFM_ACQ/WVB/WBS/DIST_HDR_FIFO/HDR_FIFO'
Finished Parsing XDC File [c:/Users/i3devmachine/mdom/updates/mdommb_rev1_fw/mDOM_mb_rev1.srcs/sources_1/ip/MDOM_CHANNEL_HDR_FIFO/MDOM_CHANNEL_HDR_FIFO/BUILT_IN_FIFO_512_108_in_context.xdc] for cell 'waveform_acq_gen[14].WFM_ACQ/WVB/WBS/DIST_HDR_FIFO/HDR_FIFO'
Parsing XDC File [c:/Users/i3devmachine/mdom/updates/mdommb_rev1_fw/mDOM_mb_rev1.srcs/sources_1/ip/MDOM_CHANNEL_HDR_FIFO/MDOM_CHANNEL_HDR_FIFO/BUILT_IN_FIFO_512_108_in_context.xdc] for cell 'waveform_acq_gen[15].WFM_ACQ/WVB/WBS/DIST_HDR_FIFO/HDR_FIFO'
Finished Parsing XDC File [c:/Users/i3devmachine/mdom/updates/mdommb_rev1_fw/mDOM_mb_rev1.srcs/sources_1/ip/MDOM_CHANNEL_HDR_FIFO/MDOM_CHANNEL_HDR_FIFO/BUILT_IN_FIFO_512_108_in_context.xdc] for cell 'waveform_acq_gen[15].WFM_ACQ/WVB/WBS/DIST_HDR_FIFO/HDR_FIFO'
Parsing XDC File [c:/Users/i3devmachine/mdom/updates/mdommb_rev1_fw/mDOM_mb_rev1.srcs/sources_1/ip/MDOM_CHANNEL_HDR_FIFO/MDOM_CHANNEL_HDR_FIFO/BUILT_IN_FIFO_512_108_in_context.xdc] for cell 'waveform_acq_gen[16].WFM_ACQ/WVB/WBS/DIST_HDR_FIFO/HDR_FIFO'
Finished Parsing XDC File [c:/Users/i3devmachine/mdom/updates/mdommb_rev1_fw/mDOM_mb_rev1.srcs/sources_1/ip/MDOM_CHANNEL_HDR_FIFO/MDOM_CHANNEL_HDR_FIFO/BUILT_IN_FIFO_512_108_in_context.xdc] for cell 'waveform_acq_gen[16].WFM_ACQ/WVB/WBS/DIST_HDR_FIFO/HDR_FIFO'
Parsing XDC File [c:/Users/i3devmachine/mdom/updates/mdommb_rev1_fw/mDOM_mb_rev1.srcs/sources_1/ip/MDOM_CHANNEL_HDR_FIFO/MDOM_CHANNEL_HDR_FIFO/BUILT_IN_FIFO_512_108_in_context.xdc] for cell 'waveform_acq_gen[17].WFM_ACQ/WVB/WBS/DIST_HDR_FIFO/HDR_FIFO'
Finished Parsing XDC File [c:/Users/i3devmachine/mdom/updates/mdommb_rev1_fw/mDOM_mb_rev1.srcs/sources_1/ip/MDOM_CHANNEL_HDR_FIFO/MDOM_CHANNEL_HDR_FIFO/BUILT_IN_FIFO_512_108_in_context.xdc] for cell 'waveform_acq_gen[17].WFM_ACQ/WVB/WBS/DIST_HDR_FIFO/HDR_FIFO'
Parsing XDC File [c:/Users/i3devmachine/mdom/updates/mdommb_rev1_fw/mDOM_mb_rev1.srcs/sources_1/ip/MDOM_CHANNEL_HDR_FIFO/MDOM_CHANNEL_HDR_FIFO/BUILT_IN_FIFO_512_108_in_context.xdc] for cell 'waveform_acq_gen[18].WFM_ACQ/WVB/WBS/DIST_HDR_FIFO/HDR_FIFO'
Finished Parsing XDC File [c:/Users/i3devmachine/mdom/updates/mdommb_rev1_fw/mDOM_mb_rev1.srcs/sources_1/ip/MDOM_CHANNEL_HDR_FIFO/MDOM_CHANNEL_HDR_FIFO/BUILT_IN_FIFO_512_108_in_context.xdc] for cell 'waveform_acq_gen[18].WFM_ACQ/WVB/WBS/DIST_HDR_FIFO/HDR_FIFO'
Parsing XDC File [c:/Users/i3devmachine/mdom/updates/mdommb_rev1_fw/mDOM_mb_rev1.srcs/sources_1/ip/MDOM_CHANNEL_HDR_FIFO/MDOM_CHANNEL_HDR_FIFO/BUILT_IN_FIFO_512_108_in_context.xdc] for cell 'waveform_acq_gen[19].WFM_ACQ/WVB/WBS/DIST_HDR_FIFO/HDR_FIFO'
Finished Parsing XDC File [c:/Users/i3devmachine/mdom/updates/mdommb_rev1_fw/mDOM_mb_rev1.srcs/sources_1/ip/MDOM_CHANNEL_HDR_FIFO/MDOM_CHANNEL_HDR_FIFO/BUILT_IN_FIFO_512_108_in_context.xdc] for cell 'waveform_acq_gen[19].WFM_ACQ/WVB/WBS/DIST_HDR_FIFO/HDR_FIFO'
Parsing XDC File [c:/Users/i3devmachine/mdom/updates/mdommb_rev1_fw/mDOM_mb_rev1.srcs/sources_1/ip/MDOM_CHANNEL_HDR_FIFO/MDOM_CHANNEL_HDR_FIFO/BUILT_IN_FIFO_512_108_in_context.xdc] for cell 'waveform_acq_gen[20].WFM_ACQ/WVB/WBS/DIST_HDR_FIFO/HDR_FIFO'
Finished Parsing XDC File [c:/Users/i3devmachine/mdom/updates/mdommb_rev1_fw/mDOM_mb_rev1.srcs/sources_1/ip/MDOM_CHANNEL_HDR_FIFO/MDOM_CHANNEL_HDR_FIFO/BUILT_IN_FIFO_512_108_in_context.xdc] for cell 'waveform_acq_gen[20].WFM_ACQ/WVB/WBS/DIST_HDR_FIFO/HDR_FIFO'
Parsing XDC File [c:/Users/i3devmachine/mdom/updates/mdommb_rev1_fw/mDOM_mb_rev1.srcs/sources_1/ip/MDOM_CHANNEL_HDR_FIFO/MDOM_CHANNEL_HDR_FIFO/BUILT_IN_FIFO_512_108_in_context.xdc] for cell 'waveform_acq_gen[21].WFM_ACQ/WVB/WBS/DIST_HDR_FIFO/HDR_FIFO'
Finished Parsing XDC File [c:/Users/i3devmachine/mdom/updates/mdommb_rev1_fw/mDOM_mb_rev1.srcs/sources_1/ip/MDOM_CHANNEL_HDR_FIFO/MDOM_CHANNEL_HDR_FIFO/BUILT_IN_FIFO_512_108_in_context.xdc] for cell 'waveform_acq_gen[21].WFM_ACQ/WVB/WBS/DIST_HDR_FIFO/HDR_FIFO'
Parsing XDC File [c:/Users/i3devmachine/mdom/updates/mdommb_rev1_fw/mDOM_mb_rev1.srcs/sources_1/ip/MDOM_CHANNEL_HDR_FIFO/MDOM_CHANNEL_HDR_FIFO/BUILT_IN_FIFO_512_108_in_context.xdc] for cell 'waveform_acq_gen[22].WFM_ACQ/WVB/WBS/DIST_HDR_FIFO/HDR_FIFO'
Finished Parsing XDC File [c:/Users/i3devmachine/mdom/updates/mdommb_rev1_fw/mDOM_mb_rev1.srcs/sources_1/ip/MDOM_CHANNEL_HDR_FIFO/MDOM_CHANNEL_HDR_FIFO/BUILT_IN_FIFO_512_108_in_context.xdc] for cell 'waveform_acq_gen[22].WFM_ACQ/WVB/WBS/DIST_HDR_FIFO/HDR_FIFO'
Parsing XDC File [c:/Users/i3devmachine/mdom/updates/mdommb_rev1_fw/mDOM_mb_rev1.srcs/sources_1/ip/MDOM_CHANNEL_HDR_FIFO/MDOM_CHANNEL_HDR_FIFO/BUILT_IN_FIFO_512_108_in_context.xdc] for cell 'waveform_acq_gen[23].WFM_ACQ/WVB/WBS/DIST_HDR_FIFO/HDR_FIFO'
Finished Parsing XDC File [c:/Users/i3devmachine/mdom/updates/mdommb_rev1_fw/mDOM_mb_rev1.srcs/sources_1/ip/MDOM_CHANNEL_HDR_FIFO/MDOM_CHANNEL_HDR_FIFO/BUILT_IN_FIFO_512_108_in_context.xdc] for cell 'waveform_acq_gen[23].WFM_ACQ/WVB/WBS/DIST_HDR_FIFO/HDR_FIFO'
Parsing XDC File [c:/Users/i3devmachine/mdom/updates/mdommb_rev1_fw/mDOM_mb_rev1.srcs/sources_1/ip/DIRECT_RDOUT_DPRAM/DIRECT_RDOUT_DPRAM/DIRECT_RDOUT_DPRAM_in_context.xdc] for cell 'XDOM_0/RDOUT_DPRAM'
Finished Parsing XDC File [c:/Users/i3devmachine/mdom/updates/mdommb_rev1_fw/mDOM_mb_rev1.srcs/sources_1/ip/DIRECT_RDOUT_DPRAM/DIRECT_RDOUT_DPRAM/DIRECT_RDOUT_DPRAM_in_context.xdc] for cell 'XDOM_0/RDOUT_DPRAM'
Parsing XDC File [c:/Users/i3devmachine/mdom/updates/mdommb_rev1_fw/mDOM_mb_rev1.srcs/sources_1/ip/DIST_BUFFER_32_22/DIST_BUFFER_32_22/DIST_BUFFER_32_22_in_context.xdc] for cell 'waveform_acq_gen[0].WFM_ACQ/WVB/PTB/DIST_PTB'
Finished Parsing XDC File [c:/Users/i3devmachine/mdom/updates/mdommb_rev1_fw/mDOM_mb_rev1.srcs/sources_1/ip/DIST_BUFFER_32_22/DIST_BUFFER_32_22/DIST_BUFFER_32_22_in_context.xdc] for cell 'waveform_acq_gen[0].WFM_ACQ/WVB/PTB/DIST_PTB'
Parsing XDC File [c:/Users/i3devmachine/mdom/updates/mdommb_rev1_fw/mDOM_mb_rev1.srcs/sources_1/ip/DIST_BUFFER_32_22/DIST_BUFFER_32_22/DIST_BUFFER_32_22_in_context.xdc] for cell 'waveform_acq_gen[1].WFM_ACQ/WVB/PTB/DIST_PTB'
Finished Parsing XDC File [c:/Users/i3devmachine/mdom/updates/mdommb_rev1_fw/mDOM_mb_rev1.srcs/sources_1/ip/DIST_BUFFER_32_22/DIST_BUFFER_32_22/DIST_BUFFER_32_22_in_context.xdc] for cell 'waveform_acq_gen[1].WFM_ACQ/WVB/PTB/DIST_PTB'
Parsing XDC File [c:/Users/i3devmachine/mdom/updates/mdommb_rev1_fw/mDOM_mb_rev1.srcs/sources_1/ip/DIST_BUFFER_32_22/DIST_BUFFER_32_22/DIST_BUFFER_32_22_in_context.xdc] for cell 'waveform_acq_gen[2].WFM_ACQ/WVB/PTB/DIST_PTB'
Finished Parsing XDC File [c:/Users/i3devmachine/mdom/updates/mdommb_rev1_fw/mDOM_mb_rev1.srcs/sources_1/ip/DIST_BUFFER_32_22/DIST_BUFFER_32_22/DIST_BUFFER_32_22_in_context.xdc] for cell 'waveform_acq_gen[2].WFM_ACQ/WVB/PTB/DIST_PTB'
Parsing XDC File [c:/Users/i3devmachine/mdom/updates/mdommb_rev1_fw/mDOM_mb_rev1.srcs/sources_1/ip/DIST_BUFFER_32_22/DIST_BUFFER_32_22/DIST_BUFFER_32_22_in_context.xdc] for cell 'waveform_acq_gen[3].WFM_ACQ/WVB/PTB/DIST_PTB'
Finished Parsing XDC File [c:/Users/i3devmachine/mdom/updates/mdommb_rev1_fw/mDOM_mb_rev1.srcs/sources_1/ip/DIST_BUFFER_32_22/DIST_BUFFER_32_22/DIST_BUFFER_32_22_in_context.xdc] for cell 'waveform_acq_gen[3].WFM_ACQ/WVB/PTB/DIST_PTB'
Parsing XDC File [c:/Users/i3devmachine/mdom/updates/mdommb_rev1_fw/mDOM_mb_rev1.srcs/sources_1/ip/DIST_BUFFER_32_22/DIST_BUFFER_32_22/DIST_BUFFER_32_22_in_context.xdc] for cell 'waveform_acq_gen[4].WFM_ACQ/WVB/PTB/DIST_PTB'
Finished Parsing XDC File [c:/Users/i3devmachine/mdom/updates/mdommb_rev1_fw/mDOM_mb_rev1.srcs/sources_1/ip/DIST_BUFFER_32_22/DIST_BUFFER_32_22/DIST_BUFFER_32_22_in_context.xdc] for cell 'waveform_acq_gen[4].WFM_ACQ/WVB/PTB/DIST_PTB'
Parsing XDC File [c:/Users/i3devmachine/mdom/updates/mdommb_rev1_fw/mDOM_mb_rev1.srcs/sources_1/ip/DIST_BUFFER_32_22/DIST_BUFFER_32_22/DIST_BUFFER_32_22_in_context.xdc] for cell 'waveform_acq_gen[5].WFM_ACQ/WVB/PTB/DIST_PTB'
Finished Parsing XDC File [c:/Users/i3devmachine/mdom/updates/mdommb_rev1_fw/mDOM_mb_rev1.srcs/sources_1/ip/DIST_BUFFER_32_22/DIST_BUFFER_32_22/DIST_BUFFER_32_22_in_context.xdc] for cell 'waveform_acq_gen[5].WFM_ACQ/WVB/PTB/DIST_PTB'
Parsing XDC File [c:/Users/i3devmachine/mdom/updates/mdommb_rev1_fw/mDOM_mb_rev1.srcs/sources_1/ip/DIST_BUFFER_32_22/DIST_BUFFER_32_22/DIST_BUFFER_32_22_in_context.xdc] for cell 'waveform_acq_gen[6].WFM_ACQ/WVB/PTB/DIST_PTB'
Finished Parsing XDC File [c:/Users/i3devmachine/mdom/updates/mdommb_rev1_fw/mDOM_mb_rev1.srcs/sources_1/ip/DIST_BUFFER_32_22/DIST_BUFFER_32_22/DIST_BUFFER_32_22_in_context.xdc] for cell 'waveform_acq_gen[6].WFM_ACQ/WVB/PTB/DIST_PTB'
Parsing XDC File [c:/Users/i3devmachine/mdom/updates/mdommb_rev1_fw/mDOM_mb_rev1.srcs/sources_1/ip/DIST_BUFFER_32_22/DIST_BUFFER_32_22/DIST_BUFFER_32_22_in_context.xdc] for cell 'waveform_acq_gen[7].WFM_ACQ/WVB/PTB/DIST_PTB'
Finished Parsing XDC File [c:/Users/i3devmachine/mdom/updates/mdommb_rev1_fw/mDOM_mb_rev1.srcs/sources_1/ip/DIST_BUFFER_32_22/DIST_BUFFER_32_22/DIST_BUFFER_32_22_in_context.xdc] for cell 'waveform_acq_gen[7].WFM_ACQ/WVB/PTB/DIST_PTB'
Parsing XDC File [c:/Users/i3devmachine/mdom/updates/mdommb_rev1_fw/mDOM_mb_rev1.srcs/sources_1/ip/DIST_BUFFER_32_22/DIST_BUFFER_32_22/DIST_BUFFER_32_22_in_context.xdc] for cell 'waveform_acq_gen[8].WFM_ACQ/WVB/PTB/DIST_PTB'
Finished Parsing XDC File [c:/Users/i3devmachine/mdom/updates/mdommb_rev1_fw/mDOM_mb_rev1.srcs/sources_1/ip/DIST_BUFFER_32_22/DIST_BUFFER_32_22/DIST_BUFFER_32_22_in_context.xdc] for cell 'waveform_acq_gen[8].WFM_ACQ/WVB/PTB/DIST_PTB'
Parsing XDC File [c:/Users/i3devmachine/mdom/updates/mdommb_rev1_fw/mDOM_mb_rev1.srcs/sources_1/ip/DIST_BUFFER_32_22/DIST_BUFFER_32_22/DIST_BUFFER_32_22_in_context.xdc] for cell 'waveform_acq_gen[9].WFM_ACQ/WVB/PTB/DIST_PTB'
Finished Parsing XDC File [c:/Users/i3devmachine/mdom/updates/mdommb_rev1_fw/mDOM_mb_rev1.srcs/sources_1/ip/DIST_BUFFER_32_22/DIST_BUFFER_32_22/DIST_BUFFER_32_22_in_context.xdc] for cell 'waveform_acq_gen[9].WFM_ACQ/WVB/PTB/DIST_PTB'
Parsing XDC File [c:/Users/i3devmachine/mdom/updates/mdommb_rev1_fw/mDOM_mb_rev1.srcs/sources_1/ip/DIST_BUFFER_32_22/DIST_BUFFER_32_22/DIST_BUFFER_32_22_in_context.xdc] for cell 'waveform_acq_gen[10].WFM_ACQ/WVB/PTB/DIST_PTB'
Finished Parsing XDC File [c:/Users/i3devmachine/mdom/updates/mdommb_rev1_fw/mDOM_mb_rev1.srcs/sources_1/ip/DIST_BUFFER_32_22/DIST_BUFFER_32_22/DIST_BUFFER_32_22_in_context.xdc] for cell 'waveform_acq_gen[10].WFM_ACQ/WVB/PTB/DIST_PTB'
Parsing XDC File [c:/Users/i3devmachine/mdom/updates/mdommb_rev1_fw/mDOM_mb_rev1.srcs/sources_1/ip/DIST_BUFFER_32_22/DIST_BUFFER_32_22/DIST_BUFFER_32_22_in_context.xdc] for cell 'waveform_acq_gen[11].WFM_ACQ/WVB/PTB/DIST_PTB'
Finished Parsing XDC File [c:/Users/i3devmachine/mdom/updates/mdommb_rev1_fw/mDOM_mb_rev1.srcs/sources_1/ip/DIST_BUFFER_32_22/DIST_BUFFER_32_22/DIST_BUFFER_32_22_in_context.xdc] for cell 'waveform_acq_gen[11].WFM_ACQ/WVB/PTB/DIST_PTB'
Parsing XDC File [c:/Users/i3devmachine/mdom/updates/mdommb_rev1_fw/mDOM_mb_rev1.srcs/sources_1/ip/DIST_BUFFER_32_22/DIST_BUFFER_32_22/DIST_BUFFER_32_22_in_context.xdc] for cell 'waveform_acq_gen[12].WFM_ACQ/WVB/PTB/DIST_PTB'
Finished Parsing XDC File [c:/Users/i3devmachine/mdom/updates/mdommb_rev1_fw/mDOM_mb_rev1.srcs/sources_1/ip/DIST_BUFFER_32_22/DIST_BUFFER_32_22/DIST_BUFFER_32_22_in_context.xdc] for cell 'waveform_acq_gen[12].WFM_ACQ/WVB/PTB/DIST_PTB'
Parsing XDC File [c:/Users/i3devmachine/mdom/updates/mdommb_rev1_fw/mDOM_mb_rev1.srcs/sources_1/ip/DIST_BUFFER_32_22/DIST_BUFFER_32_22/DIST_BUFFER_32_22_in_context.xdc] for cell 'waveform_acq_gen[13].WFM_ACQ/WVB/PTB/DIST_PTB'
Finished Parsing XDC File [c:/Users/i3devmachine/mdom/updates/mdommb_rev1_fw/mDOM_mb_rev1.srcs/sources_1/ip/DIST_BUFFER_32_22/DIST_BUFFER_32_22/DIST_BUFFER_32_22_in_context.xdc] for cell 'waveform_acq_gen[13].WFM_ACQ/WVB/PTB/DIST_PTB'
Parsing XDC File [c:/Users/i3devmachine/mdom/updates/mdommb_rev1_fw/mDOM_mb_rev1.srcs/sources_1/ip/DIST_BUFFER_32_22/DIST_BUFFER_32_22/DIST_BUFFER_32_22_in_context.xdc] for cell 'waveform_acq_gen[14].WFM_ACQ/WVB/PTB/DIST_PTB'
Finished Parsing XDC File [c:/Users/i3devmachine/mdom/updates/mdommb_rev1_fw/mDOM_mb_rev1.srcs/sources_1/ip/DIST_BUFFER_32_22/DIST_BUFFER_32_22/DIST_BUFFER_32_22_in_context.xdc] for cell 'waveform_acq_gen[14].WFM_ACQ/WVB/PTB/DIST_PTB'
Parsing XDC File [c:/Users/i3devmachine/mdom/updates/mdommb_rev1_fw/mDOM_mb_rev1.srcs/sources_1/ip/DIST_BUFFER_32_22/DIST_BUFFER_32_22/DIST_BUFFER_32_22_in_context.xdc] for cell 'waveform_acq_gen[15].WFM_ACQ/WVB/PTB/DIST_PTB'
Finished Parsing XDC File [c:/Users/i3devmachine/mdom/updates/mdommb_rev1_fw/mDOM_mb_rev1.srcs/sources_1/ip/DIST_BUFFER_32_22/DIST_BUFFER_32_22/DIST_BUFFER_32_22_in_context.xdc] for cell 'waveform_acq_gen[15].WFM_ACQ/WVB/PTB/DIST_PTB'
Parsing XDC File [c:/Users/i3devmachine/mdom/updates/mdommb_rev1_fw/mDOM_mb_rev1.srcs/sources_1/ip/DIST_BUFFER_32_22/DIST_BUFFER_32_22/DIST_BUFFER_32_22_in_context.xdc] for cell 'waveform_acq_gen[16].WFM_ACQ/WVB/PTB/DIST_PTB'
Finished Parsing XDC File [c:/Users/i3devmachine/mdom/updates/mdommb_rev1_fw/mDOM_mb_rev1.srcs/sources_1/ip/DIST_BUFFER_32_22/DIST_BUFFER_32_22/DIST_BUFFER_32_22_in_context.xdc] for cell 'waveform_acq_gen[16].WFM_ACQ/WVB/PTB/DIST_PTB'
Parsing XDC File [c:/Users/i3devmachine/mdom/updates/mdommb_rev1_fw/mDOM_mb_rev1.srcs/sources_1/ip/DIST_BUFFER_32_22/DIST_BUFFER_32_22/DIST_BUFFER_32_22_in_context.xdc] for cell 'waveform_acq_gen[17].WFM_ACQ/WVB/PTB/DIST_PTB'
Finished Parsing XDC File [c:/Users/i3devmachine/mdom/updates/mdommb_rev1_fw/mDOM_mb_rev1.srcs/sources_1/ip/DIST_BUFFER_32_22/DIST_BUFFER_32_22/DIST_BUFFER_32_22_in_context.xdc] for cell 'waveform_acq_gen[17].WFM_ACQ/WVB/PTB/DIST_PTB'
Parsing XDC File [c:/Users/i3devmachine/mdom/updates/mdommb_rev1_fw/mDOM_mb_rev1.srcs/sources_1/ip/DIST_BUFFER_32_22/DIST_BUFFER_32_22/DIST_BUFFER_32_22_in_context.xdc] for cell 'waveform_acq_gen[18].WFM_ACQ/WVB/PTB/DIST_PTB'
Finished Parsing XDC File [c:/Users/i3devmachine/mdom/updates/mdommb_rev1_fw/mDOM_mb_rev1.srcs/sources_1/ip/DIST_BUFFER_32_22/DIST_BUFFER_32_22/DIST_BUFFER_32_22_in_context.xdc] for cell 'waveform_acq_gen[18].WFM_ACQ/WVB/PTB/DIST_PTB'
Parsing XDC File [c:/Users/i3devmachine/mdom/updates/mdommb_rev1_fw/mDOM_mb_rev1.srcs/sources_1/ip/DIST_BUFFER_32_22/DIST_BUFFER_32_22/DIST_BUFFER_32_22_in_context.xdc] for cell 'waveform_acq_gen[19].WFM_ACQ/WVB/PTB/DIST_PTB'
Finished Parsing XDC File [c:/Users/i3devmachine/mdom/updates/mdommb_rev1_fw/mDOM_mb_rev1.srcs/sources_1/ip/DIST_BUFFER_32_22/DIST_BUFFER_32_22/DIST_BUFFER_32_22_in_context.xdc] for cell 'waveform_acq_gen[19].WFM_ACQ/WVB/PTB/DIST_PTB'
Parsing XDC File [c:/Users/i3devmachine/mdom/updates/mdommb_rev1_fw/mDOM_mb_rev1.srcs/sources_1/ip/DIST_BUFFER_32_22/DIST_BUFFER_32_22/DIST_BUFFER_32_22_in_context.xdc] for cell 'waveform_acq_gen[20].WFM_ACQ/WVB/PTB/DIST_PTB'
Finished Parsing XDC File [c:/Users/i3devmachine/mdom/updates/mdommb_rev1_fw/mDOM_mb_rev1.srcs/sources_1/ip/DIST_BUFFER_32_22/DIST_BUFFER_32_22/DIST_BUFFER_32_22_in_context.xdc] for cell 'waveform_acq_gen[20].WFM_ACQ/WVB/PTB/DIST_PTB'
Parsing XDC File [c:/Users/i3devmachine/mdom/updates/mdommb_rev1_fw/mDOM_mb_rev1.srcs/sources_1/ip/DIST_BUFFER_32_22/DIST_BUFFER_32_22/DIST_BUFFER_32_22_in_context.xdc] for cell 'waveform_acq_gen[21].WFM_ACQ/WVB/PTB/DIST_PTB'
Finished Parsing XDC File [c:/Users/i3devmachine/mdom/updates/mdommb_rev1_fw/mDOM_mb_rev1.srcs/sources_1/ip/DIST_BUFFER_32_22/DIST_BUFFER_32_22/DIST_BUFFER_32_22_in_context.xdc] for cell 'waveform_acq_gen[21].WFM_ACQ/WVB/PTB/DIST_PTB'
Parsing XDC File [c:/Users/i3devmachine/mdom/updates/mdommb_rev1_fw/mDOM_mb_rev1.srcs/sources_1/ip/DIST_BUFFER_32_22/DIST_BUFFER_32_22/DIST_BUFFER_32_22_in_context.xdc] for cell 'waveform_acq_gen[22].WFM_ACQ/WVB/PTB/DIST_PTB'
Finished Parsing XDC File [c:/Users/i3devmachine/mdom/updates/mdommb_rev1_fw/mDOM_mb_rev1.srcs/sources_1/ip/DIST_BUFFER_32_22/DIST_BUFFER_32_22/DIST_BUFFER_32_22_in_context.xdc] for cell 'waveform_acq_gen[22].WFM_ACQ/WVB/PTB/DIST_PTB'
Parsing XDC File [c:/Users/i3devmachine/mdom/updates/mdommb_rev1_fw/mDOM_mb_rev1.srcs/sources_1/ip/DIST_BUFFER_32_22/DIST_BUFFER_32_22/DIST_BUFFER_32_22_in_context.xdc] for cell 'waveform_acq_gen[23].WFM_ACQ/WVB/PTB/DIST_PTB'
Finished Parsing XDC File [c:/Users/i3devmachine/mdom/updates/mdommb_rev1_fw/mDOM_mb_rev1.srcs/sources_1/ip/DIST_BUFFER_32_22/DIST_BUFFER_32_22/DIST_BUFFER_32_22_in_context.xdc] for cell 'waveform_acq_gen[23].WFM_ACQ/WVB/PTB/DIST_PTB'
Parsing XDC File [c:/Users/i3devmachine/mdom/updates/mdommb_rev1_fw/mDOM_mb_rev1.srcs/sources_1/ip/FIFO_2048_32/FIFO_2048_32/FIFO_2048_32_in_context.xdc] for cell 'XDOM_0/UART_DEBUG_0/FIFO_2048_32_0'
Finished Parsing XDC File [c:/Users/i3devmachine/mdom/updates/mdommb_rev1_fw/mDOM_mb_rev1.srcs/sources_1/ip/FIFO_2048_32/FIFO_2048_32/FIFO_2048_32_in_context.xdc] for cell 'XDOM_0/UART_DEBUG_0/FIFO_2048_32_0'
Parsing XDC File [c:/Users/i3devmachine/mdom/updates/mdommb_rev1_fw/mDOM_mb_rev1.srcs/sources_1/ip/FIFO_2048_32/FIFO_2048_32/FIFO_2048_32_in_context.xdc] for cell 'XDOM_0/UART_ICM_0/FIFO_2048_32_0'
Finished Parsing XDC File [c:/Users/i3devmachine/mdom/updates/mdommb_rev1_fw/mDOM_mb_rev1.srcs/sources_1/ip/FIFO_2048_32/FIFO_2048_32/FIFO_2048_32_in_context.xdc] for cell 'XDOM_0/UART_ICM_0/FIFO_2048_32_0'
Parsing XDC File [c:/Users/i3devmachine/mdom/updates/mdommb_rev1_fw/mDOM_mb_rev1.srcs/sources_1/ip/FIFO_2048_32/FIFO_2048_32/FIFO_2048_32_in_context.xdc] for cell 'XDOM_0/UART_MCU_0/FIFO_2048_32_0'
Finished Parsing XDC File [c:/Users/i3devmachine/mdom/updates/mdommb_rev1_fw/mDOM_mb_rev1.srcs/sources_1/ip/FIFO_2048_32/FIFO_2048_32/FIFO_2048_32_in_context.xdc] for cell 'XDOM_0/UART_MCU_0/FIFO_2048_32_0'
Parsing XDC File [c:/Users/i3devmachine/mdom/updates/mdommb_rev1_fw/mDOM_mb_rev1.srcs/sources_1/ip/XDOM_DDR3_PG/XDOM_DDR3_PG/XDOM_DDR3_PG_in_context.xdc] for cell 'XDOM_0/PG_DPRAM'
Finished Parsing XDC File [c:/Users/i3devmachine/mdom/updates/mdommb_rev1_fw/mDOM_mb_rev1.srcs/sources_1/ip/XDOM_DDR3_PG/XDOM_DDR3_PG/XDOM_DDR3_PG_in_context.xdc] for cell 'XDOM_0/PG_DPRAM'
Parsing XDC File [c:/Users/i3devmachine/mdom/updates/mdommb_rev1_fw/mDOM_mb_rev1.srcs/sources_1/ip/lclk_adcclk_wiz/lclk_adcclk_wiz/lclk_adcclk_wiz_in_context.xdc] for cell 'LCLK_ADCCLK_WIZ_0'
Finished Parsing XDC File [c:/Users/i3devmachine/mdom/updates/mdommb_rev1_fw/mDOM_mb_rev1.srcs/sources_1/ip/lclk_adcclk_wiz/lclk_adcclk_wiz/lclk_adcclk_wiz_in_context.xdc] for cell 'LCLK_ADCCLK_WIZ_0'
Parsing XDC File [c:/Users/i3devmachine/mdom/updates/mdommb_rev1_fw/mDOM_mb_rev1.srcs/sources_1/ip/idelay_discr_clk_wiz/idelay_discr_clk_wiz/idelay_discr_clk_wiz_in_context.xdc] for cell 'IDELAY_DISCR_CLK_WIZ_0'
Finished Parsing XDC File [c:/Users/i3devmachine/mdom/updates/mdommb_rev1_fw/mDOM_mb_rev1.srcs/sources_1/ip/idelay_discr_clk_wiz/idelay_discr_clk_wiz/idelay_discr_clk_wiz_in_context.xdc] for cell 'IDELAY_DISCR_CLK_WIZ_0'
Parsing XDC File [c:/Users/i3devmachine/mdom/updates/mdommb_rev1_fw/mDOM_mb_rev1.srcs/sources_1/ip/ADC_SERDES/ADC_SERDES/ADC_SERDES_in_context.xdc] for cell 'adc_discr_iface_gen[0].ADC_DISCR_CHAN/ADC_SERDES_0'
Finished Parsing XDC File [c:/Users/i3devmachine/mdom/updates/mdommb_rev1_fw/mDOM_mb_rev1.srcs/sources_1/ip/ADC_SERDES/ADC_SERDES/ADC_SERDES_in_context.xdc] for cell 'adc_discr_iface_gen[0].ADC_DISCR_CHAN/ADC_SERDES_0'
Parsing XDC File [c:/Users/i3devmachine/mdom/updates/mdommb_rev1_fw/mDOM_mb_rev1.srcs/sources_1/ip/ADC_SERDES/ADC_SERDES/ADC_SERDES_in_context.xdc] for cell 'adc_discr_iface_gen[0].ADC_DISCR_CHAN/ADC_SERDES_1'
Finished Parsing XDC File [c:/Users/i3devmachine/mdom/updates/mdommb_rev1_fw/mDOM_mb_rev1.srcs/sources_1/ip/ADC_SERDES/ADC_SERDES/ADC_SERDES_in_context.xdc] for cell 'adc_discr_iface_gen[0].ADC_DISCR_CHAN/ADC_SERDES_1'
Parsing XDC File [c:/Users/i3devmachine/mdom/updates/mdommb_rev1_fw/mDOM_mb_rev1.srcs/sources_1/ip/ADC_SERDES/ADC_SERDES/ADC_SERDES_in_context.xdc] for cell 'adc_discr_iface_gen[1].ADC_DISCR_CHAN/ADC_SERDES_0'
Finished Parsing XDC File [c:/Users/i3devmachine/mdom/updates/mdommb_rev1_fw/mDOM_mb_rev1.srcs/sources_1/ip/ADC_SERDES/ADC_SERDES/ADC_SERDES_in_context.xdc] for cell 'adc_discr_iface_gen[1].ADC_DISCR_CHAN/ADC_SERDES_0'
Parsing XDC File [c:/Users/i3devmachine/mdom/updates/mdommb_rev1_fw/mDOM_mb_rev1.srcs/sources_1/ip/ADC_SERDES/ADC_SERDES/ADC_SERDES_in_context.xdc] for cell 'adc_discr_iface_gen[1].ADC_DISCR_CHAN/ADC_SERDES_1'
Finished Parsing XDC File [c:/Users/i3devmachine/mdom/updates/mdommb_rev1_fw/mDOM_mb_rev1.srcs/sources_1/ip/ADC_SERDES/ADC_SERDES/ADC_SERDES_in_context.xdc] for cell 'adc_discr_iface_gen[1].ADC_DISCR_CHAN/ADC_SERDES_1'
Parsing XDC File [c:/Users/i3devmachine/mdom/updates/mdommb_rev1_fw/mDOM_mb_rev1.srcs/sources_1/ip/ADC_SERDES/ADC_SERDES/ADC_SERDES_in_context.xdc] for cell 'adc_discr_iface_gen[2].ADC_DISCR_CHAN/ADC_SERDES_0'
Finished Parsing XDC File [c:/Users/i3devmachine/mdom/updates/mdommb_rev1_fw/mDOM_mb_rev1.srcs/sources_1/ip/ADC_SERDES/ADC_SERDES/ADC_SERDES_in_context.xdc] for cell 'adc_discr_iface_gen[2].ADC_DISCR_CHAN/ADC_SERDES_0'
Parsing XDC File [c:/Users/i3devmachine/mdom/updates/mdommb_rev1_fw/mDOM_mb_rev1.srcs/sources_1/ip/ADC_SERDES/ADC_SERDES/ADC_SERDES_in_context.xdc] for cell 'adc_discr_iface_gen[2].ADC_DISCR_CHAN/ADC_SERDES_1'
Finished Parsing XDC File [c:/Users/i3devmachine/mdom/updates/mdommb_rev1_fw/mDOM_mb_rev1.srcs/sources_1/ip/ADC_SERDES/ADC_SERDES/ADC_SERDES_in_context.xdc] for cell 'adc_discr_iface_gen[2].ADC_DISCR_CHAN/ADC_SERDES_1'
Parsing XDC File [c:/Users/i3devmachine/mdom/updates/mdommb_rev1_fw/mDOM_mb_rev1.srcs/sources_1/ip/ADC_SERDES/ADC_SERDES/ADC_SERDES_in_context.xdc] for cell 'adc_discr_iface_gen[3].ADC_DISCR_CHAN/ADC_SERDES_0'
Finished Parsing XDC File [c:/Users/i3devmachine/mdom/updates/mdommb_rev1_fw/mDOM_mb_rev1.srcs/sources_1/ip/ADC_SERDES/ADC_SERDES/ADC_SERDES_in_context.xdc] for cell 'adc_discr_iface_gen[3].ADC_DISCR_CHAN/ADC_SERDES_0'
Parsing XDC File [c:/Users/i3devmachine/mdom/updates/mdommb_rev1_fw/mDOM_mb_rev1.srcs/sources_1/ip/ADC_SERDES/ADC_SERDES/ADC_SERDES_in_context.xdc] for cell 'adc_discr_iface_gen[3].ADC_DISCR_CHAN/ADC_SERDES_1'
Finished Parsing XDC File [c:/Users/i3devmachine/mdom/updates/mdommb_rev1_fw/mDOM_mb_rev1.srcs/sources_1/ip/ADC_SERDES/ADC_SERDES/ADC_SERDES_in_context.xdc] for cell 'adc_discr_iface_gen[3].ADC_DISCR_CHAN/ADC_SERDES_1'
Parsing XDC File [c:/Users/i3devmachine/mdom/updates/mdommb_rev1_fw/mDOM_mb_rev1.srcs/sources_1/ip/ADC_SERDES/ADC_SERDES/ADC_SERDES_in_context.xdc] for cell 'adc_discr_iface_gen[4].ADC_DISCR_CHAN/ADC_SERDES_0'
Finished Parsing XDC File [c:/Users/i3devmachine/mdom/updates/mdommb_rev1_fw/mDOM_mb_rev1.srcs/sources_1/ip/ADC_SERDES/ADC_SERDES/ADC_SERDES_in_context.xdc] for cell 'adc_discr_iface_gen[4].ADC_DISCR_CHAN/ADC_SERDES_0'
Parsing XDC File [c:/Users/i3devmachine/mdom/updates/mdommb_rev1_fw/mDOM_mb_rev1.srcs/sources_1/ip/ADC_SERDES/ADC_SERDES/ADC_SERDES_in_context.xdc] for cell 'adc_discr_iface_gen[4].ADC_DISCR_CHAN/ADC_SERDES_1'
Finished Parsing XDC File [c:/Users/i3devmachine/mdom/updates/mdommb_rev1_fw/mDOM_mb_rev1.srcs/sources_1/ip/ADC_SERDES/ADC_SERDES/ADC_SERDES_in_context.xdc] for cell 'adc_discr_iface_gen[4].ADC_DISCR_CHAN/ADC_SERDES_1'
Parsing XDC File [c:/Users/i3devmachine/mdom/updates/mdommb_rev1_fw/mDOM_mb_rev1.srcs/sources_1/ip/ADC_SERDES/ADC_SERDES/ADC_SERDES_in_context.xdc] for cell 'adc_discr_iface_gen[5].ADC_DISCR_CHAN/ADC_SERDES_0'
Finished Parsing XDC File [c:/Users/i3devmachine/mdom/updates/mdommb_rev1_fw/mDOM_mb_rev1.srcs/sources_1/ip/ADC_SERDES/ADC_SERDES/ADC_SERDES_in_context.xdc] for cell 'adc_discr_iface_gen[5].ADC_DISCR_CHAN/ADC_SERDES_0'
Parsing XDC File [c:/Users/i3devmachine/mdom/updates/mdommb_rev1_fw/mDOM_mb_rev1.srcs/sources_1/ip/ADC_SERDES/ADC_SERDES/ADC_SERDES_in_context.xdc] for cell 'adc_discr_iface_gen[5].ADC_DISCR_CHAN/ADC_SERDES_1'
Finished Parsing XDC File [c:/Users/i3devmachine/mdom/updates/mdommb_rev1_fw/mDOM_mb_rev1.srcs/sources_1/ip/ADC_SERDES/ADC_SERDES/ADC_SERDES_in_context.xdc] for cell 'adc_discr_iface_gen[5].ADC_DISCR_CHAN/ADC_SERDES_1'
Parsing XDC File [c:/Users/i3devmachine/mdom/updates/mdommb_rev1_fw/mDOM_mb_rev1.srcs/sources_1/ip/ADC_SERDES/ADC_SERDES/ADC_SERDES_in_context.xdc] for cell 'adc_discr_iface_gen[6].ADC_DISCR_CHAN/ADC_SERDES_0'
Finished Parsing XDC File [c:/Users/i3devmachine/mdom/updates/mdommb_rev1_fw/mDOM_mb_rev1.srcs/sources_1/ip/ADC_SERDES/ADC_SERDES/ADC_SERDES_in_context.xdc] for cell 'adc_discr_iface_gen[6].ADC_DISCR_CHAN/ADC_SERDES_0'
Parsing XDC File [c:/Users/i3devmachine/mdom/updates/mdommb_rev1_fw/mDOM_mb_rev1.srcs/sources_1/ip/ADC_SERDES/ADC_SERDES/ADC_SERDES_in_context.xdc] for cell 'adc_discr_iface_gen[6].ADC_DISCR_CHAN/ADC_SERDES_1'
Finished Parsing XDC File [c:/Users/i3devmachine/mdom/updates/mdommb_rev1_fw/mDOM_mb_rev1.srcs/sources_1/ip/ADC_SERDES/ADC_SERDES/ADC_SERDES_in_context.xdc] for cell 'adc_discr_iface_gen[6].ADC_DISCR_CHAN/ADC_SERDES_1'
Parsing XDC File [c:/Users/i3devmachine/mdom/updates/mdommb_rev1_fw/mDOM_mb_rev1.srcs/sources_1/ip/ADC_SERDES/ADC_SERDES/ADC_SERDES_in_context.xdc] for cell 'adc_discr_iface_gen[7].ADC_DISCR_CHAN/ADC_SERDES_0'
Finished Parsing XDC File [c:/Users/i3devmachine/mdom/updates/mdommb_rev1_fw/mDOM_mb_rev1.srcs/sources_1/ip/ADC_SERDES/ADC_SERDES/ADC_SERDES_in_context.xdc] for cell 'adc_discr_iface_gen[7].ADC_DISCR_CHAN/ADC_SERDES_0'
Parsing XDC File [c:/Users/i3devmachine/mdom/updates/mdommb_rev1_fw/mDOM_mb_rev1.srcs/sources_1/ip/ADC_SERDES/ADC_SERDES/ADC_SERDES_in_context.xdc] for cell 'adc_discr_iface_gen[7].ADC_DISCR_CHAN/ADC_SERDES_1'
Finished Parsing XDC File [c:/Users/i3devmachine/mdom/updates/mdommb_rev1_fw/mDOM_mb_rev1.srcs/sources_1/ip/ADC_SERDES/ADC_SERDES/ADC_SERDES_in_context.xdc] for cell 'adc_discr_iface_gen[7].ADC_DISCR_CHAN/ADC_SERDES_1'
Parsing XDC File [c:/Users/i3devmachine/mdom/updates/mdommb_rev1_fw/mDOM_mb_rev1.srcs/sources_1/ip/ADC_SERDES/ADC_SERDES/ADC_SERDES_in_context.xdc] for cell 'adc_discr_iface_gen[8].ADC_DISCR_CHAN/ADC_SERDES_0'
Finished Parsing XDC File [c:/Users/i3devmachine/mdom/updates/mdommb_rev1_fw/mDOM_mb_rev1.srcs/sources_1/ip/ADC_SERDES/ADC_SERDES/ADC_SERDES_in_context.xdc] for cell 'adc_discr_iface_gen[8].ADC_DISCR_CHAN/ADC_SERDES_0'
Parsing XDC File [c:/Users/i3devmachine/mdom/updates/mdommb_rev1_fw/mDOM_mb_rev1.srcs/sources_1/ip/ADC_SERDES/ADC_SERDES/ADC_SERDES_in_context.xdc] for cell 'adc_discr_iface_gen[8].ADC_DISCR_CHAN/ADC_SERDES_1'
Finished Parsing XDC File [c:/Users/i3devmachine/mdom/updates/mdommb_rev1_fw/mDOM_mb_rev1.srcs/sources_1/ip/ADC_SERDES/ADC_SERDES/ADC_SERDES_in_context.xdc] for cell 'adc_discr_iface_gen[8].ADC_DISCR_CHAN/ADC_SERDES_1'
Parsing XDC File [c:/Users/i3devmachine/mdom/updates/mdommb_rev1_fw/mDOM_mb_rev1.srcs/sources_1/ip/ADC_SERDES/ADC_SERDES/ADC_SERDES_in_context.xdc] for cell 'adc_discr_iface_gen[9].ADC_DISCR_CHAN/ADC_SERDES_0'
Finished Parsing XDC File [c:/Users/i3devmachine/mdom/updates/mdommb_rev1_fw/mDOM_mb_rev1.srcs/sources_1/ip/ADC_SERDES/ADC_SERDES/ADC_SERDES_in_context.xdc] for cell 'adc_discr_iface_gen[9].ADC_DISCR_CHAN/ADC_SERDES_0'
Parsing XDC File [c:/Users/i3devmachine/mdom/updates/mdommb_rev1_fw/mDOM_mb_rev1.srcs/sources_1/ip/ADC_SERDES/ADC_SERDES/ADC_SERDES_in_context.xdc] for cell 'adc_discr_iface_gen[9].ADC_DISCR_CHAN/ADC_SERDES_1'
Finished Parsing XDC File [c:/Users/i3devmachine/mdom/updates/mdommb_rev1_fw/mDOM_mb_rev1.srcs/sources_1/ip/ADC_SERDES/ADC_SERDES/ADC_SERDES_in_context.xdc] for cell 'adc_discr_iface_gen[9].ADC_DISCR_CHAN/ADC_SERDES_1'
Parsing XDC File [c:/Users/i3devmachine/mdom/updates/mdommb_rev1_fw/mDOM_mb_rev1.srcs/sources_1/ip/ADC_SERDES/ADC_SERDES/ADC_SERDES_in_context.xdc] for cell 'adc_discr_iface_gen[10].ADC_DISCR_CHAN/ADC_SERDES_0'
Finished Parsing XDC File [c:/Users/i3devmachine/mdom/updates/mdommb_rev1_fw/mDOM_mb_rev1.srcs/sources_1/ip/ADC_SERDES/ADC_SERDES/ADC_SERDES_in_context.xdc] for cell 'adc_discr_iface_gen[10].ADC_DISCR_CHAN/ADC_SERDES_0'
Parsing XDC File [c:/Users/i3devmachine/mdom/updates/mdommb_rev1_fw/mDOM_mb_rev1.srcs/sources_1/ip/ADC_SERDES/ADC_SERDES/ADC_SERDES_in_context.xdc] for cell 'adc_discr_iface_gen[10].ADC_DISCR_CHAN/ADC_SERDES_1'
Finished Parsing XDC File [c:/Users/i3devmachine/mdom/updates/mdommb_rev1_fw/mDOM_mb_rev1.srcs/sources_1/ip/ADC_SERDES/ADC_SERDES/ADC_SERDES_in_context.xdc] for cell 'adc_discr_iface_gen[10].ADC_DISCR_CHAN/ADC_SERDES_1'
Parsing XDC File [c:/Users/i3devmachine/mdom/updates/mdommb_rev1_fw/mDOM_mb_rev1.srcs/sources_1/ip/ADC_SERDES/ADC_SERDES/ADC_SERDES_in_context.xdc] for cell 'adc_discr_iface_gen[11].ADC_DISCR_CHAN/ADC_SERDES_0'
Finished Parsing XDC File [c:/Users/i3devmachine/mdom/updates/mdommb_rev1_fw/mDOM_mb_rev1.srcs/sources_1/ip/ADC_SERDES/ADC_SERDES/ADC_SERDES_in_context.xdc] for cell 'adc_discr_iface_gen[11].ADC_DISCR_CHAN/ADC_SERDES_0'
Parsing XDC File [c:/Users/i3devmachine/mdom/updates/mdommb_rev1_fw/mDOM_mb_rev1.srcs/sources_1/ip/ADC_SERDES/ADC_SERDES/ADC_SERDES_in_context.xdc] for cell 'adc_discr_iface_gen[11].ADC_DISCR_CHAN/ADC_SERDES_1'
Finished Parsing XDC File [c:/Users/i3devmachine/mdom/updates/mdommb_rev1_fw/mDOM_mb_rev1.srcs/sources_1/ip/ADC_SERDES/ADC_SERDES/ADC_SERDES_in_context.xdc] for cell 'adc_discr_iface_gen[11].ADC_DISCR_CHAN/ADC_SERDES_1'
Parsing XDC File [c:/Users/i3devmachine/mdom/updates/mdommb_rev1_fw/mDOM_mb_rev1.srcs/sources_1/ip/ADC_SERDES/ADC_SERDES/ADC_SERDES_in_context.xdc] for cell 'adc_discr_iface_gen[12].ADC_DISCR_CHAN/ADC_SERDES_0'
Finished Parsing XDC File [c:/Users/i3devmachine/mdom/updates/mdommb_rev1_fw/mDOM_mb_rev1.srcs/sources_1/ip/ADC_SERDES/ADC_SERDES/ADC_SERDES_in_context.xdc] for cell 'adc_discr_iface_gen[12].ADC_DISCR_CHAN/ADC_SERDES_0'
Parsing XDC File [c:/Users/i3devmachine/mdom/updates/mdommb_rev1_fw/mDOM_mb_rev1.srcs/sources_1/ip/ADC_SERDES/ADC_SERDES/ADC_SERDES_in_context.xdc] for cell 'adc_discr_iface_gen[12].ADC_DISCR_CHAN/ADC_SERDES_1'
Finished Parsing XDC File [c:/Users/i3devmachine/mdom/updates/mdommb_rev1_fw/mDOM_mb_rev1.srcs/sources_1/ip/ADC_SERDES/ADC_SERDES/ADC_SERDES_in_context.xdc] for cell 'adc_discr_iface_gen[12].ADC_DISCR_CHAN/ADC_SERDES_1'
Parsing XDC File [c:/Users/i3devmachine/mdom/updates/mdommb_rev1_fw/mDOM_mb_rev1.srcs/sources_1/ip/ADC_SERDES/ADC_SERDES/ADC_SERDES_in_context.xdc] for cell 'adc_discr_iface_gen[13].ADC_DISCR_CHAN/ADC_SERDES_0'
Finished Parsing XDC File [c:/Users/i3devmachine/mdom/updates/mdommb_rev1_fw/mDOM_mb_rev1.srcs/sources_1/ip/ADC_SERDES/ADC_SERDES/ADC_SERDES_in_context.xdc] for cell 'adc_discr_iface_gen[13].ADC_DISCR_CHAN/ADC_SERDES_0'
Parsing XDC File [c:/Users/i3devmachine/mdom/updates/mdommb_rev1_fw/mDOM_mb_rev1.srcs/sources_1/ip/ADC_SERDES/ADC_SERDES/ADC_SERDES_in_context.xdc] for cell 'adc_discr_iface_gen[13].ADC_DISCR_CHAN/ADC_SERDES_1'
Finished Parsing XDC File [c:/Users/i3devmachine/mdom/updates/mdommb_rev1_fw/mDOM_mb_rev1.srcs/sources_1/ip/ADC_SERDES/ADC_SERDES/ADC_SERDES_in_context.xdc] for cell 'adc_discr_iface_gen[13].ADC_DISCR_CHAN/ADC_SERDES_1'
Parsing XDC File [c:/Users/i3devmachine/mdom/updates/mdommb_rev1_fw/mDOM_mb_rev1.srcs/sources_1/ip/ADC_SERDES/ADC_SERDES/ADC_SERDES_in_context.xdc] for cell 'adc_discr_iface_gen[14].ADC_DISCR_CHAN/ADC_SERDES_0'
Finished Parsing XDC File [c:/Users/i3devmachine/mdom/updates/mdommb_rev1_fw/mDOM_mb_rev1.srcs/sources_1/ip/ADC_SERDES/ADC_SERDES/ADC_SERDES_in_context.xdc] for cell 'adc_discr_iface_gen[14].ADC_DISCR_CHAN/ADC_SERDES_0'
Parsing XDC File [c:/Users/i3devmachine/mdom/updates/mdommb_rev1_fw/mDOM_mb_rev1.srcs/sources_1/ip/ADC_SERDES/ADC_SERDES/ADC_SERDES_in_context.xdc] for cell 'adc_discr_iface_gen[14].ADC_DISCR_CHAN/ADC_SERDES_1'
Finished Parsing XDC File [c:/Users/i3devmachine/mdom/updates/mdommb_rev1_fw/mDOM_mb_rev1.srcs/sources_1/ip/ADC_SERDES/ADC_SERDES/ADC_SERDES_in_context.xdc] for cell 'adc_discr_iface_gen[14].ADC_DISCR_CHAN/ADC_SERDES_1'
Parsing XDC File [c:/Users/i3devmachine/mdom/updates/mdommb_rev1_fw/mDOM_mb_rev1.srcs/sources_1/ip/ADC_SERDES/ADC_SERDES/ADC_SERDES_in_context.xdc] for cell 'adc_discr_iface_gen[15].ADC_DISCR_CHAN/ADC_SERDES_0'
Finished Parsing XDC File [c:/Users/i3devmachine/mdom/updates/mdommb_rev1_fw/mDOM_mb_rev1.srcs/sources_1/ip/ADC_SERDES/ADC_SERDES/ADC_SERDES_in_context.xdc] for cell 'adc_discr_iface_gen[15].ADC_DISCR_CHAN/ADC_SERDES_0'
Parsing XDC File [c:/Users/i3devmachine/mdom/updates/mdommb_rev1_fw/mDOM_mb_rev1.srcs/sources_1/ip/ADC_SERDES/ADC_SERDES/ADC_SERDES_in_context.xdc] for cell 'adc_discr_iface_gen[15].ADC_DISCR_CHAN/ADC_SERDES_1'
Finished Parsing XDC File [c:/Users/i3devmachine/mdom/updates/mdommb_rev1_fw/mDOM_mb_rev1.srcs/sources_1/ip/ADC_SERDES/ADC_SERDES/ADC_SERDES_in_context.xdc] for cell 'adc_discr_iface_gen[15].ADC_DISCR_CHAN/ADC_SERDES_1'
Parsing XDC File [c:/Users/i3devmachine/mdom/updates/mdommb_rev1_fw/mDOM_mb_rev1.srcs/sources_1/ip/ADC_SERDES/ADC_SERDES/ADC_SERDES_in_context.xdc] for cell 'adc_discr_iface_gen[16].ADC_DISCR_CHAN/ADC_SERDES_0'
Finished Parsing XDC File [c:/Users/i3devmachine/mdom/updates/mdommb_rev1_fw/mDOM_mb_rev1.srcs/sources_1/ip/ADC_SERDES/ADC_SERDES/ADC_SERDES_in_context.xdc] for cell 'adc_discr_iface_gen[16].ADC_DISCR_CHAN/ADC_SERDES_0'
Parsing XDC File [c:/Users/i3devmachine/mdom/updates/mdommb_rev1_fw/mDOM_mb_rev1.srcs/sources_1/ip/ADC_SERDES/ADC_SERDES/ADC_SERDES_in_context.xdc] for cell 'adc_discr_iface_gen[16].ADC_DISCR_CHAN/ADC_SERDES_1'
Finished Parsing XDC File [c:/Users/i3devmachine/mdom/updates/mdommb_rev1_fw/mDOM_mb_rev1.srcs/sources_1/ip/ADC_SERDES/ADC_SERDES/ADC_SERDES_in_context.xdc] for cell 'adc_discr_iface_gen[16].ADC_DISCR_CHAN/ADC_SERDES_1'
Parsing XDC File [c:/Users/i3devmachine/mdom/updates/mdommb_rev1_fw/mDOM_mb_rev1.srcs/sources_1/ip/ADC_SERDES/ADC_SERDES/ADC_SERDES_in_context.xdc] for cell 'adc_discr_iface_gen[17].ADC_DISCR_CHAN/ADC_SERDES_0'
Finished Parsing XDC File [c:/Users/i3devmachine/mdom/updates/mdommb_rev1_fw/mDOM_mb_rev1.srcs/sources_1/ip/ADC_SERDES/ADC_SERDES/ADC_SERDES_in_context.xdc] for cell 'adc_discr_iface_gen[17].ADC_DISCR_CHAN/ADC_SERDES_0'
Parsing XDC File [c:/Users/i3devmachine/mdom/updates/mdommb_rev1_fw/mDOM_mb_rev1.srcs/sources_1/ip/ADC_SERDES/ADC_SERDES/ADC_SERDES_in_context.xdc] for cell 'adc_discr_iface_gen[17].ADC_DISCR_CHAN/ADC_SERDES_1'
Finished Parsing XDC File [c:/Users/i3devmachine/mdom/updates/mdommb_rev1_fw/mDOM_mb_rev1.srcs/sources_1/ip/ADC_SERDES/ADC_SERDES/ADC_SERDES_in_context.xdc] for cell 'adc_discr_iface_gen[17].ADC_DISCR_CHAN/ADC_SERDES_1'
Parsing XDC File [c:/Users/i3devmachine/mdom/updates/mdommb_rev1_fw/mDOM_mb_rev1.srcs/sources_1/ip/ADC_SERDES/ADC_SERDES/ADC_SERDES_in_context.xdc] for cell 'adc_discr_iface_gen[18].ADC_DISCR_CHAN/ADC_SERDES_0'
Finished Parsing XDC File [c:/Users/i3devmachine/mdom/updates/mdommb_rev1_fw/mDOM_mb_rev1.srcs/sources_1/ip/ADC_SERDES/ADC_SERDES/ADC_SERDES_in_context.xdc] for cell 'adc_discr_iface_gen[18].ADC_DISCR_CHAN/ADC_SERDES_0'
Parsing XDC File [c:/Users/i3devmachine/mdom/updates/mdommb_rev1_fw/mDOM_mb_rev1.srcs/sources_1/ip/ADC_SERDES/ADC_SERDES/ADC_SERDES_in_context.xdc] for cell 'adc_discr_iface_gen[18].ADC_DISCR_CHAN/ADC_SERDES_1'
Finished Parsing XDC File [c:/Users/i3devmachine/mdom/updates/mdommb_rev1_fw/mDOM_mb_rev1.srcs/sources_1/ip/ADC_SERDES/ADC_SERDES/ADC_SERDES_in_context.xdc] for cell 'adc_discr_iface_gen[18].ADC_DISCR_CHAN/ADC_SERDES_1'
Parsing XDC File [c:/Users/i3devmachine/mdom/updates/mdommb_rev1_fw/mDOM_mb_rev1.srcs/sources_1/ip/ADC_SERDES/ADC_SERDES/ADC_SERDES_in_context.xdc] for cell 'adc_discr_iface_gen[19].ADC_DISCR_CHAN/ADC_SERDES_0'
Finished Parsing XDC File [c:/Users/i3devmachine/mdom/updates/mdommb_rev1_fw/mDOM_mb_rev1.srcs/sources_1/ip/ADC_SERDES/ADC_SERDES/ADC_SERDES_in_context.xdc] for cell 'adc_discr_iface_gen[19].ADC_DISCR_CHAN/ADC_SERDES_0'
Parsing XDC File [c:/Users/i3devmachine/mdom/updates/mdommb_rev1_fw/mDOM_mb_rev1.srcs/sources_1/ip/ADC_SERDES/ADC_SERDES/ADC_SERDES_in_context.xdc] for cell 'adc_discr_iface_gen[19].ADC_DISCR_CHAN/ADC_SERDES_1'
Finished Parsing XDC File [c:/Users/i3devmachine/mdom/updates/mdommb_rev1_fw/mDOM_mb_rev1.srcs/sources_1/ip/ADC_SERDES/ADC_SERDES/ADC_SERDES_in_context.xdc] for cell 'adc_discr_iface_gen[19].ADC_DISCR_CHAN/ADC_SERDES_1'
Parsing XDC File [c:/Users/i3devmachine/mdom/updates/mdommb_rev1_fw/mDOM_mb_rev1.srcs/sources_1/ip/ADC_SERDES/ADC_SERDES/ADC_SERDES_in_context.xdc] for cell 'adc_discr_iface_gen[20].ADC_DISCR_CHAN/ADC_SERDES_0'
Finished Parsing XDC File [c:/Users/i3devmachine/mdom/updates/mdommb_rev1_fw/mDOM_mb_rev1.srcs/sources_1/ip/ADC_SERDES/ADC_SERDES/ADC_SERDES_in_context.xdc] for cell 'adc_discr_iface_gen[20].ADC_DISCR_CHAN/ADC_SERDES_0'
Parsing XDC File [c:/Users/i3devmachine/mdom/updates/mdommb_rev1_fw/mDOM_mb_rev1.srcs/sources_1/ip/ADC_SERDES/ADC_SERDES/ADC_SERDES_in_context.xdc] for cell 'adc_discr_iface_gen[20].ADC_DISCR_CHAN/ADC_SERDES_1'
Finished Parsing XDC File [c:/Users/i3devmachine/mdom/updates/mdommb_rev1_fw/mDOM_mb_rev1.srcs/sources_1/ip/ADC_SERDES/ADC_SERDES/ADC_SERDES_in_context.xdc] for cell 'adc_discr_iface_gen[20].ADC_DISCR_CHAN/ADC_SERDES_1'
Parsing XDC File [c:/Users/i3devmachine/mdom/updates/mdommb_rev1_fw/mDOM_mb_rev1.srcs/sources_1/ip/ADC_SERDES/ADC_SERDES/ADC_SERDES_in_context.xdc] for cell 'adc_discr_iface_gen[21].ADC_DISCR_CHAN/ADC_SERDES_0'
Finished Parsing XDC File [c:/Users/i3devmachine/mdom/updates/mdommb_rev1_fw/mDOM_mb_rev1.srcs/sources_1/ip/ADC_SERDES/ADC_SERDES/ADC_SERDES_in_context.xdc] for cell 'adc_discr_iface_gen[21].ADC_DISCR_CHAN/ADC_SERDES_0'
Parsing XDC File [c:/Users/i3devmachine/mdom/updates/mdommb_rev1_fw/mDOM_mb_rev1.srcs/sources_1/ip/ADC_SERDES/ADC_SERDES/ADC_SERDES_in_context.xdc] for cell 'adc_discr_iface_gen[21].ADC_DISCR_CHAN/ADC_SERDES_1'
Finished Parsing XDC File [c:/Users/i3devmachine/mdom/updates/mdommb_rev1_fw/mDOM_mb_rev1.srcs/sources_1/ip/ADC_SERDES/ADC_SERDES/ADC_SERDES_in_context.xdc] for cell 'adc_discr_iface_gen[21].ADC_DISCR_CHAN/ADC_SERDES_1'
Parsing XDC File [c:/Users/i3devmachine/mdom/updates/mdommb_rev1_fw/mDOM_mb_rev1.srcs/sources_1/ip/ADC_SERDES/ADC_SERDES/ADC_SERDES_in_context.xdc] for cell 'adc_discr_iface_gen[22].ADC_DISCR_CHAN/ADC_SERDES_0'
Finished Parsing XDC File [c:/Users/i3devmachine/mdom/updates/mdommb_rev1_fw/mDOM_mb_rev1.srcs/sources_1/ip/ADC_SERDES/ADC_SERDES/ADC_SERDES_in_context.xdc] for cell 'adc_discr_iface_gen[22].ADC_DISCR_CHAN/ADC_SERDES_0'
Parsing XDC File [c:/Users/i3devmachine/mdom/updates/mdommb_rev1_fw/mDOM_mb_rev1.srcs/sources_1/ip/ADC_SERDES/ADC_SERDES/ADC_SERDES_in_context.xdc] for cell 'adc_discr_iface_gen[22].ADC_DISCR_CHAN/ADC_SERDES_1'
Finished Parsing XDC File [c:/Users/i3devmachine/mdom/updates/mdommb_rev1_fw/mDOM_mb_rev1.srcs/sources_1/ip/ADC_SERDES/ADC_SERDES/ADC_SERDES_in_context.xdc] for cell 'adc_discr_iface_gen[22].ADC_DISCR_CHAN/ADC_SERDES_1'
Parsing XDC File [c:/Users/i3devmachine/mdom/updates/mdommb_rev1_fw/mDOM_mb_rev1.srcs/sources_1/ip/ADC_SERDES/ADC_SERDES/ADC_SERDES_in_context.xdc] for cell 'adc_discr_iface_gen[23].ADC_DISCR_CHAN/ADC_SERDES_0'
Finished Parsing XDC File [c:/Users/i3devmachine/mdom/updates/mdommb_rev1_fw/mDOM_mb_rev1.srcs/sources_1/ip/ADC_SERDES/ADC_SERDES/ADC_SERDES_in_context.xdc] for cell 'adc_discr_iface_gen[23].ADC_DISCR_CHAN/ADC_SERDES_0'
Parsing XDC File [c:/Users/i3devmachine/mdom/updates/mdommb_rev1_fw/mDOM_mb_rev1.srcs/sources_1/ip/ADC_SERDES/ADC_SERDES/ADC_SERDES_in_context.xdc] for cell 'adc_discr_iface_gen[23].ADC_DISCR_CHAN/ADC_SERDES_1'
Finished Parsing XDC File [c:/Users/i3devmachine/mdom/updates/mdommb_rev1_fw/mDOM_mb_rev1.srcs/sources_1/ip/ADC_SERDES/ADC_SERDES/ADC_SERDES_in_context.xdc] for cell 'adc_discr_iface_gen[23].ADC_DISCR_CHAN/ADC_SERDES_1'
Parsing XDC File [c:/Users/i3devmachine/mdom/updates/mdommb_rev1_fw/mDOM_mb_rev1.srcs/sources_1/ip/DISCR_SERDES/DISCR_SERDES/DISCR_SERDES_in_context.xdc] for cell 'adc_discr_iface_gen[0].ADC_DISCR_CHAN/DISCR_SERDES'
Finished Parsing XDC File [c:/Users/i3devmachine/mdom/updates/mdommb_rev1_fw/mDOM_mb_rev1.srcs/sources_1/ip/DISCR_SERDES/DISCR_SERDES/DISCR_SERDES_in_context.xdc] for cell 'adc_discr_iface_gen[0].ADC_DISCR_CHAN/DISCR_SERDES'
Parsing XDC File [c:/Users/i3devmachine/mdom/updates/mdommb_rev1_fw/mDOM_mb_rev1.srcs/sources_1/ip/DISCR_SERDES/DISCR_SERDES/DISCR_SERDES_in_context.xdc] for cell 'adc_discr_iface_gen[1].ADC_DISCR_CHAN/DISCR_SERDES'
Finished Parsing XDC File [c:/Users/i3devmachine/mdom/updates/mdommb_rev1_fw/mDOM_mb_rev1.srcs/sources_1/ip/DISCR_SERDES/DISCR_SERDES/DISCR_SERDES_in_context.xdc] for cell 'adc_discr_iface_gen[1].ADC_DISCR_CHAN/DISCR_SERDES'
Parsing XDC File [c:/Users/i3devmachine/mdom/updates/mdommb_rev1_fw/mDOM_mb_rev1.srcs/sources_1/ip/DISCR_SERDES/DISCR_SERDES/DISCR_SERDES_in_context.xdc] for cell 'adc_discr_iface_gen[2].ADC_DISCR_CHAN/DISCR_SERDES'
Finished Parsing XDC File [c:/Users/i3devmachine/mdom/updates/mdommb_rev1_fw/mDOM_mb_rev1.srcs/sources_1/ip/DISCR_SERDES/DISCR_SERDES/DISCR_SERDES_in_context.xdc] for cell 'adc_discr_iface_gen[2].ADC_DISCR_CHAN/DISCR_SERDES'
Parsing XDC File [c:/Users/i3devmachine/mdom/updates/mdommb_rev1_fw/mDOM_mb_rev1.srcs/sources_1/ip/DISCR_SERDES/DISCR_SERDES/DISCR_SERDES_in_context.xdc] for cell 'adc_discr_iface_gen[3].ADC_DISCR_CHAN/DISCR_SERDES'
Finished Parsing XDC File [c:/Users/i3devmachine/mdom/updates/mdommb_rev1_fw/mDOM_mb_rev1.srcs/sources_1/ip/DISCR_SERDES/DISCR_SERDES/DISCR_SERDES_in_context.xdc] for cell 'adc_discr_iface_gen[3].ADC_DISCR_CHAN/DISCR_SERDES'
Parsing XDC File [c:/Users/i3devmachine/mdom/updates/mdommb_rev1_fw/mDOM_mb_rev1.srcs/sources_1/ip/DISCR_SERDES/DISCR_SERDES/DISCR_SERDES_in_context.xdc] for cell 'adc_discr_iface_gen[4].ADC_DISCR_CHAN/DISCR_SERDES'
Finished Parsing XDC File [c:/Users/i3devmachine/mdom/updates/mdommb_rev1_fw/mDOM_mb_rev1.srcs/sources_1/ip/DISCR_SERDES/DISCR_SERDES/DISCR_SERDES_in_context.xdc] for cell 'adc_discr_iface_gen[4].ADC_DISCR_CHAN/DISCR_SERDES'
Parsing XDC File [c:/Users/i3devmachine/mdom/updates/mdommb_rev1_fw/mDOM_mb_rev1.srcs/sources_1/ip/DISCR_SERDES/DISCR_SERDES/DISCR_SERDES_in_context.xdc] for cell 'adc_discr_iface_gen[5].ADC_DISCR_CHAN/DISCR_SERDES'
Finished Parsing XDC File [c:/Users/i3devmachine/mdom/updates/mdommb_rev1_fw/mDOM_mb_rev1.srcs/sources_1/ip/DISCR_SERDES/DISCR_SERDES/DISCR_SERDES_in_context.xdc] for cell 'adc_discr_iface_gen[5].ADC_DISCR_CHAN/DISCR_SERDES'
Parsing XDC File [c:/Users/i3devmachine/mdom/updates/mdommb_rev1_fw/mDOM_mb_rev1.srcs/sources_1/ip/DISCR_SERDES/DISCR_SERDES/DISCR_SERDES_in_context.xdc] for cell 'adc_discr_iface_gen[6].ADC_DISCR_CHAN/DISCR_SERDES'
Finished Parsing XDC File [c:/Users/i3devmachine/mdom/updates/mdommb_rev1_fw/mDOM_mb_rev1.srcs/sources_1/ip/DISCR_SERDES/DISCR_SERDES/DISCR_SERDES_in_context.xdc] for cell 'adc_discr_iface_gen[6].ADC_DISCR_CHAN/DISCR_SERDES'
Parsing XDC File [c:/Users/i3devmachine/mdom/updates/mdommb_rev1_fw/mDOM_mb_rev1.srcs/sources_1/ip/DISCR_SERDES/DISCR_SERDES/DISCR_SERDES_in_context.xdc] for cell 'adc_discr_iface_gen[7].ADC_DISCR_CHAN/DISCR_SERDES'
Finished Parsing XDC File [c:/Users/i3devmachine/mdom/updates/mdommb_rev1_fw/mDOM_mb_rev1.srcs/sources_1/ip/DISCR_SERDES/DISCR_SERDES/DISCR_SERDES_in_context.xdc] for cell 'adc_discr_iface_gen[7].ADC_DISCR_CHAN/DISCR_SERDES'
Parsing XDC File [c:/Users/i3devmachine/mdom/updates/mdommb_rev1_fw/mDOM_mb_rev1.srcs/sources_1/ip/DISCR_SERDES/DISCR_SERDES/DISCR_SERDES_in_context.xdc] for cell 'adc_discr_iface_gen[8].ADC_DISCR_CHAN/DISCR_SERDES'
Finished Parsing XDC File [c:/Users/i3devmachine/mdom/updates/mdommb_rev1_fw/mDOM_mb_rev1.srcs/sources_1/ip/DISCR_SERDES/DISCR_SERDES/DISCR_SERDES_in_context.xdc] for cell 'adc_discr_iface_gen[8].ADC_DISCR_CHAN/DISCR_SERDES'
Parsing XDC File [c:/Users/i3devmachine/mdom/updates/mdommb_rev1_fw/mDOM_mb_rev1.srcs/sources_1/ip/DISCR_SERDES/DISCR_SERDES/DISCR_SERDES_in_context.xdc] for cell 'adc_discr_iface_gen[9].ADC_DISCR_CHAN/DISCR_SERDES'
Finished Parsing XDC File [c:/Users/i3devmachine/mdom/updates/mdommb_rev1_fw/mDOM_mb_rev1.srcs/sources_1/ip/DISCR_SERDES/DISCR_SERDES/DISCR_SERDES_in_context.xdc] for cell 'adc_discr_iface_gen[9].ADC_DISCR_CHAN/DISCR_SERDES'
Parsing XDC File [c:/Users/i3devmachine/mdom/updates/mdommb_rev1_fw/mDOM_mb_rev1.srcs/sources_1/ip/DISCR_SERDES/DISCR_SERDES/DISCR_SERDES_in_context.xdc] for cell 'adc_discr_iface_gen[10].ADC_DISCR_CHAN/DISCR_SERDES'
Finished Parsing XDC File [c:/Users/i3devmachine/mdom/updates/mdommb_rev1_fw/mDOM_mb_rev1.srcs/sources_1/ip/DISCR_SERDES/DISCR_SERDES/DISCR_SERDES_in_context.xdc] for cell 'adc_discr_iface_gen[10].ADC_DISCR_CHAN/DISCR_SERDES'
Parsing XDC File [c:/Users/i3devmachine/mdom/updates/mdommb_rev1_fw/mDOM_mb_rev1.srcs/sources_1/ip/DISCR_SERDES/DISCR_SERDES/DISCR_SERDES_in_context.xdc] for cell 'adc_discr_iface_gen[11].ADC_DISCR_CHAN/DISCR_SERDES'
Finished Parsing XDC File [c:/Users/i3devmachine/mdom/updates/mdommb_rev1_fw/mDOM_mb_rev1.srcs/sources_1/ip/DISCR_SERDES/DISCR_SERDES/DISCR_SERDES_in_context.xdc] for cell 'adc_discr_iface_gen[11].ADC_DISCR_CHAN/DISCR_SERDES'
Parsing XDC File [c:/Users/i3devmachine/mdom/updates/mdommb_rev1_fw/mDOM_mb_rev1.srcs/sources_1/ip/DISCR_SERDES/DISCR_SERDES/DISCR_SERDES_in_context.xdc] for cell 'adc_discr_iface_gen[12].ADC_DISCR_CHAN/DISCR_SERDES'
Finished Parsing XDC File [c:/Users/i3devmachine/mdom/updates/mdommb_rev1_fw/mDOM_mb_rev1.srcs/sources_1/ip/DISCR_SERDES/DISCR_SERDES/DISCR_SERDES_in_context.xdc] for cell 'adc_discr_iface_gen[12].ADC_DISCR_CHAN/DISCR_SERDES'
Parsing XDC File [c:/Users/i3devmachine/mdom/updates/mdommb_rev1_fw/mDOM_mb_rev1.srcs/sources_1/ip/DISCR_SERDES/DISCR_SERDES/DISCR_SERDES_in_context.xdc] for cell 'adc_discr_iface_gen[13].ADC_DISCR_CHAN/DISCR_SERDES'
Finished Parsing XDC File [c:/Users/i3devmachine/mdom/updates/mdommb_rev1_fw/mDOM_mb_rev1.srcs/sources_1/ip/DISCR_SERDES/DISCR_SERDES/DISCR_SERDES_in_context.xdc] for cell 'adc_discr_iface_gen[13].ADC_DISCR_CHAN/DISCR_SERDES'
Parsing XDC File [c:/Users/i3devmachine/mdom/updates/mdommb_rev1_fw/mDOM_mb_rev1.srcs/sources_1/ip/DISCR_SERDES/DISCR_SERDES/DISCR_SERDES_in_context.xdc] for cell 'adc_discr_iface_gen[14].ADC_DISCR_CHAN/DISCR_SERDES'
Finished Parsing XDC File [c:/Users/i3devmachine/mdom/updates/mdommb_rev1_fw/mDOM_mb_rev1.srcs/sources_1/ip/DISCR_SERDES/DISCR_SERDES/DISCR_SERDES_in_context.xdc] for cell 'adc_discr_iface_gen[14].ADC_DISCR_CHAN/DISCR_SERDES'
Parsing XDC File [c:/Users/i3devmachine/mdom/updates/mdommb_rev1_fw/mDOM_mb_rev1.srcs/sources_1/ip/DISCR_SERDES/DISCR_SERDES/DISCR_SERDES_in_context.xdc] for cell 'adc_discr_iface_gen[15].ADC_DISCR_CHAN/DISCR_SERDES'
Finished Parsing XDC File [c:/Users/i3devmachine/mdom/updates/mdommb_rev1_fw/mDOM_mb_rev1.srcs/sources_1/ip/DISCR_SERDES/DISCR_SERDES/DISCR_SERDES_in_context.xdc] for cell 'adc_discr_iface_gen[15].ADC_DISCR_CHAN/DISCR_SERDES'
Parsing XDC File [c:/Users/i3devmachine/mdom/updates/mdommb_rev1_fw/mDOM_mb_rev1.srcs/sources_1/ip/DISCR_SERDES/DISCR_SERDES/DISCR_SERDES_in_context.xdc] for cell 'adc_discr_iface_gen[16].ADC_DISCR_CHAN/DISCR_SERDES'
Finished Parsing XDC File [c:/Users/i3devmachine/mdom/updates/mdommb_rev1_fw/mDOM_mb_rev1.srcs/sources_1/ip/DISCR_SERDES/DISCR_SERDES/DISCR_SERDES_in_context.xdc] for cell 'adc_discr_iface_gen[16].ADC_DISCR_CHAN/DISCR_SERDES'
Parsing XDC File [c:/Users/i3devmachine/mdom/updates/mdommb_rev1_fw/mDOM_mb_rev1.srcs/sources_1/ip/DISCR_SERDES/DISCR_SERDES/DISCR_SERDES_in_context.xdc] for cell 'adc_discr_iface_gen[17].ADC_DISCR_CHAN/DISCR_SERDES'
Finished Parsing XDC File [c:/Users/i3devmachine/mdom/updates/mdommb_rev1_fw/mDOM_mb_rev1.srcs/sources_1/ip/DISCR_SERDES/DISCR_SERDES/DISCR_SERDES_in_context.xdc] for cell 'adc_discr_iface_gen[17].ADC_DISCR_CHAN/DISCR_SERDES'
Parsing XDC File [c:/Users/i3devmachine/mdom/updates/mdommb_rev1_fw/mDOM_mb_rev1.srcs/sources_1/ip/DISCR_SERDES/DISCR_SERDES/DISCR_SERDES_in_context.xdc] for cell 'adc_discr_iface_gen[18].ADC_DISCR_CHAN/DISCR_SERDES'
Finished Parsing XDC File [c:/Users/i3devmachine/mdom/updates/mdommb_rev1_fw/mDOM_mb_rev1.srcs/sources_1/ip/DISCR_SERDES/DISCR_SERDES/DISCR_SERDES_in_context.xdc] for cell 'adc_discr_iface_gen[18].ADC_DISCR_CHAN/DISCR_SERDES'
Parsing XDC File [c:/Users/i3devmachine/mdom/updates/mdommb_rev1_fw/mDOM_mb_rev1.srcs/sources_1/ip/DISCR_SERDES/DISCR_SERDES/DISCR_SERDES_in_context.xdc] for cell 'adc_discr_iface_gen[19].ADC_DISCR_CHAN/DISCR_SERDES'
Finished Parsing XDC File [c:/Users/i3devmachine/mdom/updates/mdommb_rev1_fw/mDOM_mb_rev1.srcs/sources_1/ip/DISCR_SERDES/DISCR_SERDES/DISCR_SERDES_in_context.xdc] for cell 'adc_discr_iface_gen[19].ADC_DISCR_CHAN/DISCR_SERDES'
Parsing XDC File [c:/Users/i3devmachine/mdom/updates/mdommb_rev1_fw/mDOM_mb_rev1.srcs/sources_1/ip/DISCR_SERDES/DISCR_SERDES/DISCR_SERDES_in_context.xdc] for cell 'adc_discr_iface_gen[20].ADC_DISCR_CHAN/DISCR_SERDES'
Finished Parsing XDC File [c:/Users/i3devmachine/mdom/updates/mdommb_rev1_fw/mDOM_mb_rev1.srcs/sources_1/ip/DISCR_SERDES/DISCR_SERDES/DISCR_SERDES_in_context.xdc] for cell 'adc_discr_iface_gen[20].ADC_DISCR_CHAN/DISCR_SERDES'
Parsing XDC File [c:/Users/i3devmachine/mdom/updates/mdommb_rev1_fw/mDOM_mb_rev1.srcs/sources_1/ip/DISCR_SERDES/DISCR_SERDES/DISCR_SERDES_in_context.xdc] for cell 'adc_discr_iface_gen[21].ADC_DISCR_CHAN/DISCR_SERDES'
Finished Parsing XDC File [c:/Users/i3devmachine/mdom/updates/mdommb_rev1_fw/mDOM_mb_rev1.srcs/sources_1/ip/DISCR_SERDES/DISCR_SERDES/DISCR_SERDES_in_context.xdc] for cell 'adc_discr_iface_gen[21].ADC_DISCR_CHAN/DISCR_SERDES'
Parsing XDC File [c:/Users/i3devmachine/mdom/updates/mdommb_rev1_fw/mDOM_mb_rev1.srcs/sources_1/ip/DISCR_SERDES/DISCR_SERDES/DISCR_SERDES_in_context.xdc] for cell 'adc_discr_iface_gen[22].ADC_DISCR_CHAN/DISCR_SERDES'
Finished Parsing XDC File [c:/Users/i3devmachine/mdom/updates/mdommb_rev1_fw/mDOM_mb_rev1.srcs/sources_1/ip/DISCR_SERDES/DISCR_SERDES/DISCR_SERDES_in_context.xdc] for cell 'adc_discr_iface_gen[22].ADC_DISCR_CHAN/DISCR_SERDES'
Parsing XDC File [c:/Users/i3devmachine/mdom/updates/mdommb_rev1_fw/mDOM_mb_rev1.srcs/sources_1/ip/DISCR_SERDES/DISCR_SERDES/DISCR_SERDES_in_context.xdc] for cell 'adc_discr_iface_gen[23].ADC_DISCR_CHAN/DISCR_SERDES'
Finished Parsing XDC File [c:/Users/i3devmachine/mdom/updates/mdommb_rev1_fw/mDOM_mb_rev1.srcs/sources_1/ip/DISCR_SERDES/DISCR_SERDES/DISCR_SERDES_in_context.xdc] for cell 'adc_discr_iface_gen[23].ADC_DISCR_CHAN/DISCR_SERDES'
Parsing XDC File [c:/Users/i3devmachine/mdom/updates/mdommb_rev1_fw/mDOM_mb_rev1.srcs/sources_1/ip/AFE_PULSER_OUTPUT/AFE_PULSER_OUTPUT/AFE_PULSER_OUTPUT_in_context.xdc] for cell 'PULSER_0/PULSER_OUT'
Finished Parsing XDC File [c:/Users/i3devmachine/mdom/updates/mdommb_rev1_fw/mDOM_mb_rev1.srcs/sources_1/ip/AFE_PULSER_OUTPUT/AFE_PULSER_OUTPUT/AFE_PULSER_OUTPUT_in_context.xdc] for cell 'PULSER_0/PULSER_OUT'
Parsing XDC File [c:/Users/i3devmachine/mdom/updates/mdommb_rev1_fw/mDOM_mb_rev1.srcs/sources_1/ip/AFE_PULSER_OUTPUT/AFE_PULSER_OUTPUT/AFE_PULSER_OUTPUT_in_context.xdc] for cell 'PULSER_1/PULSER_OUT'
Finished Parsing XDC File [c:/Users/i3devmachine/mdom/updates/mdommb_rev1_fw/mDOM_mb_rev1.srcs/sources_1/ip/AFE_PULSER_OUTPUT/AFE_PULSER_OUTPUT/AFE_PULSER_OUTPUT_in_context.xdc] for cell 'PULSER_1/PULSER_OUT'
Parsing XDC File [c:/Users/i3devmachine/mdom/updates/mdommb_rev1_fw/mDOM_mb_rev1.srcs/sources_1/ip/AFE_PULSER_OUTPUT/AFE_PULSER_OUTPUT/AFE_PULSER_OUTPUT_in_context.xdc] for cell 'PULSER_2/PULSER_OUT'
Finished Parsing XDC File [c:/Users/i3devmachine/mdom/updates/mdommb_rev1_fw/mDOM_mb_rev1.srcs/sources_1/ip/AFE_PULSER_OUTPUT/AFE_PULSER_OUTPUT/AFE_PULSER_OUTPUT_in_context.xdc] for cell 'PULSER_2/PULSER_OUT'
Parsing XDC File [c:/Users/i3devmachine/mdom/updates/mdommb_rev1_fw/mDOM_mb_rev1.srcs/sources_1/ip/AFE_PULSER_OUTPUT/AFE_PULSER_OUTPUT/AFE_PULSER_OUTPUT_in_context.xdc] for cell 'PULSER_3/PULSER_OUT'
Finished Parsing XDC File [c:/Users/i3devmachine/mdom/updates/mdommb_rev1_fw/mDOM_mb_rev1.srcs/sources_1/ip/AFE_PULSER_OUTPUT/AFE_PULSER_OUTPUT/AFE_PULSER_OUTPUT_in_context.xdc] for cell 'PULSER_3/PULSER_OUT'
Parsing XDC File [c:/Users/i3devmachine/mdom/updates/mdommb_rev1_fw/mDOM_mb_rev1.srcs/sources_1/ip/AFE_PULSER_OUTPUT/AFE_PULSER_OUTPUT/AFE_PULSER_OUTPUT_in_context.xdc] for cell 'PULSER_4/PULSER_OUT'
Finished Parsing XDC File [c:/Users/i3devmachine/mdom/updates/mdommb_rev1_fw/mDOM_mb_rev1.srcs/sources_1/ip/AFE_PULSER_OUTPUT/AFE_PULSER_OUTPUT/AFE_PULSER_OUTPUT_in_context.xdc] for cell 'PULSER_4/PULSER_OUT'
Parsing XDC File [c:/Users/i3devmachine/mdom/updates/mdommb_rev1_fw/mDOM_mb_rev1.srcs/sources_1/ip/AFE_PULSER_OUTPUT/AFE_PULSER_OUTPUT/AFE_PULSER_OUTPUT_in_context.xdc] for cell 'PULSER_5/PULSER_OUT'
Finished Parsing XDC File [c:/Users/i3devmachine/mdom/updates/mdommb_rev1_fw/mDOM_mb_rev1.srcs/sources_1/ip/AFE_PULSER_OUTPUT/AFE_PULSER_OUTPUT/AFE_PULSER_OUTPUT_in_context.xdc] for cell 'PULSER_5/PULSER_OUT'
Parsing XDC File [c:/Users/i3devmachine/mdom/updates/mdommb_rev1_fw/mDOM_mb_rev1.srcs/sources_1/ip/mig_7series_0/mig_7series_0/mig_7series_0_in_context.xdc] for cell 'DDR3_TRANSFER_0/MIG_7_SERIES'
Finished Parsing XDC File [c:/Users/i3devmachine/mdom/updates/mdommb_rev1_fw/mDOM_mb_rev1.srcs/sources_1/ip/mig_7series_0/mig_7series_0/mig_7series_0_in_context.xdc] for cell 'DDR3_TRANSFER_0/MIG_7_SERIES'
Parsing XDC File [c:/Users/i3devmachine/mdom/updates/mdommb_rev1_fw/mDOM_mb_rev1.srcs/sources_1/ip/ddr3_idelay_clk_wiz/ddr3_idelay_clk_wiz/ddr3_idelay_clk_wiz_in_context.xdc] for cell 'DDR3_IDELAY_CLK_WIZ_0'
Finished Parsing XDC File [c:/Users/i3devmachine/mdom/updates/mdommb_rev1_fw/mDOM_mb_rev1.srcs/sources_1/ip/ddr3_idelay_clk_wiz/ddr3_idelay_clk_wiz/ddr3_idelay_clk_wiz_in_context.xdc] for cell 'DDR3_IDELAY_CLK_WIZ_0'
Parsing XDC File [c:/Users/i3devmachine/mdom/updates/mdommb_rev1_fw/mDOM_mb_rev1.srcs/sources_1/ip/DIST_BUFFER_128_12/DIST_BUFFER_128_12/DIST_BUFFER_128_12_in_context.xdc] for cell 'waveform_acq_gen[0].WFM_ACQ/ROLLING_BSUM/sample_buffer'
Finished Parsing XDC File [c:/Users/i3devmachine/mdom/updates/mdommb_rev1_fw/mDOM_mb_rev1.srcs/sources_1/ip/DIST_BUFFER_128_12/DIST_BUFFER_128_12/DIST_BUFFER_128_12_in_context.xdc] for cell 'waveform_acq_gen[0].WFM_ACQ/ROLLING_BSUM/sample_buffer'
Parsing XDC File [c:/Users/i3devmachine/mdom/updates/mdommb_rev1_fw/mDOM_mb_rev1.srcs/sources_1/ip/DIST_BUFFER_128_12/DIST_BUFFER_128_12/DIST_BUFFER_128_12_in_context.xdc] for cell 'waveform_acq_gen[1].WFM_ACQ/ROLLING_BSUM/sample_buffer'
Finished Parsing XDC File [c:/Users/i3devmachine/mdom/updates/mdommb_rev1_fw/mDOM_mb_rev1.srcs/sources_1/ip/DIST_BUFFER_128_12/DIST_BUFFER_128_12/DIST_BUFFER_128_12_in_context.xdc] for cell 'waveform_acq_gen[1].WFM_ACQ/ROLLING_BSUM/sample_buffer'
Parsing XDC File [c:/Users/i3devmachine/mdom/updates/mdommb_rev1_fw/mDOM_mb_rev1.srcs/sources_1/ip/DIST_BUFFER_128_12/DIST_BUFFER_128_12/DIST_BUFFER_128_12_in_context.xdc] for cell 'waveform_acq_gen[2].WFM_ACQ/ROLLING_BSUM/sample_buffer'
Finished Parsing XDC File [c:/Users/i3devmachine/mdom/updates/mdommb_rev1_fw/mDOM_mb_rev1.srcs/sources_1/ip/DIST_BUFFER_128_12/DIST_BUFFER_128_12/DIST_BUFFER_128_12_in_context.xdc] for cell 'waveform_acq_gen[2].WFM_ACQ/ROLLING_BSUM/sample_buffer'
Parsing XDC File [c:/Users/i3devmachine/mdom/updates/mdommb_rev1_fw/mDOM_mb_rev1.srcs/sources_1/ip/DIST_BUFFER_128_12/DIST_BUFFER_128_12/DIST_BUFFER_128_12_in_context.xdc] for cell 'waveform_acq_gen[3].WFM_ACQ/ROLLING_BSUM/sample_buffer'
Finished Parsing XDC File [c:/Users/i3devmachine/mdom/updates/mdommb_rev1_fw/mDOM_mb_rev1.srcs/sources_1/ip/DIST_BUFFER_128_12/DIST_BUFFER_128_12/DIST_BUFFER_128_12_in_context.xdc] for cell 'waveform_acq_gen[3].WFM_ACQ/ROLLING_BSUM/sample_buffer'
Parsing XDC File [c:/Users/i3devmachine/mdom/updates/mdommb_rev1_fw/mDOM_mb_rev1.srcs/sources_1/ip/DIST_BUFFER_128_12/DIST_BUFFER_128_12/DIST_BUFFER_128_12_in_context.xdc] for cell 'waveform_acq_gen[4].WFM_ACQ/ROLLING_BSUM/sample_buffer'
Finished Parsing XDC File [c:/Users/i3devmachine/mdom/updates/mdommb_rev1_fw/mDOM_mb_rev1.srcs/sources_1/ip/DIST_BUFFER_128_12/DIST_BUFFER_128_12/DIST_BUFFER_128_12_in_context.xdc] for cell 'waveform_acq_gen[4].WFM_ACQ/ROLLING_BSUM/sample_buffer'
Parsing XDC File [c:/Users/i3devmachine/mdom/updates/mdommb_rev1_fw/mDOM_mb_rev1.srcs/sources_1/ip/DIST_BUFFER_128_12/DIST_BUFFER_128_12/DIST_BUFFER_128_12_in_context.xdc] for cell 'waveform_acq_gen[5].WFM_ACQ/ROLLING_BSUM/sample_buffer'
Finished Parsing XDC File [c:/Users/i3devmachine/mdom/updates/mdommb_rev1_fw/mDOM_mb_rev1.srcs/sources_1/ip/DIST_BUFFER_128_12/DIST_BUFFER_128_12/DIST_BUFFER_128_12_in_context.xdc] for cell 'waveform_acq_gen[5].WFM_ACQ/ROLLING_BSUM/sample_buffer'
Parsing XDC File [c:/Users/i3devmachine/mdom/updates/mdommb_rev1_fw/mDOM_mb_rev1.srcs/sources_1/ip/DIST_BUFFER_128_12/DIST_BUFFER_128_12/DIST_BUFFER_128_12_in_context.xdc] for cell 'waveform_acq_gen[6].WFM_ACQ/ROLLING_BSUM/sample_buffer'
Finished Parsing XDC File [c:/Users/i3devmachine/mdom/updates/mdommb_rev1_fw/mDOM_mb_rev1.srcs/sources_1/ip/DIST_BUFFER_128_12/DIST_BUFFER_128_12/DIST_BUFFER_128_12_in_context.xdc] for cell 'waveform_acq_gen[6].WFM_ACQ/ROLLING_BSUM/sample_buffer'
Parsing XDC File [c:/Users/i3devmachine/mdom/updates/mdommb_rev1_fw/mDOM_mb_rev1.srcs/sources_1/ip/DIST_BUFFER_128_12/DIST_BUFFER_128_12/DIST_BUFFER_128_12_in_context.xdc] for cell 'waveform_acq_gen[7].WFM_ACQ/ROLLING_BSUM/sample_buffer'
Finished Parsing XDC File [c:/Users/i3devmachine/mdom/updates/mdommb_rev1_fw/mDOM_mb_rev1.srcs/sources_1/ip/DIST_BUFFER_128_12/DIST_BUFFER_128_12/DIST_BUFFER_128_12_in_context.xdc] for cell 'waveform_acq_gen[7].WFM_ACQ/ROLLING_BSUM/sample_buffer'
Parsing XDC File [c:/Users/i3devmachine/mdom/updates/mdommb_rev1_fw/mDOM_mb_rev1.srcs/sources_1/ip/DIST_BUFFER_128_12/DIST_BUFFER_128_12/DIST_BUFFER_128_12_in_context.xdc] for cell 'waveform_acq_gen[8].WFM_ACQ/ROLLING_BSUM/sample_buffer'
Finished Parsing XDC File [c:/Users/i3devmachine/mdom/updates/mdommb_rev1_fw/mDOM_mb_rev1.srcs/sources_1/ip/DIST_BUFFER_128_12/DIST_BUFFER_128_12/DIST_BUFFER_128_12_in_context.xdc] for cell 'waveform_acq_gen[8].WFM_ACQ/ROLLING_BSUM/sample_buffer'
Parsing XDC File [c:/Users/i3devmachine/mdom/updates/mdommb_rev1_fw/mDOM_mb_rev1.srcs/sources_1/ip/DIST_BUFFER_128_12/DIST_BUFFER_128_12/DIST_BUFFER_128_12_in_context.xdc] for cell 'waveform_acq_gen[9].WFM_ACQ/ROLLING_BSUM/sample_buffer'
Finished Parsing XDC File [c:/Users/i3devmachine/mdom/updates/mdommb_rev1_fw/mDOM_mb_rev1.srcs/sources_1/ip/DIST_BUFFER_128_12/DIST_BUFFER_128_12/DIST_BUFFER_128_12_in_context.xdc] for cell 'waveform_acq_gen[9].WFM_ACQ/ROLLING_BSUM/sample_buffer'
Parsing XDC File [c:/Users/i3devmachine/mdom/updates/mdommb_rev1_fw/mDOM_mb_rev1.srcs/sources_1/ip/DIST_BUFFER_128_12/DIST_BUFFER_128_12/DIST_BUFFER_128_12_in_context.xdc] for cell 'waveform_acq_gen[10].WFM_ACQ/ROLLING_BSUM/sample_buffer'
Finished Parsing XDC File [c:/Users/i3devmachine/mdom/updates/mdommb_rev1_fw/mDOM_mb_rev1.srcs/sources_1/ip/DIST_BUFFER_128_12/DIST_BUFFER_128_12/DIST_BUFFER_128_12_in_context.xdc] for cell 'waveform_acq_gen[10].WFM_ACQ/ROLLING_BSUM/sample_buffer'
Parsing XDC File [c:/Users/i3devmachine/mdom/updates/mdommb_rev1_fw/mDOM_mb_rev1.srcs/sources_1/ip/DIST_BUFFER_128_12/DIST_BUFFER_128_12/DIST_BUFFER_128_12_in_context.xdc] for cell 'waveform_acq_gen[11].WFM_ACQ/ROLLING_BSUM/sample_buffer'
Finished Parsing XDC File [c:/Users/i3devmachine/mdom/updates/mdommb_rev1_fw/mDOM_mb_rev1.srcs/sources_1/ip/DIST_BUFFER_128_12/DIST_BUFFER_128_12/DIST_BUFFER_128_12_in_context.xdc] for cell 'waveform_acq_gen[11].WFM_ACQ/ROLLING_BSUM/sample_buffer'
Parsing XDC File [c:/Users/i3devmachine/mdom/updates/mdommb_rev1_fw/mDOM_mb_rev1.srcs/sources_1/ip/DIST_BUFFER_128_12/DIST_BUFFER_128_12/DIST_BUFFER_128_12_in_context.xdc] for cell 'waveform_acq_gen[12].WFM_ACQ/ROLLING_BSUM/sample_buffer'
Finished Parsing XDC File [c:/Users/i3devmachine/mdom/updates/mdommb_rev1_fw/mDOM_mb_rev1.srcs/sources_1/ip/DIST_BUFFER_128_12/DIST_BUFFER_128_12/DIST_BUFFER_128_12_in_context.xdc] for cell 'waveform_acq_gen[12].WFM_ACQ/ROLLING_BSUM/sample_buffer'
Parsing XDC File [c:/Users/i3devmachine/mdom/updates/mdommb_rev1_fw/mDOM_mb_rev1.srcs/sources_1/ip/DIST_BUFFER_128_12/DIST_BUFFER_128_12/DIST_BUFFER_128_12_in_context.xdc] for cell 'waveform_acq_gen[13].WFM_ACQ/ROLLING_BSUM/sample_buffer'
Finished Parsing XDC File [c:/Users/i3devmachine/mdom/updates/mdommb_rev1_fw/mDOM_mb_rev1.srcs/sources_1/ip/DIST_BUFFER_128_12/DIST_BUFFER_128_12/DIST_BUFFER_128_12_in_context.xdc] for cell 'waveform_acq_gen[13].WFM_ACQ/ROLLING_BSUM/sample_buffer'
Parsing XDC File [c:/Users/i3devmachine/mdom/updates/mdommb_rev1_fw/mDOM_mb_rev1.srcs/sources_1/ip/DIST_BUFFER_128_12/DIST_BUFFER_128_12/DIST_BUFFER_128_12_in_context.xdc] for cell 'waveform_acq_gen[14].WFM_ACQ/ROLLING_BSUM/sample_buffer'
Finished Parsing XDC File [c:/Users/i3devmachine/mdom/updates/mdommb_rev1_fw/mDOM_mb_rev1.srcs/sources_1/ip/DIST_BUFFER_128_12/DIST_BUFFER_128_12/DIST_BUFFER_128_12_in_context.xdc] for cell 'waveform_acq_gen[14].WFM_ACQ/ROLLING_BSUM/sample_buffer'
Parsing XDC File [c:/Users/i3devmachine/mdom/updates/mdommb_rev1_fw/mDOM_mb_rev1.srcs/sources_1/ip/DIST_BUFFER_128_12/DIST_BUFFER_128_12/DIST_BUFFER_128_12_in_context.xdc] for cell 'waveform_acq_gen[15].WFM_ACQ/ROLLING_BSUM/sample_buffer'
Finished Parsing XDC File [c:/Users/i3devmachine/mdom/updates/mdommb_rev1_fw/mDOM_mb_rev1.srcs/sources_1/ip/DIST_BUFFER_128_12/DIST_BUFFER_128_12/DIST_BUFFER_128_12_in_context.xdc] for cell 'waveform_acq_gen[15].WFM_ACQ/ROLLING_BSUM/sample_buffer'
Parsing XDC File [c:/Users/i3devmachine/mdom/updates/mdommb_rev1_fw/mDOM_mb_rev1.srcs/sources_1/ip/DIST_BUFFER_128_12/DIST_BUFFER_128_12/DIST_BUFFER_128_12_in_context.xdc] for cell 'waveform_acq_gen[16].WFM_ACQ/ROLLING_BSUM/sample_buffer'
Finished Parsing XDC File [c:/Users/i3devmachine/mdom/updates/mdommb_rev1_fw/mDOM_mb_rev1.srcs/sources_1/ip/DIST_BUFFER_128_12/DIST_BUFFER_128_12/DIST_BUFFER_128_12_in_context.xdc] for cell 'waveform_acq_gen[16].WFM_ACQ/ROLLING_BSUM/sample_buffer'
Parsing XDC File [c:/Users/i3devmachine/mdom/updates/mdommb_rev1_fw/mDOM_mb_rev1.srcs/sources_1/ip/DIST_BUFFER_128_12/DIST_BUFFER_128_12/DIST_BUFFER_128_12_in_context.xdc] for cell 'waveform_acq_gen[17].WFM_ACQ/ROLLING_BSUM/sample_buffer'
Finished Parsing XDC File [c:/Users/i3devmachine/mdom/updates/mdommb_rev1_fw/mDOM_mb_rev1.srcs/sources_1/ip/DIST_BUFFER_128_12/DIST_BUFFER_128_12/DIST_BUFFER_128_12_in_context.xdc] for cell 'waveform_acq_gen[17].WFM_ACQ/ROLLING_BSUM/sample_buffer'
Parsing XDC File [c:/Users/i3devmachine/mdom/updates/mdommb_rev1_fw/mDOM_mb_rev1.srcs/sources_1/ip/DIST_BUFFER_128_12/DIST_BUFFER_128_12/DIST_BUFFER_128_12_in_context.xdc] for cell 'waveform_acq_gen[18].WFM_ACQ/ROLLING_BSUM/sample_buffer'
Finished Parsing XDC File [c:/Users/i3devmachine/mdom/updates/mdommb_rev1_fw/mDOM_mb_rev1.srcs/sources_1/ip/DIST_BUFFER_128_12/DIST_BUFFER_128_12/DIST_BUFFER_128_12_in_context.xdc] for cell 'waveform_acq_gen[18].WFM_ACQ/ROLLING_BSUM/sample_buffer'
Parsing XDC File [c:/Users/i3devmachine/mdom/updates/mdommb_rev1_fw/mDOM_mb_rev1.srcs/sources_1/ip/DIST_BUFFER_128_12/DIST_BUFFER_128_12/DIST_BUFFER_128_12_in_context.xdc] for cell 'waveform_acq_gen[19].WFM_ACQ/ROLLING_BSUM/sample_buffer'
Finished Parsing XDC File [c:/Users/i3devmachine/mdom/updates/mdommb_rev1_fw/mDOM_mb_rev1.srcs/sources_1/ip/DIST_BUFFER_128_12/DIST_BUFFER_128_12/DIST_BUFFER_128_12_in_context.xdc] for cell 'waveform_acq_gen[19].WFM_ACQ/ROLLING_BSUM/sample_buffer'
Parsing XDC File [c:/Users/i3devmachine/mdom/updates/mdommb_rev1_fw/mDOM_mb_rev1.srcs/sources_1/ip/DIST_BUFFER_128_12/DIST_BUFFER_128_12/DIST_BUFFER_128_12_in_context.xdc] for cell 'waveform_acq_gen[20].WFM_ACQ/ROLLING_BSUM/sample_buffer'
Finished Parsing XDC File [c:/Users/i3devmachine/mdom/updates/mdommb_rev1_fw/mDOM_mb_rev1.srcs/sources_1/ip/DIST_BUFFER_128_12/DIST_BUFFER_128_12/DIST_BUFFER_128_12_in_context.xdc] for cell 'waveform_acq_gen[20].WFM_ACQ/ROLLING_BSUM/sample_buffer'
Parsing XDC File [c:/Users/i3devmachine/mdom/updates/mdommb_rev1_fw/mDOM_mb_rev1.srcs/sources_1/ip/DIST_BUFFER_128_12/DIST_BUFFER_128_12/DIST_BUFFER_128_12_in_context.xdc] for cell 'waveform_acq_gen[21].WFM_ACQ/ROLLING_BSUM/sample_buffer'
Finished Parsing XDC File [c:/Users/i3devmachine/mdom/updates/mdommb_rev1_fw/mDOM_mb_rev1.srcs/sources_1/ip/DIST_BUFFER_128_12/DIST_BUFFER_128_12/DIST_BUFFER_128_12_in_context.xdc] for cell 'waveform_acq_gen[21].WFM_ACQ/ROLLING_BSUM/sample_buffer'
Parsing XDC File [c:/Users/i3devmachine/mdom/updates/mdommb_rev1_fw/mDOM_mb_rev1.srcs/sources_1/ip/DIST_BUFFER_128_12/DIST_BUFFER_128_12/DIST_BUFFER_128_12_in_context.xdc] for cell 'waveform_acq_gen[22].WFM_ACQ/ROLLING_BSUM/sample_buffer'
Finished Parsing XDC File [c:/Users/i3devmachine/mdom/updates/mdommb_rev1_fw/mDOM_mb_rev1.srcs/sources_1/ip/DIST_BUFFER_128_12/DIST_BUFFER_128_12/DIST_BUFFER_128_12_in_context.xdc] for cell 'waveform_acq_gen[22].WFM_ACQ/ROLLING_BSUM/sample_buffer'
Parsing XDC File [c:/Users/i3devmachine/mdom/updates/mdommb_rev1_fw/mDOM_mb_rev1.srcs/sources_1/ip/DIST_BUFFER_128_12/DIST_BUFFER_128_12/DIST_BUFFER_128_12_in_context.xdc] for cell 'waveform_acq_gen[23].WFM_ACQ/ROLLING_BSUM/sample_buffer'
Finished Parsing XDC File [c:/Users/i3devmachine/mdom/updates/mdommb_rev1_fw/mDOM_mb_rev1.srcs/sources_1/ip/DIST_BUFFER_128_12/DIST_BUFFER_128_12/DIST_BUFFER_128_12_in_context.xdc] for cell 'waveform_acq_gen[23].WFM_ACQ/ROLLING_BSUM/sample_buffer'
Parsing XDC File [c:/Users/i3devmachine/mdom/updates/mdommb_rev1_fw/mDOM_mb_rev1.srcs/sources_1/ip/FIFO_1024_16/FIFO_1024_16/FIFO_1024_16_in_context.xdc] for cell 'I2CM_0/RX_FIFO_0'
Finished Parsing XDC File [c:/Users/i3devmachine/mdom/updates/mdommb_rev1_fw/mDOM_mb_rev1.srcs/sources_1/ip/FIFO_1024_16/FIFO_1024_16/FIFO_1024_16_in_context.xdc] for cell 'I2CM_0/RX_FIFO_0'
Parsing XDC File [c:/Users/i3devmachine/mdom/updates/mdommb_rev1_fw/mDOM_mb_rev1.srcs/sources_1/ip/FIFO_1024_16/FIFO_1024_16/FIFO_1024_16_in_context.xdc] for cell 'I2CM_0/TX_FIFO_0'
Finished Parsing XDC File [c:/Users/i3devmachine/mdom/updates/mdommb_rev1_fw/mDOM_mb_rev1.srcs/sources_1/ip/FIFO_1024_16/FIFO_1024_16/FIFO_1024_16_in_context.xdc] for cell 'I2CM_0/TX_FIFO_0'
Parsing XDC File [c:/Users/i3devmachine/mdom/updates/mdommb_rev1_fw/mDOM_mb_rev1.srcs/sources_1/ip/MDOM_SECONDARY_BUFFER/MDOM_SECONDARY_BUFFER/MDOM_SECONDARY_BUFFER_in_context.xdc] for cell 'genblk5[0].SCDB/SCDB'
Finished Parsing XDC File [c:/Users/i3devmachine/mdom/updates/mdommb_rev1_fw/mDOM_mb_rev1.srcs/sources_1/ip/MDOM_SECONDARY_BUFFER/MDOM_SECONDARY_BUFFER/MDOM_SECONDARY_BUFFER_in_context.xdc] for cell 'genblk5[0].SCDB/SCDB'
Parsing XDC File [c:/Users/i3devmachine/mdom/updates/mdommb_rev1_fw/mDOM_mb_rev1.srcs/sources_1/ip/MDOM_SECONDARY_BUFFER/MDOM_SECONDARY_BUFFER/MDOM_SECONDARY_BUFFER_in_context.xdc] for cell 'genblk5[1].SCDB/SCDB'
Finished Parsing XDC File [c:/Users/i3devmachine/mdom/updates/mdommb_rev1_fw/mDOM_mb_rev1.srcs/sources_1/ip/MDOM_SECONDARY_BUFFER/MDOM_SECONDARY_BUFFER/MDOM_SECONDARY_BUFFER_in_context.xdc] for cell 'genblk5[1].SCDB/SCDB'
Parsing XDC File [c:/Users/i3devmachine/mdom/updates/mdommb_rev1_fw/mDOM_mb_rev1.srcs/sources_1/ip/MDOM_SECONDARY_BUFFER/MDOM_SECONDARY_BUFFER/MDOM_SECONDARY_BUFFER_in_context.xdc] for cell 'genblk5[2].SCDB/SCDB'
Finished Parsing XDC File [c:/Users/i3devmachine/mdom/updates/mdommb_rev1_fw/mDOM_mb_rev1.srcs/sources_1/ip/MDOM_SECONDARY_BUFFER/MDOM_SECONDARY_BUFFER/MDOM_SECONDARY_BUFFER_in_context.xdc] for cell 'genblk5[2].SCDB/SCDB'
Parsing XDC File [c:/Users/i3devmachine/mdom/updates/mdommb_rev1_fw/mDOM_mb_rev1.srcs/sources_1/ip/MDOM_CHANNEL_BUFFER/MDOM_CHANNEL_BUFFER/MDOM_CHANNEL_BUFFER_in_context.xdc] for cell 'waveform_acq_gen[0].WFM_ACQ/WVB/WBS/WAVEFORM_DISCR_BUFF'
Finished Parsing XDC File [c:/Users/i3devmachine/mdom/updates/mdommb_rev1_fw/mDOM_mb_rev1.srcs/sources_1/ip/MDOM_CHANNEL_BUFFER/MDOM_CHANNEL_BUFFER/MDOM_CHANNEL_BUFFER_in_context.xdc] for cell 'waveform_acq_gen[0].WFM_ACQ/WVB/WBS/WAVEFORM_DISCR_BUFF'
Parsing XDC File [c:/Users/i3devmachine/mdom/updates/mdommb_rev1_fw/mDOM_mb_rev1.srcs/sources_1/ip/MDOM_CHANNEL_BUFFER/MDOM_CHANNEL_BUFFER/MDOM_CHANNEL_BUFFER_in_context.xdc] for cell 'waveform_acq_gen[1].WFM_ACQ/WVB/WBS/WAVEFORM_DISCR_BUFF'
Finished Parsing XDC File [c:/Users/i3devmachine/mdom/updates/mdommb_rev1_fw/mDOM_mb_rev1.srcs/sources_1/ip/MDOM_CHANNEL_BUFFER/MDOM_CHANNEL_BUFFER/MDOM_CHANNEL_BUFFER_in_context.xdc] for cell 'waveform_acq_gen[1].WFM_ACQ/WVB/WBS/WAVEFORM_DISCR_BUFF'
Parsing XDC File [c:/Users/i3devmachine/mdom/updates/mdommb_rev1_fw/mDOM_mb_rev1.srcs/sources_1/ip/MDOM_CHANNEL_BUFFER/MDOM_CHANNEL_BUFFER/MDOM_CHANNEL_BUFFER_in_context.xdc] for cell 'waveform_acq_gen[2].WFM_ACQ/WVB/WBS/WAVEFORM_DISCR_BUFF'
Finished Parsing XDC File [c:/Users/i3devmachine/mdom/updates/mdommb_rev1_fw/mDOM_mb_rev1.srcs/sources_1/ip/MDOM_CHANNEL_BUFFER/MDOM_CHANNEL_BUFFER/MDOM_CHANNEL_BUFFER_in_context.xdc] for cell 'waveform_acq_gen[2].WFM_ACQ/WVB/WBS/WAVEFORM_DISCR_BUFF'
Parsing XDC File [c:/Users/i3devmachine/mdom/updates/mdommb_rev1_fw/mDOM_mb_rev1.srcs/sources_1/ip/MDOM_CHANNEL_BUFFER/MDOM_CHANNEL_BUFFER/MDOM_CHANNEL_BUFFER_in_context.xdc] for cell 'waveform_acq_gen[3].WFM_ACQ/WVB/WBS/WAVEFORM_DISCR_BUFF'
Finished Parsing XDC File [c:/Users/i3devmachine/mdom/updates/mdommb_rev1_fw/mDOM_mb_rev1.srcs/sources_1/ip/MDOM_CHANNEL_BUFFER/MDOM_CHANNEL_BUFFER/MDOM_CHANNEL_BUFFER_in_context.xdc] for cell 'waveform_acq_gen[3].WFM_ACQ/WVB/WBS/WAVEFORM_DISCR_BUFF'
Parsing XDC File [c:/Users/i3devmachine/mdom/updates/mdommb_rev1_fw/mDOM_mb_rev1.srcs/sources_1/ip/MDOM_CHANNEL_BUFFER/MDOM_CHANNEL_BUFFER/MDOM_CHANNEL_BUFFER_in_context.xdc] for cell 'waveform_acq_gen[4].WFM_ACQ/WVB/WBS/WAVEFORM_DISCR_BUFF'
Finished Parsing XDC File [c:/Users/i3devmachine/mdom/updates/mdommb_rev1_fw/mDOM_mb_rev1.srcs/sources_1/ip/MDOM_CHANNEL_BUFFER/MDOM_CHANNEL_BUFFER/MDOM_CHANNEL_BUFFER_in_context.xdc] for cell 'waveform_acq_gen[4].WFM_ACQ/WVB/WBS/WAVEFORM_DISCR_BUFF'
Parsing XDC File [c:/Users/i3devmachine/mdom/updates/mdommb_rev1_fw/mDOM_mb_rev1.srcs/sources_1/ip/MDOM_CHANNEL_BUFFER/MDOM_CHANNEL_BUFFER/MDOM_CHANNEL_BUFFER_in_context.xdc] for cell 'waveform_acq_gen[5].WFM_ACQ/WVB/WBS/WAVEFORM_DISCR_BUFF'
Finished Parsing XDC File [c:/Users/i3devmachine/mdom/updates/mdommb_rev1_fw/mDOM_mb_rev1.srcs/sources_1/ip/MDOM_CHANNEL_BUFFER/MDOM_CHANNEL_BUFFER/MDOM_CHANNEL_BUFFER_in_context.xdc] for cell 'waveform_acq_gen[5].WFM_ACQ/WVB/WBS/WAVEFORM_DISCR_BUFF'
Parsing XDC File [c:/Users/i3devmachine/mdom/updates/mdommb_rev1_fw/mDOM_mb_rev1.srcs/sources_1/ip/MDOM_CHANNEL_BUFFER/MDOM_CHANNEL_BUFFER/MDOM_CHANNEL_BUFFER_in_context.xdc] for cell 'waveform_acq_gen[6].WFM_ACQ/WVB/WBS/WAVEFORM_DISCR_BUFF'
Finished Parsing XDC File [c:/Users/i3devmachine/mdom/updates/mdommb_rev1_fw/mDOM_mb_rev1.srcs/sources_1/ip/MDOM_CHANNEL_BUFFER/MDOM_CHANNEL_BUFFER/MDOM_CHANNEL_BUFFER_in_context.xdc] for cell 'waveform_acq_gen[6].WFM_ACQ/WVB/WBS/WAVEFORM_DISCR_BUFF'
Parsing XDC File [c:/Users/i3devmachine/mdom/updates/mdommb_rev1_fw/mDOM_mb_rev1.srcs/sources_1/ip/MDOM_CHANNEL_BUFFER/MDOM_CHANNEL_BUFFER/MDOM_CHANNEL_BUFFER_in_context.xdc] for cell 'waveform_acq_gen[7].WFM_ACQ/WVB/WBS/WAVEFORM_DISCR_BUFF'
Finished Parsing XDC File [c:/Users/i3devmachine/mdom/updates/mdommb_rev1_fw/mDOM_mb_rev1.srcs/sources_1/ip/MDOM_CHANNEL_BUFFER/MDOM_CHANNEL_BUFFER/MDOM_CHANNEL_BUFFER_in_context.xdc] for cell 'waveform_acq_gen[7].WFM_ACQ/WVB/WBS/WAVEFORM_DISCR_BUFF'
Parsing XDC File [c:/Users/i3devmachine/mdom/updates/mdommb_rev1_fw/mDOM_mb_rev1.srcs/sources_1/ip/MDOM_CHANNEL_BUFFER/MDOM_CHANNEL_BUFFER/MDOM_CHANNEL_BUFFER_in_context.xdc] for cell 'waveform_acq_gen[8].WFM_ACQ/WVB/WBS/WAVEFORM_DISCR_BUFF'
Finished Parsing XDC File [c:/Users/i3devmachine/mdom/updates/mdommb_rev1_fw/mDOM_mb_rev1.srcs/sources_1/ip/MDOM_CHANNEL_BUFFER/MDOM_CHANNEL_BUFFER/MDOM_CHANNEL_BUFFER_in_context.xdc] for cell 'waveform_acq_gen[8].WFM_ACQ/WVB/WBS/WAVEFORM_DISCR_BUFF'
Parsing XDC File [c:/Users/i3devmachine/mdom/updates/mdommb_rev1_fw/mDOM_mb_rev1.srcs/sources_1/ip/MDOM_CHANNEL_BUFFER/MDOM_CHANNEL_BUFFER/MDOM_CHANNEL_BUFFER_in_context.xdc] for cell 'waveform_acq_gen[9].WFM_ACQ/WVB/WBS/WAVEFORM_DISCR_BUFF'
Finished Parsing XDC File [c:/Users/i3devmachine/mdom/updates/mdommb_rev1_fw/mDOM_mb_rev1.srcs/sources_1/ip/MDOM_CHANNEL_BUFFER/MDOM_CHANNEL_BUFFER/MDOM_CHANNEL_BUFFER_in_context.xdc] for cell 'waveform_acq_gen[9].WFM_ACQ/WVB/WBS/WAVEFORM_DISCR_BUFF'
Parsing XDC File [c:/Users/i3devmachine/mdom/updates/mdommb_rev1_fw/mDOM_mb_rev1.srcs/sources_1/ip/MDOM_CHANNEL_BUFFER/MDOM_CHANNEL_BUFFER/MDOM_CHANNEL_BUFFER_in_context.xdc] for cell 'waveform_acq_gen[10].WFM_ACQ/WVB/WBS/WAVEFORM_DISCR_BUFF'
Finished Parsing XDC File [c:/Users/i3devmachine/mdom/updates/mdommb_rev1_fw/mDOM_mb_rev1.srcs/sources_1/ip/MDOM_CHANNEL_BUFFER/MDOM_CHANNEL_BUFFER/MDOM_CHANNEL_BUFFER_in_context.xdc] for cell 'waveform_acq_gen[10].WFM_ACQ/WVB/WBS/WAVEFORM_DISCR_BUFF'
Parsing XDC File [c:/Users/i3devmachine/mdom/updates/mdommb_rev1_fw/mDOM_mb_rev1.srcs/sources_1/ip/MDOM_CHANNEL_BUFFER/MDOM_CHANNEL_BUFFER/MDOM_CHANNEL_BUFFER_in_context.xdc] for cell 'waveform_acq_gen[11].WFM_ACQ/WVB/WBS/WAVEFORM_DISCR_BUFF'
Finished Parsing XDC File [c:/Users/i3devmachine/mdom/updates/mdommb_rev1_fw/mDOM_mb_rev1.srcs/sources_1/ip/MDOM_CHANNEL_BUFFER/MDOM_CHANNEL_BUFFER/MDOM_CHANNEL_BUFFER_in_context.xdc] for cell 'waveform_acq_gen[11].WFM_ACQ/WVB/WBS/WAVEFORM_DISCR_BUFF'
Parsing XDC File [c:/Users/i3devmachine/mdom/updates/mdommb_rev1_fw/mDOM_mb_rev1.srcs/sources_1/ip/MDOM_CHANNEL_BUFFER/MDOM_CHANNEL_BUFFER/MDOM_CHANNEL_BUFFER_in_context.xdc] for cell 'waveform_acq_gen[12].WFM_ACQ/WVB/WBS/WAVEFORM_DISCR_BUFF'
Finished Parsing XDC File [c:/Users/i3devmachine/mdom/updates/mdommb_rev1_fw/mDOM_mb_rev1.srcs/sources_1/ip/MDOM_CHANNEL_BUFFER/MDOM_CHANNEL_BUFFER/MDOM_CHANNEL_BUFFER_in_context.xdc] for cell 'waveform_acq_gen[12].WFM_ACQ/WVB/WBS/WAVEFORM_DISCR_BUFF'
Parsing XDC File [c:/Users/i3devmachine/mdom/updates/mdommb_rev1_fw/mDOM_mb_rev1.srcs/sources_1/ip/MDOM_CHANNEL_BUFFER/MDOM_CHANNEL_BUFFER/MDOM_CHANNEL_BUFFER_in_context.xdc] for cell 'waveform_acq_gen[13].WFM_ACQ/WVB/WBS/WAVEFORM_DISCR_BUFF'
Finished Parsing XDC File [c:/Users/i3devmachine/mdom/updates/mdommb_rev1_fw/mDOM_mb_rev1.srcs/sources_1/ip/MDOM_CHANNEL_BUFFER/MDOM_CHANNEL_BUFFER/MDOM_CHANNEL_BUFFER_in_context.xdc] for cell 'waveform_acq_gen[13].WFM_ACQ/WVB/WBS/WAVEFORM_DISCR_BUFF'
Parsing XDC File [c:/Users/i3devmachine/mdom/updates/mdommb_rev1_fw/mDOM_mb_rev1.srcs/sources_1/ip/MDOM_CHANNEL_BUFFER/MDOM_CHANNEL_BUFFER/MDOM_CHANNEL_BUFFER_in_context.xdc] for cell 'waveform_acq_gen[14].WFM_ACQ/WVB/WBS/WAVEFORM_DISCR_BUFF'
Finished Parsing XDC File [c:/Users/i3devmachine/mdom/updates/mdommb_rev1_fw/mDOM_mb_rev1.srcs/sources_1/ip/MDOM_CHANNEL_BUFFER/MDOM_CHANNEL_BUFFER/MDOM_CHANNEL_BUFFER_in_context.xdc] for cell 'waveform_acq_gen[14].WFM_ACQ/WVB/WBS/WAVEFORM_DISCR_BUFF'
Parsing XDC File [c:/Users/i3devmachine/mdom/updates/mdommb_rev1_fw/mDOM_mb_rev1.srcs/sources_1/ip/MDOM_CHANNEL_BUFFER/MDOM_CHANNEL_BUFFER/MDOM_CHANNEL_BUFFER_in_context.xdc] for cell 'waveform_acq_gen[15].WFM_ACQ/WVB/WBS/WAVEFORM_DISCR_BUFF'
Finished Parsing XDC File [c:/Users/i3devmachine/mdom/updates/mdommb_rev1_fw/mDOM_mb_rev1.srcs/sources_1/ip/MDOM_CHANNEL_BUFFER/MDOM_CHANNEL_BUFFER/MDOM_CHANNEL_BUFFER_in_context.xdc] for cell 'waveform_acq_gen[15].WFM_ACQ/WVB/WBS/WAVEFORM_DISCR_BUFF'
Parsing XDC File [c:/Users/i3devmachine/mdom/updates/mdommb_rev1_fw/mDOM_mb_rev1.srcs/sources_1/ip/MDOM_CHANNEL_BUFFER/MDOM_CHANNEL_BUFFER/MDOM_CHANNEL_BUFFER_in_context.xdc] for cell 'waveform_acq_gen[16].WFM_ACQ/WVB/WBS/WAVEFORM_DISCR_BUFF'
Finished Parsing XDC File [c:/Users/i3devmachine/mdom/updates/mdommb_rev1_fw/mDOM_mb_rev1.srcs/sources_1/ip/MDOM_CHANNEL_BUFFER/MDOM_CHANNEL_BUFFER/MDOM_CHANNEL_BUFFER_in_context.xdc] for cell 'waveform_acq_gen[16].WFM_ACQ/WVB/WBS/WAVEFORM_DISCR_BUFF'
Parsing XDC File [c:/Users/i3devmachine/mdom/updates/mdommb_rev1_fw/mDOM_mb_rev1.srcs/sources_1/ip/MDOM_CHANNEL_BUFFER/MDOM_CHANNEL_BUFFER/MDOM_CHANNEL_BUFFER_in_context.xdc] for cell 'waveform_acq_gen[17].WFM_ACQ/WVB/WBS/WAVEFORM_DISCR_BUFF'
Finished Parsing XDC File [c:/Users/i3devmachine/mdom/updates/mdommb_rev1_fw/mDOM_mb_rev1.srcs/sources_1/ip/MDOM_CHANNEL_BUFFER/MDOM_CHANNEL_BUFFER/MDOM_CHANNEL_BUFFER_in_context.xdc] for cell 'waveform_acq_gen[17].WFM_ACQ/WVB/WBS/WAVEFORM_DISCR_BUFF'
Parsing XDC File [c:/Users/i3devmachine/mdom/updates/mdommb_rev1_fw/mDOM_mb_rev1.srcs/sources_1/ip/MDOM_CHANNEL_BUFFER/MDOM_CHANNEL_BUFFER/MDOM_CHANNEL_BUFFER_in_context.xdc] for cell 'waveform_acq_gen[18].WFM_ACQ/WVB/WBS/WAVEFORM_DISCR_BUFF'
Finished Parsing XDC File [c:/Users/i3devmachine/mdom/updates/mdommb_rev1_fw/mDOM_mb_rev1.srcs/sources_1/ip/MDOM_CHANNEL_BUFFER/MDOM_CHANNEL_BUFFER/MDOM_CHANNEL_BUFFER_in_context.xdc] for cell 'waveform_acq_gen[18].WFM_ACQ/WVB/WBS/WAVEFORM_DISCR_BUFF'
Parsing XDC File [c:/Users/i3devmachine/mdom/updates/mdommb_rev1_fw/mDOM_mb_rev1.srcs/sources_1/ip/MDOM_CHANNEL_BUFFER/MDOM_CHANNEL_BUFFER/MDOM_CHANNEL_BUFFER_in_context.xdc] for cell 'waveform_acq_gen[19].WFM_ACQ/WVB/WBS/WAVEFORM_DISCR_BUFF'
Finished Parsing XDC File [c:/Users/i3devmachine/mdom/updates/mdommb_rev1_fw/mDOM_mb_rev1.srcs/sources_1/ip/MDOM_CHANNEL_BUFFER/MDOM_CHANNEL_BUFFER/MDOM_CHANNEL_BUFFER_in_context.xdc] for cell 'waveform_acq_gen[19].WFM_ACQ/WVB/WBS/WAVEFORM_DISCR_BUFF'
Parsing XDC File [c:/Users/i3devmachine/mdom/updates/mdommb_rev1_fw/mDOM_mb_rev1.srcs/sources_1/ip/MDOM_CHANNEL_BUFFER/MDOM_CHANNEL_BUFFER/MDOM_CHANNEL_BUFFER_in_context.xdc] for cell 'waveform_acq_gen[20].WFM_ACQ/WVB/WBS/WAVEFORM_DISCR_BUFF'
Finished Parsing XDC File [c:/Users/i3devmachine/mdom/updates/mdommb_rev1_fw/mDOM_mb_rev1.srcs/sources_1/ip/MDOM_CHANNEL_BUFFER/MDOM_CHANNEL_BUFFER/MDOM_CHANNEL_BUFFER_in_context.xdc] for cell 'waveform_acq_gen[20].WFM_ACQ/WVB/WBS/WAVEFORM_DISCR_BUFF'
Parsing XDC File [c:/Users/i3devmachine/mdom/updates/mdommb_rev1_fw/mDOM_mb_rev1.srcs/sources_1/ip/MDOM_CHANNEL_BUFFER/MDOM_CHANNEL_BUFFER/MDOM_CHANNEL_BUFFER_in_context.xdc] for cell 'waveform_acq_gen[21].WFM_ACQ/WVB/WBS/WAVEFORM_DISCR_BUFF'
Finished Parsing XDC File [c:/Users/i3devmachine/mdom/updates/mdommb_rev1_fw/mDOM_mb_rev1.srcs/sources_1/ip/MDOM_CHANNEL_BUFFER/MDOM_CHANNEL_BUFFER/MDOM_CHANNEL_BUFFER_in_context.xdc] for cell 'waveform_acq_gen[21].WFM_ACQ/WVB/WBS/WAVEFORM_DISCR_BUFF'
Parsing XDC File [c:/Users/i3devmachine/mdom/updates/mdommb_rev1_fw/mDOM_mb_rev1.srcs/sources_1/ip/MDOM_CHANNEL_BUFFER/MDOM_CHANNEL_BUFFER/MDOM_CHANNEL_BUFFER_in_context.xdc] for cell 'waveform_acq_gen[22].WFM_ACQ/WVB/WBS/WAVEFORM_DISCR_BUFF'
Finished Parsing XDC File [c:/Users/i3devmachine/mdom/updates/mdommb_rev1_fw/mDOM_mb_rev1.srcs/sources_1/ip/MDOM_CHANNEL_BUFFER/MDOM_CHANNEL_BUFFER/MDOM_CHANNEL_BUFFER_in_context.xdc] for cell 'waveform_acq_gen[22].WFM_ACQ/WVB/WBS/WAVEFORM_DISCR_BUFF'
Parsing XDC File [c:/Users/i3devmachine/mdom/updates/mdommb_rev1_fw/mDOM_mb_rev1.srcs/sources_1/ip/MDOM_CHANNEL_BUFFER/MDOM_CHANNEL_BUFFER/MDOM_CHANNEL_BUFFER_in_context.xdc] for cell 'waveform_acq_gen[23].WFM_ACQ/WVB/WBS/WAVEFORM_DISCR_BUFF'
Finished Parsing XDC File [c:/Users/i3devmachine/mdom/updates/mdommb_rev1_fw/mDOM_mb_rev1.srcs/sources_1/ip/MDOM_CHANNEL_BUFFER/MDOM_CHANNEL_BUFFER/MDOM_CHANNEL_BUFFER_in_context.xdc] for cell 'waveform_acq_gen[23].WFM_ACQ/WVB/WBS/WAVEFORM_DISCR_BUFF'
Parsing XDC File [c:/Users/i3devmachine/mdom/updates/mdommb_rev1_fw/mDOM_mb_rev1.srcs/sources_1/ip/HBUF_RDOUT_DOUBLE_BUFFER/HBUF_RDOUT_DOUBLE_BUFFER/HBUF_RDOUT_DOUBLE_BUFFER_in_context.xdc] for cell 'HBUF_CTRL_0/rdout_double_buffer/DOUBLE_BUFFER_DPRAM'
Finished Parsing XDC File [c:/Users/i3devmachine/mdom/updates/mdommb_rev1_fw/mDOM_mb_rev1.srcs/sources_1/ip/HBUF_RDOUT_DOUBLE_BUFFER/HBUF_RDOUT_DOUBLE_BUFFER/HBUF_RDOUT_DOUBLE_BUFFER_in_context.xdc] for cell 'HBUF_CTRL_0/rdout_double_buffer/DOUBLE_BUFFER_DPRAM'
Parsing XDC File [c:/Users/i3devmachine/mdom/updates/mdommb_rev1_fw/mDOM_mb_rev1.srcs/sources_1/ip/HBUF_DDR3_PG_DOUBLE_BUFFER/HBUF_DDR3_PG_DOUBLE_BUFFER/HBUF_DDR3_PG_DOUBLE_BUFFER_in_context.xdc] for cell 'HBUF_CTRL_0/ddr3_pg_double_buffer/DOUBLE_BUFFER_DPRAM'
Finished Parsing XDC File [c:/Users/i3devmachine/mdom/updates/mdommb_rev1_fw/mDOM_mb_rev1.srcs/sources_1/ip/HBUF_DDR3_PG_DOUBLE_BUFFER/HBUF_DDR3_PG_DOUBLE_BUFFER/HBUF_DDR3_PG_DOUBLE_BUFFER_in_context.xdc] for cell 'HBUF_CTRL_0/ddr3_pg_double_buffer/DOUBLE_BUFFER_DPRAM'
Parsing XDC File [c:/Users/i3devmachine/mdom/updates/mdommb_rev1_fw/mDOM_mb_rev1.srcs/sources_1/ip/FIFO_1024_117/FIFO_1024_117/FIFO_1024_117_in_context.xdc] for cell 'genblk5[0].SCDB/SCDB_HDR_FIFO'
Finished Parsing XDC File [c:/Users/i3devmachine/mdom/updates/mdommb_rev1_fw/mDOM_mb_rev1.srcs/sources_1/ip/FIFO_1024_117/FIFO_1024_117/FIFO_1024_117_in_context.xdc] for cell 'genblk5[0].SCDB/SCDB_HDR_FIFO'
Parsing XDC File [c:/Users/i3devmachine/mdom/updates/mdommb_rev1_fw/mDOM_mb_rev1.srcs/sources_1/ip/FIFO_1024_117/FIFO_1024_117/FIFO_1024_117_in_context.xdc] for cell 'genblk5[1].SCDB/SCDB_HDR_FIFO'
Finished Parsing XDC File [c:/Users/i3devmachine/mdom/updates/mdommb_rev1_fw/mDOM_mb_rev1.srcs/sources_1/ip/FIFO_1024_117/FIFO_1024_117/FIFO_1024_117_in_context.xdc] for cell 'genblk5[1].SCDB/SCDB_HDR_FIFO'
Parsing XDC File [c:/Users/i3devmachine/mdom/updates/mdommb_rev1_fw/mDOM_mb_rev1.srcs/sources_1/ip/FIFO_1024_117/FIFO_1024_117/FIFO_1024_117_in_context.xdc] for cell 'genblk5[2].SCDB/SCDB_HDR_FIFO'
Finished Parsing XDC File [c:/Users/i3devmachine/mdom/updates/mdommb_rev1_fw/mDOM_mb_rev1.srcs/sources_1/ip/FIFO_1024_117/FIFO_1024_117/FIFO_1024_117_in_context.xdc] for cell 'genblk5[2].SCDB/SCDB_HDR_FIFO'
Parsing XDC File [c:/Users/i3devmachine/mdom/updates/mdommb_rev1_fw/mDOM_mb_rev1.srcs/sources_1/ip/OVERFLOW_FIFO_1/OVERFLOW_FIFO/OVERFLOW_FIFO_in_context.xdc] for cell 'OVERFLOW_FIFO_CTRL/overflow_fifo_storage'
Finished Parsing XDC File [c:/Users/i3devmachine/mdom/updates/mdommb_rev1_fw/mDOM_mb_rev1.srcs/sources_1/ip/OVERFLOW_FIFO_1/OVERFLOW_FIFO/OVERFLOW_FIFO_in_context.xdc] for cell 'OVERFLOW_FIFO_CTRL/overflow_fifo_storage'
Parsing XDC File [C:/Users/i3devmachine/mdom/updates/mdommb_rev1_fw/constrs/clocks.xdc]
INFO: [Constraints 18-483] create_clock: no pin(s)/port(s)/net(s) specified as objects, only virtual clock 'fmc_clk' will be created. If you don't want this, please specify pin(s)/ports(s)/net(s) as objects to the command. [C:/Users/i3devmachine/mdom/updates/mdommb_rev1_fw/constrs/clocks.xdc:8]
INFO: [Constraints 18-483] create_clock: no pin(s)/port(s)/net(s) specified as objects, only virtual clock 'icm_clk' will be created. If you don't want this, please specify pin(s)/ports(s)/net(s) as objects to the command. [C:/Users/i3devmachine/mdom/updates/mdommb_rev1_fw/constrs/clocks.xdc:24]
WARNING: [Vivado 12-508] No pins matched 'DDR3_TRANSFER_0/MIG_7_SERIES/u_mig_7series_0_mig/u_ddr3_infrastructure/gen_mmcm.mmcm_i/CLKFBOUT'. [C:/Users/i3devmachine/mdom/updates/mdommb_rev1_fw/constrs/clocks.xdc:39]
WARNING: [Vivado 12-508] No pins matched 'DDR3_TRANSFER_0/MIG_7_SERIES/u_mig_7series_0_mig/u_ddr3_infrastructure/gen_mmcm.mmcm_i/CLKFBOUT'. [C:/Users/i3devmachine/mdom/updates/mdommb_rev1_fw/constrs/clocks.xdc:40]
WARNING: [Vivado 12-508] No pins matched 'DDR3_TRANSFER_0/MIG_7_SERIES/u_mig_7series_0_mig/u_ddr3_infrastructure/gen_mmcm.mmcm_i/CLKFBOUT'. [C:/Users/i3devmachine/mdom/updates/mdommb_rev1_fw/constrs/clocks.xdc:41]
Finished Parsing XDC File [C:/Users/i3devmachine/mdom/updates/mdommb_rev1_fw/constrs/clocks.xdc]
WARNING: [Project 1-498] One or more constraints failed evaluation while reading constraint file [C:/Users/i3devmachine/mdom/updates/mdommb_rev1_fw/constrs/clocks.xdc] and the design contains unresolved black boxes. These constraints will be read post-synthesis (as long as their source constraint file is marked as used_in_implementation) and should be applied correctly then. You should review the constraints listed in the file [.Xil/top_propImpl.xdc] and check the run log file to verify that these constraints were correctly applied.
INFO: [Project 1-236] Implementation specific constraints were found while reading constraint file [C:/Users/i3devmachine/mdom/updates/mdommb_rev1_fw/constrs/clocks.xdc]. These constraints will be ignored for synthesis but will be used in implementation. Impacted constraints are listed in the file [.Xil/top_propImpl.xdc].
Resolution: To avoid this warning, move constraints listed in [.Xil/top_propImpl.xdc] to another XDC file and exclude this new file from synthesis with the used_in_synthesis property (File Properties dialog in GUI) and re-run elaboration/synthesis.
Parsing XDC File [C:/Users/i3devmachine/mdom/updates/mdommb_rev1_fw/constrs/io.xdc]
Finished Parsing XDC File [C:/Users/i3devmachine/mdom/updates/mdommb_rev1_fw/constrs/io.xdc]
INFO: [Project 1-236] Implementation specific constraints were found while reading constraint file [C:/Users/i3devmachine/mdom/updates/mdommb_rev1_fw/constrs/io.xdc]. These constraints will be ignored for synthesis but will be used in implementation. Impacted constraints are listed in the file [.Xil/top_propImpl.xdc].
Resolution: To avoid this warning, move constraints listed in [.Xil/top_propImpl.xdc] to another XDC file and exclude this new file from synthesis with the used_in_synthesis property (File Properties dialog in GUI) and re-run elaboration/synthesis.
Parsing XDC File [C:/Users/i3devmachine/mdom/updates/mdommb_rev1_fw/mDOM_mb_rev1.runs/synth_1/dont_touch.xdc]
Finished Parsing XDC File [C:/Users/i3devmachine/mdom/updates/mdommb_rev1_fw/mDOM_mb_rev1.runs/synth_1/dont_touch.xdc]
Completed Processing XDC Constraints

Netlist sorting complete. Time (s): cpu = 00:00:00 ; elapsed = 00:00:00.013 . Memory (MB): peak = 1308.320 ; gain = 0.000
INFO: [Project 1-111] Unisim Transformation Summary:
  A total of 19 instances were transformed.
  IBUFGDS => IBUFDS: 13 instances
  OBUFDS => OBUFDS_DUAL_BUF (INV, OBUFDS, OBUFDS): 6 instances

Constraint Validation Runtime : Time (s): cpu = 00:00:01 ; elapsed = 00:00:00.422 . Memory (MB): peak = 1308.320 ; gain = 0.000
WARNING: [Timing 38-316] Clock period '20.000' specified during out-of-context synthesis of instance 'HBUF_CTRL_0/ddr3_pg_double_buffer/DOUBLE_BUFFER_DPRAM' at clock pin 'clka' is different from the actual clock period '8.333', this can lead to different synthesis results.
WARNING: [Timing 38-316] Clock period '20.000' specified during out-of-context synthesis of instance 'HBUF_CTRL_0/rdout_double_buffer/DOUBLE_BUFFER_DPRAM' at clock pin 'clka' is different from the actual clock period '8.333', this can lead to different synthesis results.
WARNING: [Timing 38-316] Clock period '10.000' specified during out-of-context synthesis of instance 'I2CM_0/RX_FIFO_0' at clock pin 'clk' is different from the actual clock period '8.333', this can lead to different synthesis results.
WARNING: [Timing 38-316] Clock period '10.000' specified during out-of-context synthesis of instance 'I2CM_0/TX_FIFO_0' at clock pin 'clk' is different from the actual clock period '8.333', this can lead to different synthesis results.
WARNING: [Timing 38-316] Clock period '10.000' specified during out-of-context synthesis of instance 'OVERFLOW_FIFO_CTRL/overflow_fifo_storage' at clock pin 'clk' is different from the actual clock period '8.333', this can lead to different synthesis results.
WARNING: [Timing 38-316] Clock period '10.000' specified during out-of-context synthesis of instance 'PULSER_0/PULSER_OUT' at clock pin 'clk_in' is different from the actual clock period '2.083', this can lead to different synthesis results.
WARNING: [Timing 38-316] Clock period '10.000' specified during out-of-context synthesis of instance 'PULSER_1/PULSER_OUT' at clock pin 'clk_in' is different from the actual clock period '2.083', this can lead to different synthesis results.
WARNING: [Timing 38-316] Clock period '10.000' specified during out-of-context synthesis of instance 'PULSER_2/PULSER_OUT' at clock pin 'clk_in' is different from the actual clock period '2.083', this can lead to different synthesis results.
WARNING: [Timing 38-316] Clock period '10.000' specified during out-of-context synthesis of instance 'PULSER_3/PULSER_OUT' at clock pin 'clk_in' is different from the actual clock period '2.083', this can lead to different synthesis results.
WARNING: [Timing 38-316] Clock period '10.000' specified during out-of-context synthesis of instance 'PULSER_4/PULSER_OUT' at clock pin 'clk_in' is different from the actual clock period '2.083', this can lead to different synthesis results.
WARNING: [Timing 38-316] Clock period '10.000' specified during out-of-context synthesis of instance 'PULSER_5/PULSER_OUT' at clock pin 'clk_in' is different from the actual clock period '2.083', this can lead to different synthesis results.
WARNING: [Timing 38-316] Clock period '20.000' specified during out-of-context synthesis of instance 'XDOM_0/PG_DPRAM' at clock pin 'clka' is different from the actual clock period '8.333', this can lead to different synthesis results.
WARNING: [Timing 38-316] Clock period '20.000' specified during out-of-context synthesis of instance 'XDOM_0/RDOUT_DPRAM' at clock pin 'clka' is different from the actual clock period '8.333', this can lead to different synthesis results.
WARNING: [Timing 38-316] Clock period '10.000' specified during out-of-context synthesis of instance 'XDOM_0/UART_DEBUG_0/FIFO_2048_32_0' at clock pin 'clk' is different from the actual clock period '8.333', this can lead to different synthesis results.
WARNING: [Timing 38-316] Clock period '10.000' specified during out-of-context synthesis of instance 'XDOM_0/UART_ICM_0/FIFO_2048_32_0' at clock pin 'clk' is different from the actual clock period '8.333', this can lead to different synthesis results.
WARNING: [Timing 38-316] Clock period '10.000' specified during out-of-context synthesis of instance 'XDOM_0/UART_MCU_0/FIFO_2048_32_0' at clock pin 'clk' is different from the actual clock period '8.333', this can lead to different synthesis results.
WARNING: [Timing 38-316] Clock period '10.000' specified during out-of-context synthesis of instance 'adc_discr_iface_gen[0].ADC_DISCR_CHAN/ADC_SERDES_0' at clock pin 'clk_in' is different from the actual clock period '2.778', this can lead to different synthesis results.
WARNING: [Timing 38-316] Clock period '10.000' specified during out-of-context synthesis of instance 'adc_discr_iface_gen[0].ADC_DISCR_CHAN/ADC_SERDES_1' at clock pin 'clk_in' is different from the actual clock period '2.778', this can lead to different synthesis results.
WARNING: [Timing 38-316] Clock period '10.000' specified during out-of-context synthesis of instance 'adc_discr_iface_gen[0].ADC_DISCR_CHAN/DISCR_SERDES' at clock pin 'clk_in' is different from the actual clock period '2.083', this can lead to different synthesis results.
WARNING: [Timing 38-316] Clock period '10.000' specified during out-of-context synthesis of instance 'adc_discr_iface_gen[10].ADC_DISCR_CHAN/ADC_SERDES_0' at clock pin 'clk_in' is different from the actual clock period '2.778', this can lead to different synthesis results.
WARNING: [Timing 38-316] Clock period '10.000' specified during out-of-context synthesis of instance 'adc_discr_iface_gen[10].ADC_DISCR_CHAN/ADC_SERDES_1' at clock pin 'clk_in' is different from the actual clock period '2.778', this can lead to different synthesis results.
WARNING: [Timing 38-316] Clock period '10.000' specified during out-of-context synthesis of instance 'adc_discr_iface_gen[10].ADC_DISCR_CHAN/DISCR_SERDES' at clock pin 'clk_in' is different from the actual clock period '2.083', this can lead to different synthesis results.
WARNING: [Timing 38-316] Clock period '10.000' specified during out-of-context synthesis of instance 'adc_discr_iface_gen[11].ADC_DISCR_CHAN/ADC_SERDES_0' at clock pin 'clk_in' is different from the actual clock period '2.778', this can lead to different synthesis results.
WARNING: [Timing 38-316] Clock period '10.000' specified during out-of-context synthesis of instance 'adc_discr_iface_gen[11].ADC_DISCR_CHAN/ADC_SERDES_1' at clock pin 'clk_in' is different from the actual clock period '2.778', this can lead to different synthesis results.
WARNING: [Timing 38-316] Clock period '10.000' specified during out-of-context synthesis of instance 'adc_discr_iface_gen[11].ADC_DISCR_CHAN/DISCR_SERDES' at clock pin 'clk_in' is different from the actual clock period '2.083', this can lead to different synthesis results.
WARNING: [Timing 38-316] Clock period '10.000' specified during out-of-context synthesis of instance 'adc_discr_iface_gen[12].ADC_DISCR_CHAN/ADC_SERDES_0' at clock pin 'clk_in' is different from the actual clock period '2.778', this can lead to different synthesis results.
WARNING: [Timing 38-316] Clock period '10.000' specified during out-of-context synthesis of instance 'adc_discr_iface_gen[12].ADC_DISCR_CHAN/ADC_SERDES_1' at clock pin 'clk_in' is different from the actual clock period '2.778', this can lead to different synthesis results.
WARNING: [Timing 38-316] Clock period '10.000' specified during out-of-context synthesis of instance 'adc_discr_iface_gen[12].ADC_DISCR_CHAN/DISCR_SERDES' at clock pin 'clk_in' is different from the actual clock period '2.083', this can lead to different synthesis results.
WARNING: [Timing 38-316] Clock period '10.000' specified during out-of-context synthesis of instance 'adc_discr_iface_gen[13].ADC_DISCR_CHAN/ADC_SERDES_0' at clock pin 'clk_in' is different from the actual clock period '2.778', this can lead to different synthesis results.
WARNING: [Timing 38-316] Clock period '10.000' specified during out-of-context synthesis of instance 'adc_discr_iface_gen[13].ADC_DISCR_CHAN/ADC_SERDES_1' at clock pin 'clk_in' is different from the actual clock period '2.778', this can lead to different synthesis results.
WARNING: [Timing 38-316] Clock period '10.000' specified during out-of-context synthesis of instance 'adc_discr_iface_gen[13].ADC_DISCR_CHAN/DISCR_SERDES' at clock pin 'clk_in' is different from the actual clock period '2.083', this can lead to different synthesis results.
WARNING: [Timing 38-316] Clock period '10.000' specified during out-of-context synthesis of instance 'adc_discr_iface_gen[14].ADC_DISCR_CHAN/ADC_SERDES_0' at clock pin 'clk_in' is different from the actual clock period '2.778', this can lead to different synthesis results.
WARNING: [Timing 38-316] Clock period '10.000' specified during out-of-context synthesis of instance 'adc_discr_iface_gen[14].ADC_DISCR_CHAN/ADC_SERDES_1' at clock pin 'clk_in' is different from the actual clock period '2.778', this can lead to different synthesis results.
WARNING: [Timing 38-316] Clock period '10.000' specified during out-of-context synthesis of instance 'adc_discr_iface_gen[14].ADC_DISCR_CHAN/DISCR_SERDES' at clock pin 'clk_in' is different from the actual clock period '2.083', this can lead to different synthesis results.
WARNING: [Timing 38-316] Clock period '10.000' specified during out-of-context synthesis of instance 'adc_discr_iface_gen[15].ADC_DISCR_CHAN/ADC_SERDES_0' at clock pin 'clk_in' is different from the actual clock period '2.778', this can lead to different synthesis results.
WARNING: [Timing 38-316] Clock period '10.000' specified during out-of-context synthesis of instance 'adc_discr_iface_gen[15].ADC_DISCR_CHAN/ADC_SERDES_1' at clock pin 'clk_in' is different from the actual clock period '2.778', this can lead to different synthesis results.
WARNING: [Timing 38-316] Clock period '10.000' specified during out-of-context synthesis of instance 'adc_discr_iface_gen[15].ADC_DISCR_CHAN/DISCR_SERDES' at clock pin 'clk_in' is different from the actual clock period '2.083', this can lead to different synthesis results.
WARNING: [Timing 38-316] Clock period '10.000' specified during out-of-context synthesis of instance 'adc_discr_iface_gen[16].ADC_DISCR_CHAN/ADC_SERDES_0' at clock pin 'clk_in' is different from the actual clock period '2.778', this can lead to different synthesis results.
WARNING: [Timing 38-316] Clock period '10.000' specified during out-of-context synthesis of instance 'adc_discr_iface_gen[16].ADC_DISCR_CHAN/ADC_SERDES_1' at clock pin 'clk_in' is different from the actual clock period '2.778', this can lead to different synthesis results.
WARNING: [Timing 38-316] Clock period '10.000' specified during out-of-context synthesis of instance 'adc_discr_iface_gen[16].ADC_DISCR_CHAN/DISCR_SERDES' at clock pin 'clk_in' is different from the actual clock period '2.083', this can lead to different synthesis results.
WARNING: [Timing 38-316] Clock period '10.000' specified during out-of-context synthesis of instance 'adc_discr_iface_gen[17].ADC_DISCR_CHAN/ADC_SERDES_0' at clock pin 'clk_in' is different from the actual clock period '2.778', this can lead to different synthesis results.
WARNING: [Timing 38-316] Clock period '10.000' specified during out-of-context synthesis of instance 'adc_discr_iface_gen[17].ADC_DISCR_CHAN/ADC_SERDES_1' at clock pin 'clk_in' is different from the actual clock period '2.778', this can lead to different synthesis results.
WARNING: [Timing 38-316] Clock period '10.000' specified during out-of-context synthesis of instance 'adc_discr_iface_gen[17].ADC_DISCR_CHAN/DISCR_SERDES' at clock pin 'clk_in' is different from the actual clock period '2.083', this can lead to different synthesis results.
WARNING: [Timing 38-316] Clock period '10.000' specified during out-of-context synthesis of instance 'adc_discr_iface_gen[18].ADC_DISCR_CHAN/ADC_SERDES_0' at clock pin 'clk_in' is different from the actual clock period '2.778', this can lead to different synthesis results.
WARNING: [Timing 38-316] Clock period '10.000' specified during out-of-context synthesis of instance 'adc_discr_iface_gen[18].ADC_DISCR_CHAN/ADC_SERDES_1' at clock pin 'clk_in' is different from the actual clock period '2.778', this can lead to different synthesis results.
WARNING: [Timing 38-316] Clock period '10.000' specified during out-of-context synthesis of instance 'adc_discr_iface_gen[18].ADC_DISCR_CHAN/DISCR_SERDES' at clock pin 'clk_in' is different from the actual clock period '2.083', this can lead to different synthesis results.
WARNING: [Timing 38-316] Clock period '10.000' specified during out-of-context synthesis of instance 'adc_discr_iface_gen[19].ADC_DISCR_CHAN/ADC_SERDES_0' at clock pin 'clk_in' is different from the actual clock period '2.778', this can lead to different synthesis results.
WARNING: [Timing 38-316] Clock period '10.000' specified during out-of-context synthesis of instance 'adc_discr_iface_gen[19].ADC_DISCR_CHAN/ADC_SERDES_1' at clock pin 'clk_in' is different from the actual clock period '2.778', this can lead to different synthesis results.
WARNING: [Timing 38-316] Clock period '10.000' specified during out-of-context synthesis of instance 'adc_discr_iface_gen[19].ADC_DISCR_CHAN/DISCR_SERDES' at clock pin 'clk_in' is different from the actual clock period '2.083', this can lead to different synthesis results.
WARNING: [Timing 38-316] Clock period '10.000' specified during out-of-context synthesis of instance 'adc_discr_iface_gen[1].ADC_DISCR_CHAN/ADC_SERDES_0' at clock pin 'clk_in' is different from the actual clock period '2.778', this can lead to different synthesis results.
WARNING: [Timing 38-316] Clock period '10.000' specified during out-of-context synthesis of instance 'adc_discr_iface_gen[1].ADC_DISCR_CHAN/ADC_SERDES_1' at clock pin 'clk_in' is different from the actual clock period '2.778', this can lead to different synthesis results.
WARNING: [Timing 38-316] Clock period '10.000' specified during out-of-context synthesis of instance 'adc_discr_iface_gen[1].ADC_DISCR_CHAN/DISCR_SERDES' at clock pin 'clk_in' is different from the actual clock period '2.083', this can lead to different synthesis results.
WARNING: [Timing 38-316] Clock period '10.000' specified during out-of-context synthesis of instance 'adc_discr_iface_gen[20].ADC_DISCR_CHAN/ADC_SERDES_0' at clock pin 'clk_in' is different from the actual clock period '2.778', this can lead to different synthesis results.
WARNING: [Timing 38-316] Clock period '10.000' specified during out-of-context synthesis of instance 'adc_discr_iface_gen[20].ADC_DISCR_CHAN/ADC_SERDES_1' at clock pin 'clk_in' is different from the actual clock period '2.778', this can lead to different synthesis results.
WARNING: [Timing 38-316] Clock period '10.000' specified during out-of-context synthesis of instance 'adc_discr_iface_gen[20].ADC_DISCR_CHAN/DISCR_SERDES' at clock pin 'clk_in' is different from the actual clock period '2.083', this can lead to different synthesis results.
WARNING: [Timing 38-316] Clock period '10.000' specified during out-of-context synthesis of instance 'adc_discr_iface_gen[21].ADC_DISCR_CHAN/ADC_SERDES_0' at clock pin 'clk_in' is different from the actual clock period '2.778', this can lead to different synthesis results.
WARNING: [Timing 38-316] Clock period '10.000' specified during out-of-context synthesis of instance 'adc_discr_iface_gen[21].ADC_DISCR_CHAN/ADC_SERDES_1' at clock pin 'clk_in' is different from the actual clock period '2.778', this can lead to different synthesis results.
WARNING: [Timing 38-316] Clock period '10.000' specified during out-of-context synthesis of instance 'adc_discr_iface_gen[21].ADC_DISCR_CHAN/DISCR_SERDES' at clock pin 'clk_in' is different from the actual clock period '2.083', this can lead to different synthesis results.
WARNING: [Timing 38-316] Clock period '10.000' specified during out-of-context synthesis of instance 'adc_discr_iface_gen[22].ADC_DISCR_CHAN/ADC_SERDES_0' at clock pin 'clk_in' is different from the actual clock period '2.778', this can lead to different synthesis results.
WARNING: [Timing 38-316] Clock period '10.000' specified during out-of-context synthesis of instance 'adc_discr_iface_gen[22].ADC_DISCR_CHAN/ADC_SERDES_1' at clock pin 'clk_in' is different from the actual clock period '2.778', this can lead to different synthesis results.
WARNING: [Timing 38-316] Clock period '10.000' specified during out-of-context synthesis of instance 'adc_discr_iface_gen[22].ADC_DISCR_CHAN/DISCR_SERDES' at clock pin 'clk_in' is different from the actual clock period '2.083', this can lead to different synthesis results.
WARNING: [Timing 38-316] Clock period '10.000' specified during out-of-context synthesis of instance 'adc_discr_iface_gen[23].ADC_DISCR_CHAN/ADC_SERDES_0' at clock pin 'clk_in' is different from the actual clock period '2.778', this can lead to different synthesis results.
WARNING: [Timing 38-316] Clock period '10.000' specified during out-of-context synthesis of instance 'adc_discr_iface_gen[23].ADC_DISCR_CHAN/ADC_SERDES_1' at clock pin 'clk_in' is different from the actual clock period '2.778', this can lead to different synthesis results.
WARNING: [Timing 38-316] Clock period '10.000' specified during out-of-context synthesis of instance 'adc_discr_iface_gen[23].ADC_DISCR_CHAN/DISCR_SERDES' at clock pin 'clk_in' is different from the actual clock period '2.083', this can lead to different synthesis results.
WARNING: [Timing 38-316] Clock period '10.000' specified during out-of-context synthesis of instance 'adc_discr_iface_gen[2].ADC_DISCR_CHAN/ADC_SERDES_0' at clock pin 'clk_in' is different from the actual clock period '2.778', this can lead to different synthesis results.
WARNING: [Timing 38-316] Clock period '10.000' specified during out-of-context synthesis of instance 'adc_discr_iface_gen[2].ADC_DISCR_CHAN/ADC_SERDES_1' at clock pin 'clk_in' is different from the actual clock period '2.778', this can lead to different synthesis results.
WARNING: [Timing 38-316] Clock period '10.000' specified during out-of-context synthesis of instance 'adc_discr_iface_gen[2].ADC_DISCR_CHAN/DISCR_SERDES' at clock pin 'clk_in' is different from the actual clock period '2.083', this can lead to different synthesis results.
WARNING: [Timing 38-316] Clock period '10.000' specified during out-of-context synthesis of instance 'adc_discr_iface_gen[3].ADC_DISCR_CHAN/ADC_SERDES_0' at clock pin 'clk_in' is different from the actual clock period '2.778', this can lead to different synthesis results.
WARNING: [Timing 38-316] Clock period '10.000' specified during out-of-context synthesis of instance 'adc_discr_iface_gen[3].ADC_DISCR_CHAN/ADC_SERDES_1' at clock pin 'clk_in' is different from the actual clock period '2.778', this can lead to different synthesis results.
WARNING: [Timing 38-316] Clock period '10.000' specified during out-of-context synthesis of instance 'adc_discr_iface_gen[3].ADC_DISCR_CHAN/DISCR_SERDES' at clock pin 'clk_in' is different from the actual clock period '2.083', this can lead to different synthesis results.
WARNING: [Timing 38-316] Clock period '10.000' specified during out-of-context synthesis of instance 'adc_discr_iface_gen[4].ADC_DISCR_CHAN/ADC_SERDES_0' at clock pin 'clk_in' is different from the actual clock period '2.778', this can lead to different synthesis results.
WARNING: [Timing 38-316] Clock period '10.000' specified during out-of-context synthesis of instance 'adc_discr_iface_gen[4].ADC_DISCR_CHAN/ADC_SERDES_1' at clock pin 'clk_in' is different from the actual clock period '2.778', this can lead to different synthesis results.
WARNING: [Timing 38-316] Clock period '10.000' specified during out-of-context synthesis of instance 'adc_discr_iface_gen[4].ADC_DISCR_CHAN/DISCR_SERDES' at clock pin 'clk_in' is different from the actual clock period '2.083', this can lead to different synthesis results.
WARNING: [Timing 38-316] Clock period '10.000' specified during out-of-context synthesis of instance 'adc_discr_iface_gen[5].ADC_DISCR_CHAN/ADC_SERDES_0' at clock pin 'clk_in' is different from the actual clock period '2.778', this can lead to different synthesis results.
WARNING: [Timing 38-316] Clock period '10.000' specified during out-of-context synthesis of instance 'adc_discr_iface_gen[5].ADC_DISCR_CHAN/ADC_SERDES_1' at clock pin 'clk_in' is different from the actual clock period '2.778', this can lead to different synthesis results.
WARNING: [Timing 38-316] Clock period '10.000' specified during out-of-context synthesis of instance 'adc_discr_iface_gen[5].ADC_DISCR_CHAN/DISCR_SERDES' at clock pin 'clk_in' is different from the actual clock period '2.083', this can lead to different synthesis results.
WARNING: [Timing 38-316] Clock period '10.000' specified during out-of-context synthesis of instance 'adc_discr_iface_gen[6].ADC_DISCR_CHAN/ADC_SERDES_0' at clock pin 'clk_in' is different from the actual clock period '2.778', this can lead to different synthesis results.
WARNING: [Timing 38-316] Clock period '10.000' specified during out-of-context synthesis of instance 'adc_discr_iface_gen[6].ADC_DISCR_CHAN/ADC_SERDES_1' at clock pin 'clk_in' is different from the actual clock period '2.778', this can lead to different synthesis results.
WARNING: [Timing 38-316] Clock period '10.000' specified during out-of-context synthesis of instance 'adc_discr_iface_gen[6].ADC_DISCR_CHAN/DISCR_SERDES' at clock pin 'clk_in' is different from the actual clock period '2.083', this can lead to different synthesis results.
WARNING: [Timing 38-316] Clock period '10.000' specified during out-of-context synthesis of instance 'adc_discr_iface_gen[7].ADC_DISCR_CHAN/ADC_SERDES_0' at clock pin 'clk_in' is different from the actual clock period '2.778', this can lead to different synthesis results.
WARNING: [Timing 38-316] Clock period '10.000' specified during out-of-context synthesis of instance 'adc_discr_iface_gen[7].ADC_DISCR_CHAN/ADC_SERDES_1' at clock pin 'clk_in' is different from the actual clock period '2.778', this can lead to different synthesis results.
WARNING: [Timing 38-316] Clock period '10.000' specified during out-of-context synthesis of instance 'adc_discr_iface_gen[7].ADC_DISCR_CHAN/DISCR_SERDES' at clock pin 'clk_in' is different from the actual clock period '2.083', this can lead to different synthesis results.
WARNING: [Timing 38-316] Clock period '10.000' specified during out-of-context synthesis of instance 'adc_discr_iface_gen[8].ADC_DISCR_CHAN/ADC_SERDES_0' at clock pin 'clk_in' is different from the actual clock period '2.778', this can lead to different synthesis results.
WARNING: [Timing 38-316] Clock period '10.000' specified during out-of-context synthesis of instance 'adc_discr_iface_gen[8].ADC_DISCR_CHAN/ADC_SERDES_1' at clock pin 'clk_in' is different from the actual clock period '2.778', this can lead to different synthesis results.
WARNING: [Timing 38-316] Clock period '10.000' specified during out-of-context synthesis of instance 'adc_discr_iface_gen[8].ADC_DISCR_CHAN/DISCR_SERDES' at clock pin 'clk_in' is different from the actual clock period '2.083', this can lead to different synthesis results.
WARNING: [Timing 38-316] Clock period '10.000' specified during out-of-context synthesis of instance 'adc_discr_iface_gen[9].ADC_DISCR_CHAN/ADC_SERDES_0' at clock pin 'clk_in' is different from the actual clock period '2.778', this can lead to different synthesis results.
WARNING: [Timing 38-316] Clock period '10.000' specified during out-of-context synthesis of instance 'adc_discr_iface_gen[9].ADC_DISCR_CHAN/ADC_SERDES_1' at clock pin 'clk_in' is different from the actual clock period '2.778', this can lead to different synthesis results.
WARNING: [Timing 38-316] Clock period '10.000' specified during out-of-context synthesis of instance 'adc_discr_iface_gen[9].ADC_DISCR_CHAN/DISCR_SERDES' at clock pin 'clk_in' is different from the actual clock period '2.083', this can lead to different synthesis results.
WARNING: [Timing 38-316] Clock period '20.000' specified during out-of-context synthesis of instance 'genblk5[0].SCDB/SCDB' at clock pin 'clka' is different from the actual clock period '8.333', this can lead to different synthesis results.
WARNING: [Timing 38-316] Clock period '10.000' specified during out-of-context synthesis of instance 'genblk5[0].SCDB/SCDB_HDR_FIFO' at clock pin 'clk' is different from the actual clock period '8.333', this can lead to different synthesis results.
WARNING: [Timing 38-316] Clock period '20.000' specified during out-of-context synthesis of instance 'genblk5[1].SCDB/SCDB' at clock pin 'clka' is different from the actual clock period '8.333', this can lead to different synthesis results.
WARNING: [Timing 38-316] Clock period '10.000' specified during out-of-context synthesis of instance 'genblk5[1].SCDB/SCDB_HDR_FIFO' at clock pin 'clk' is different from the actual clock period '8.333', this can lead to different synthesis results.
WARNING: [Timing 38-316] Clock period '20.000' specified during out-of-context synthesis of instance 'genblk5[2].SCDB/SCDB' at clock pin 'clka' is different from the actual clock period '8.333', this can lead to different synthesis results.
WARNING: [Timing 38-316] Clock period '10.000' specified during out-of-context synthesis of instance 'genblk5[2].SCDB/SCDB_HDR_FIFO' at clock pin 'clk' is different from the actual clock period '8.333', this can lead to different synthesis results.
WARNING: [Timing 38-316] Clock period '20.000' specified during out-of-context synthesis of instance 'waveform_acq_gen[0].WFM_ACQ/ROLLING_BSUM/sample_buffer' at clock pin 'clk' is different from the actual clock period '8.333', this can lead to different synthesis results.
WARNING: [Timing 38-316] Clock period '20.000' specified during out-of-context synthesis of instance 'waveform_acq_gen[0].WFM_ACQ/WVB/PTB/DIST_PTB' at clock pin 'clk' is different from the actual clock period '8.333', this can lead to different synthesis results.
WARNING: [Timing 38-316] Clock period '20.000' specified during out-of-context synthesis of instance 'waveform_acq_gen[0].WFM_ACQ/WVB/WBS/WAVEFORM_DISCR_BUFF' at clock pin 'clka' is different from the actual clock period '8.333', this can lead to different synthesis results.
WARNING: [Timing 38-316] Clock period '10.000' specified during out-of-context synthesis of instance 'waveform_acq_gen[0].WFM_ACQ/WVB/WBS/DIST_HDR_FIFO/HDR_FIFO' at clock pin 'clk' is different from the actual clock period '8.333', this can lead to different synthesis results.
WARNING: [Timing 38-316] Clock period '20.000' specified during out-of-context synthesis of instance 'waveform_acq_gen[10].WFM_ACQ/ROLLING_BSUM/sample_buffer' at clock pin 'clk' is different from the actual clock period '8.333', this can lead to different synthesis results.
WARNING: [Timing 38-316] Clock period '20.000' specified during out-of-context synthesis of instance 'waveform_acq_gen[10].WFM_ACQ/WVB/PTB/DIST_PTB' at clock pin 'clk' is different from the actual clock period '8.333', this can lead to different synthesis results.
INFO: [Common 17-14] Message 'Timing 38-316' appears 100 times and further instances of the messages will be disabled. Use the Tcl command set_msg_config to change the current settings.
---------------------------------------------------------------------------------
Finished Constraint Validation : Time (s): cpu = 00:00:18 ; elapsed = 00:00:21 . Memory (MB): peak = 1326.219 ; gain = 759.965
---------------------------------------------------------------------------------
---------------------------------------------------------------------------------
Start Loading Part and Timing Information
---------------------------------------------------------------------------------
Loading part: xc7s100fgga676-2
---------------------------------------------------------------------------------
Finished Loading Part and Timing Information : Time (s): cpu = 00:00:18 ; elapsed = 00:00:21 . Memory (MB): peak = 1326.219 ; gain = 759.965
---------------------------------------------------------------------------------
---------------------------------------------------------------------------------
Start Applying 'set_property' XDC Constraints
---------------------------------------------------------------------------------
Applied set_property IO_BUFFER_TYPE = NONE for ADC0_DA0M. (constraint file  c:/Users/i3devmachine/mdom/updates/mdommb_rev1_fw/mDOM_mb_rev1.srcs/sources_1/ip/ADC_SERDES/ADC_SERDES/ADC_SERDES_in_context.xdc, line 1).
Applied set_property CLOCK_BUFFER_TYPE = NONE for ADC0_DA0M. (constraint file  c:/Users/i3devmachine/mdom/updates/mdommb_rev1_fw/mDOM_mb_rev1.srcs/sources_1/ip/ADC_SERDES/ADC_SERDES/ADC_SERDES_in_context.xdc, line 2).
Applied set_property IO_BUFFER_TYPE = NONE for ADC0_DA0P. (constraint file  c:/Users/i3devmachine/mdom/updates/mdommb_rev1_fw/mDOM_mb_rev1.srcs/sources_1/ip/ADC_SERDES/ADC_SERDES/ADC_SERDES_in_context.xdc, line 3).
Applied set_property CLOCK_BUFFER_TYPE = NONE for ADC0_DA0P. (constraint file  c:/Users/i3devmachine/mdom/updates/mdommb_rev1_fw/mDOM_mb_rev1.srcs/sources_1/ip/ADC_SERDES/ADC_SERDES/ADC_SERDES_in_context.xdc, line 4).
Applied set_property IO_BUFFER_TYPE = NONE for ADC0_DA1M. (constraint file  c:/Users/i3devmachine/mdom/updates/mdommb_rev1_fw/mDOM_mb_rev1.srcs/sources_1/ip/ADC_SERDES/ADC_SERDES/ADC_SERDES_in_context.xdc, line 1).
Applied set_property CLOCK_BUFFER_TYPE = NONE for ADC0_DA1M. (constraint file  c:/Users/i3devmachine/mdom/updates/mdommb_rev1_fw/mDOM_mb_rev1.srcs/sources_1/ip/ADC_SERDES/ADC_SERDES/ADC_SERDES_in_context.xdc, line 2).
Applied set_property IO_BUFFER_TYPE = NONE for ADC0_DA1P. (constraint file  c:/Users/i3devmachine/mdom/updates/mdommb_rev1_fw/mDOM_mb_rev1.srcs/sources_1/ip/ADC_SERDES/ADC_SERDES/ADC_SERDES_in_context.xdc, line 3).
Applied set_property CLOCK_BUFFER_TYPE = NONE for ADC0_DA1P. (constraint file  c:/Users/i3devmachine/mdom/updates/mdommb_rev1_fw/mDOM_mb_rev1.srcs/sources_1/ip/ADC_SERDES/ADC_SERDES/ADC_SERDES_in_context.xdc, line 4).
Applied set_property IO_BUFFER_TYPE = NONE for ADC0_DB0M. (constraint file  c:/Users/i3devmachine/mdom/updates/mdommb_rev1_fw/mDOM_mb_rev1.srcs/sources_1/ip/ADC_SERDES/ADC_SERDES/ADC_SERDES_in_context.xdc, line 1).
Applied set_property CLOCK_BUFFER_TYPE = NONE for ADC0_DB0M. (constraint file  c:/Users/i3devmachine/mdom/updates/mdommb_rev1_fw/mDOM_mb_rev1.srcs/sources_1/ip/ADC_SERDES/ADC_SERDES/ADC_SERDES_in_context.xdc, line 2).
Applied set_property IO_BUFFER_TYPE = NONE for ADC0_DB0P. (constraint file  c:/Users/i3devmachine/mdom/updates/mdommb_rev1_fw/mDOM_mb_rev1.srcs/sources_1/ip/ADC_SERDES/ADC_SERDES/ADC_SERDES_in_context.xdc, line 3).
Applied set_property CLOCK_BUFFER_TYPE = NONE for ADC0_DB0P. (constraint file  c:/Users/i3devmachine/mdom/updates/mdommb_rev1_fw/mDOM_mb_rev1.srcs/sources_1/ip/ADC_SERDES/ADC_SERDES/ADC_SERDES_in_context.xdc, line 4).
Applied set_property IO_BUFFER_TYPE = NONE for ADC0_DB1M. (constraint file  c:/Users/i3devmachine/mdom/updates/mdommb_rev1_fw/mDOM_mb_rev1.srcs/sources_1/ip/ADC_SERDES/ADC_SERDES/ADC_SERDES_in_context.xdc, line 1).
Applied set_property CLOCK_BUFFER_TYPE = NONE for ADC0_DB1M. (constraint file  c:/Users/i3devmachine/mdom/updates/mdommb_rev1_fw/mDOM_mb_rev1.srcs/sources_1/ip/ADC_SERDES/ADC_SERDES/ADC_SERDES_in_context.xdc, line 2).
Applied set_property IO_BUFFER_TYPE = NONE for ADC0_DB1P. (constraint file  c:/Users/i3devmachine/mdom/updates/mdommb_rev1_fw/mDOM_mb_rev1.srcs/sources_1/ip/ADC_SERDES/ADC_SERDES/ADC_SERDES_in_context.xdc, line 3).
Applied set_property CLOCK_BUFFER_TYPE = NONE for ADC0_DB1P. (constraint file  c:/Users/i3devmachine/mdom/updates/mdommb_rev1_fw/mDOM_mb_rev1.srcs/sources_1/ip/ADC_SERDES/ADC_SERDES/ADC_SERDES_in_context.xdc, line 4).
Applied set_property IO_BUFFER_TYPE = NONE for ADC0_DC0M. (constraint file  c:/Users/i3devmachine/mdom/updates/mdommb_rev1_fw/mDOM_mb_rev1.srcs/sources_1/ip/ADC_SERDES/ADC_SERDES/ADC_SERDES_in_context.xdc, line 1).
Applied set_property CLOCK_BUFFER_TYPE = NONE for ADC0_DC0M. (constraint file  c:/Users/i3devmachine/mdom/updates/mdommb_rev1_fw/mDOM_mb_rev1.srcs/sources_1/ip/ADC_SERDES/ADC_SERDES/ADC_SERDES_in_context.xdc, line 2).
Applied set_property IO_BUFFER_TYPE = NONE for ADC0_DC0P. (constraint file  c:/Users/i3devmachine/mdom/updates/mdommb_rev1_fw/mDOM_mb_rev1.srcs/sources_1/ip/ADC_SERDES/ADC_SERDES/ADC_SERDES_in_context.xdc, line 3).
Applied set_property CLOCK_BUFFER_TYPE = NONE for ADC0_DC0P. (constraint file  c:/Users/i3devmachine/mdom/updates/mdommb_rev1_fw/mDOM_mb_rev1.srcs/sources_1/ip/ADC_SERDES/ADC_SERDES/ADC_SERDES_in_context.xdc, line 4).
Applied set_property IO_BUFFER_TYPE = NONE for ADC0_DC1M. (constraint file  c:/Users/i3devmachine/mdom/updates/mdommb_rev1_fw/mDOM_mb_rev1.srcs/sources_1/ip/ADC_SERDES/ADC_SERDES/ADC_SERDES_in_context.xdc, line 1).
Applied set_property CLOCK_BUFFER_TYPE = NONE for ADC0_DC1M. (constraint file  c:/Users/i3devmachine/mdom/updates/mdommb_rev1_fw/mDOM_mb_rev1.srcs/sources_1/ip/ADC_SERDES/ADC_SERDES/ADC_SERDES_in_context.xdc, line 2).
Applied set_property IO_BUFFER_TYPE = NONE for ADC0_DC1P. (constraint file  c:/Users/i3devmachine/mdom/updates/mdommb_rev1_fw/mDOM_mb_rev1.srcs/sources_1/ip/ADC_SERDES/ADC_SERDES/ADC_SERDES_in_context.xdc, line 3).
Applied set_property CLOCK_BUFFER_TYPE = NONE for ADC0_DC1P. (constraint file  c:/Users/i3devmachine/mdom/updates/mdommb_rev1_fw/mDOM_mb_rev1.srcs/sources_1/ip/ADC_SERDES/ADC_SERDES/ADC_SERDES_in_context.xdc, line 4).
Applied set_property IO_BUFFER_TYPE = NONE for ADC0_DD0M. (constraint file  c:/Users/i3devmachine/mdom/updates/mdommb_rev1_fw/mDOM_mb_rev1.srcs/sources_1/ip/ADC_SERDES/ADC_SERDES/ADC_SERDES_in_context.xdc, line 1).
Applied set_property CLOCK_BUFFER_TYPE = NONE for ADC0_DD0M. (constraint file  c:/Users/i3devmachine/mdom/updates/mdommb_rev1_fw/mDOM_mb_rev1.srcs/sources_1/ip/ADC_SERDES/ADC_SERDES/ADC_SERDES_in_context.xdc, line 2).
Applied set_property IO_BUFFER_TYPE = NONE for ADC0_DD0P. (constraint file  c:/Users/i3devmachine/mdom/updates/mdommb_rev1_fw/mDOM_mb_rev1.srcs/sources_1/ip/ADC_SERDES/ADC_SERDES/ADC_SERDES_in_context.xdc, line 3).
Applied set_property CLOCK_BUFFER_TYPE = NONE for ADC0_DD0P. (constraint file  c:/Users/i3devmachine/mdom/updates/mdommb_rev1_fw/mDOM_mb_rev1.srcs/sources_1/ip/ADC_SERDES/ADC_SERDES/ADC_SERDES_in_context.xdc, line 4).
Applied set_property IO_BUFFER_TYPE = NONE for ADC0_DD1M. (constraint file  c:/Users/i3devmachine/mdom/updates/mdommb_rev1_fw/mDOM_mb_rev1.srcs/sources_1/ip/ADC_SERDES/ADC_SERDES/ADC_SERDES_in_context.xdc, line 1).
Applied set_property CLOCK_BUFFER_TYPE = NONE for ADC0_DD1M. (constraint file  c:/Users/i3devmachine/mdom/updates/mdommb_rev1_fw/mDOM_mb_rev1.srcs/sources_1/ip/ADC_SERDES/ADC_SERDES/ADC_SERDES_in_context.xdc, line 2).
Applied set_property IO_BUFFER_TYPE = NONE for ADC0_DD1P. (constraint file  c:/Users/i3devmachine/mdom/updates/mdommb_rev1_fw/mDOM_mb_rev1.srcs/sources_1/ip/ADC_SERDES/ADC_SERDES/ADC_SERDES_in_context.xdc, line 3).
Applied set_property CLOCK_BUFFER_TYPE = NONE for ADC0_DD1P. (constraint file  c:/Users/i3devmachine/mdom/updates/mdommb_rev1_fw/mDOM_mb_rev1.srcs/sources_1/ip/ADC_SERDES/ADC_SERDES/ADC_SERDES_in_context.xdc, line 4).
Applied set_property IO_BUFFER_TYPE = NONE for ADC1_DA0M. (constraint file  c:/Users/i3devmachine/mdom/updates/mdommb_rev1_fw/mDOM_mb_rev1.srcs/sources_1/ip/ADC_SERDES/ADC_SERDES/ADC_SERDES_in_context.xdc, line 1).
Applied set_property CLOCK_BUFFER_TYPE = NONE for ADC1_DA0M. (constraint file  c:/Users/i3devmachine/mdom/updates/mdommb_rev1_fw/mDOM_mb_rev1.srcs/sources_1/ip/ADC_SERDES/ADC_SERDES/ADC_SERDES_in_context.xdc, line 2).
Applied set_property IO_BUFFER_TYPE = NONE for ADC1_DA0P. (constraint file  c:/Users/i3devmachine/mdom/updates/mdommb_rev1_fw/mDOM_mb_rev1.srcs/sources_1/ip/ADC_SERDES/ADC_SERDES/ADC_SERDES_in_context.xdc, line 3).
Applied set_property CLOCK_BUFFER_TYPE = NONE for ADC1_DA0P. (constraint file  c:/Users/i3devmachine/mdom/updates/mdommb_rev1_fw/mDOM_mb_rev1.srcs/sources_1/ip/ADC_SERDES/ADC_SERDES/ADC_SERDES_in_context.xdc, line 4).
Applied set_property IO_BUFFER_TYPE = NONE for ADC1_DA1M. (constraint file  c:/Users/i3devmachine/mdom/updates/mdommb_rev1_fw/mDOM_mb_rev1.srcs/sources_1/ip/ADC_SERDES/ADC_SERDES/ADC_SERDES_in_context.xdc, line 1).
Applied set_property CLOCK_BUFFER_TYPE = NONE for ADC1_DA1M. (constraint file  c:/Users/i3devmachine/mdom/updates/mdommb_rev1_fw/mDOM_mb_rev1.srcs/sources_1/ip/ADC_SERDES/ADC_SERDES/ADC_SERDES_in_context.xdc, line 2).
Applied set_property IO_BUFFER_TYPE = NONE for ADC1_DA1P. (constraint file  c:/Users/i3devmachine/mdom/updates/mdommb_rev1_fw/mDOM_mb_rev1.srcs/sources_1/ip/ADC_SERDES/ADC_SERDES/ADC_SERDES_in_context.xdc, line 3).
Applied set_property CLOCK_BUFFER_TYPE = NONE for ADC1_DA1P. (constraint file  c:/Users/i3devmachine/mdom/updates/mdommb_rev1_fw/mDOM_mb_rev1.srcs/sources_1/ip/ADC_SERDES/ADC_SERDES/ADC_SERDES_in_context.xdc, line 4).
Applied set_property IO_BUFFER_TYPE = NONE for ADC1_DB0M. (constraint file  c:/Users/i3devmachine/mdom/updates/mdommb_rev1_fw/mDOM_mb_rev1.srcs/sources_1/ip/ADC_SERDES/ADC_SERDES/ADC_SERDES_in_context.xdc, line 1).
Applied set_property CLOCK_BUFFER_TYPE = NONE for ADC1_DB0M. (constraint file  c:/Users/i3devmachine/mdom/updates/mdommb_rev1_fw/mDOM_mb_rev1.srcs/sources_1/ip/ADC_SERDES/ADC_SERDES/ADC_SERDES_in_context.xdc, line 2).
Applied set_property IO_BUFFER_TYPE = NONE for ADC1_DB0P. (constraint file  c:/Users/i3devmachine/mdom/updates/mdommb_rev1_fw/mDOM_mb_rev1.srcs/sources_1/ip/ADC_SERDES/ADC_SERDES/ADC_SERDES_in_context.xdc, line 3).
Applied set_property CLOCK_BUFFER_TYPE = NONE for ADC1_DB0P. (constraint file  c:/Users/i3devmachine/mdom/updates/mdommb_rev1_fw/mDOM_mb_rev1.srcs/sources_1/ip/ADC_SERDES/ADC_SERDES/ADC_SERDES_in_context.xdc, line 4).
Applied set_property IO_BUFFER_TYPE = NONE for ADC1_DB1M. (constraint file  c:/Users/i3devmachine/mdom/updates/mdommb_rev1_fw/mDOM_mb_rev1.srcs/sources_1/ip/ADC_SERDES/ADC_SERDES/ADC_SERDES_in_context.xdc, line 1).
Applied set_property CLOCK_BUFFER_TYPE = NONE for ADC1_DB1M. (constraint file  c:/Users/i3devmachine/mdom/updates/mdommb_rev1_fw/mDOM_mb_rev1.srcs/sources_1/ip/ADC_SERDES/ADC_SERDES/ADC_SERDES_in_context.xdc, line 2).
Applied set_property IO_BUFFER_TYPE = NONE for ADC1_DB1P. (constraint file  c:/Users/i3devmachine/mdom/updates/mdommb_rev1_fw/mDOM_mb_rev1.srcs/sources_1/ip/ADC_SERDES/ADC_SERDES/ADC_SERDES_in_context.xdc, line 3).
Applied set_property CLOCK_BUFFER_TYPE = NONE for ADC1_DB1P. (constraint file  c:/Users/i3devmachine/mdom/updates/mdommb_rev1_fw/mDOM_mb_rev1.srcs/sources_1/ip/ADC_SERDES/ADC_SERDES/ADC_SERDES_in_context.xdc, line 4).
Applied set_property IO_BUFFER_TYPE = NONE for ADC1_DC0M. (constraint file  c:/Users/i3devmachine/mdom/updates/mdommb_rev1_fw/mDOM_mb_rev1.srcs/sources_1/ip/ADC_SERDES/ADC_SERDES/ADC_SERDES_in_context.xdc, line 1).
Applied set_property CLOCK_BUFFER_TYPE = NONE for ADC1_DC0M. (constraint file  c:/Users/i3devmachine/mdom/updates/mdommb_rev1_fw/mDOM_mb_rev1.srcs/sources_1/ip/ADC_SERDES/ADC_SERDES/ADC_SERDES_in_context.xdc, line 2).
Applied set_property IO_BUFFER_TYPE = NONE for ADC1_DC0P. (constraint file  c:/Users/i3devmachine/mdom/updates/mdommb_rev1_fw/mDOM_mb_rev1.srcs/sources_1/ip/ADC_SERDES/ADC_SERDES/ADC_SERDES_in_context.xdc, line 3).
Applied set_property CLOCK_BUFFER_TYPE = NONE for ADC1_DC0P. (constraint file  c:/Users/i3devmachine/mdom/updates/mdommb_rev1_fw/mDOM_mb_rev1.srcs/sources_1/ip/ADC_SERDES/ADC_SERDES/ADC_SERDES_in_context.xdc, line 4).
Applied set_property IO_BUFFER_TYPE = NONE for ADC1_DC1M. (constraint file  c:/Users/i3devmachine/mdom/updates/mdommb_rev1_fw/mDOM_mb_rev1.srcs/sources_1/ip/ADC_SERDES/ADC_SERDES/ADC_SERDES_in_context.xdc, line 1).
Applied set_property CLOCK_BUFFER_TYPE = NONE for ADC1_DC1M. (constraint file  c:/Users/i3devmachine/mdom/updates/mdommb_rev1_fw/mDOM_mb_rev1.srcs/sources_1/ip/ADC_SERDES/ADC_SERDES/ADC_SERDES_in_context.xdc, line 2).
Applied set_property IO_BUFFER_TYPE = NONE for ADC1_DC1P. (constraint file  c:/Users/i3devmachine/mdom/updates/mdommb_rev1_fw/mDOM_mb_rev1.srcs/sources_1/ip/ADC_SERDES/ADC_SERDES/ADC_SERDES_in_context.xdc, line 3).
Applied set_property CLOCK_BUFFER_TYPE = NONE for ADC1_DC1P. (constraint file  c:/Users/i3devmachine/mdom/updates/mdommb_rev1_fw/mDOM_mb_rev1.srcs/sources_1/ip/ADC_SERDES/ADC_SERDES/ADC_SERDES_in_context.xdc, line 4).
Applied set_property IO_BUFFER_TYPE = NONE for ADC1_DD0M. (constraint file  c:/Users/i3devmachine/mdom/updates/mdommb_rev1_fw/mDOM_mb_rev1.srcs/sources_1/ip/ADC_SERDES/ADC_SERDES/ADC_SERDES_in_context.xdc, line 1).
Applied set_property CLOCK_BUFFER_TYPE = NONE for ADC1_DD0M. (constraint file  c:/Users/i3devmachine/mdom/updates/mdommb_rev1_fw/mDOM_mb_rev1.srcs/sources_1/ip/ADC_SERDES/ADC_SERDES/ADC_SERDES_in_context.xdc, line 2).
Applied set_property IO_BUFFER_TYPE = NONE for ADC1_DD0P. (constraint file  c:/Users/i3devmachine/mdom/updates/mdommb_rev1_fw/mDOM_mb_rev1.srcs/sources_1/ip/ADC_SERDES/ADC_SERDES/ADC_SERDES_in_context.xdc, line 3).
Applied set_property CLOCK_BUFFER_TYPE = NONE for ADC1_DD0P. (constraint file  c:/Users/i3devmachine/mdom/updates/mdommb_rev1_fw/mDOM_mb_rev1.srcs/sources_1/ip/ADC_SERDES/ADC_SERDES/ADC_SERDES_in_context.xdc, line 4).
Applied set_property IO_BUFFER_TYPE = NONE for ADC1_DD1M. (constraint file  c:/Users/i3devmachine/mdom/updates/mdommb_rev1_fw/mDOM_mb_rev1.srcs/sources_1/ip/ADC_SERDES/ADC_SERDES/ADC_SERDES_in_context.xdc, line 1).
Applied set_property CLOCK_BUFFER_TYPE = NONE for ADC1_DD1M. (constraint file  c:/Users/i3devmachine/mdom/updates/mdommb_rev1_fw/mDOM_mb_rev1.srcs/sources_1/ip/ADC_SERDES/ADC_SERDES/ADC_SERDES_in_context.xdc, line 2).
Applied set_property IO_BUFFER_TYPE = NONE for ADC1_DD1P. (constraint file  c:/Users/i3devmachine/mdom/updates/mdommb_rev1_fw/mDOM_mb_rev1.srcs/sources_1/ip/ADC_SERDES/ADC_SERDES/ADC_SERDES_in_context.xdc, line 3).
Applied set_property CLOCK_BUFFER_TYPE = NONE for ADC1_DD1P. (constraint file  c:/Users/i3devmachine/mdom/updates/mdommb_rev1_fw/mDOM_mb_rev1.srcs/sources_1/ip/ADC_SERDES/ADC_SERDES/ADC_SERDES_in_context.xdc, line 4).
Applied set_property IO_BUFFER_TYPE = NONE for ADC2_DA0M. (constraint file  c:/Users/i3devmachine/mdom/updates/mdommb_rev1_fw/mDOM_mb_rev1.srcs/sources_1/ip/ADC_SERDES/ADC_SERDES/ADC_SERDES_in_context.xdc, line 1).
Applied set_property CLOCK_BUFFER_TYPE = NONE for ADC2_DA0M. (constraint file  c:/Users/i3devmachine/mdom/updates/mdommb_rev1_fw/mDOM_mb_rev1.srcs/sources_1/ip/ADC_SERDES/ADC_SERDES/ADC_SERDES_in_context.xdc, line 2).
Applied set_property IO_BUFFER_TYPE = NONE for ADC2_DA0P. (constraint file  c:/Users/i3devmachine/mdom/updates/mdommb_rev1_fw/mDOM_mb_rev1.srcs/sources_1/ip/ADC_SERDES/ADC_SERDES/ADC_SERDES_in_context.xdc, line 3).
Applied set_property CLOCK_BUFFER_TYPE = NONE for ADC2_DA0P. (constraint file  c:/Users/i3devmachine/mdom/updates/mdommb_rev1_fw/mDOM_mb_rev1.srcs/sources_1/ip/ADC_SERDES/ADC_SERDES/ADC_SERDES_in_context.xdc, line 4).
Applied set_property IO_BUFFER_TYPE = NONE for ADC2_DA1M. (constraint file  c:/Users/i3devmachine/mdom/updates/mdommb_rev1_fw/mDOM_mb_rev1.srcs/sources_1/ip/ADC_SERDES/ADC_SERDES/ADC_SERDES_in_context.xdc, line 1).
Applied set_property CLOCK_BUFFER_TYPE = NONE for ADC2_DA1M. (constraint file  c:/Users/i3devmachine/mdom/updates/mdommb_rev1_fw/mDOM_mb_rev1.srcs/sources_1/ip/ADC_SERDES/ADC_SERDES/ADC_SERDES_in_context.xdc, line 2).
Applied set_property IO_BUFFER_TYPE = NONE for ADC2_DA1P. (constraint file  c:/Users/i3devmachine/mdom/updates/mdommb_rev1_fw/mDOM_mb_rev1.srcs/sources_1/ip/ADC_SERDES/ADC_SERDES/ADC_SERDES_in_context.xdc, line 3).
Applied set_property CLOCK_BUFFER_TYPE = NONE for ADC2_DA1P. (constraint file  c:/Users/i3devmachine/mdom/updates/mdommb_rev1_fw/mDOM_mb_rev1.srcs/sources_1/ip/ADC_SERDES/ADC_SERDES/ADC_SERDES_in_context.xdc, line 4).
Applied set_property IO_BUFFER_TYPE = NONE for ADC2_DB0M. (constraint file  c:/Users/i3devmachine/mdom/updates/mdommb_rev1_fw/mDOM_mb_rev1.srcs/sources_1/ip/ADC_SERDES/ADC_SERDES/ADC_SERDES_in_context.xdc, line 1).
Applied set_property CLOCK_BUFFER_TYPE = NONE for ADC2_DB0M. (constraint file  c:/Users/i3devmachine/mdom/updates/mdommb_rev1_fw/mDOM_mb_rev1.srcs/sources_1/ip/ADC_SERDES/ADC_SERDES/ADC_SERDES_in_context.xdc, line 2).
Applied set_property IO_BUFFER_TYPE = NONE for ADC2_DB0P. (constraint file  c:/Users/i3devmachine/mdom/updates/mdommb_rev1_fw/mDOM_mb_rev1.srcs/sources_1/ip/ADC_SERDES/ADC_SERDES/ADC_SERDES_in_context.xdc, line 3).
Applied set_property CLOCK_BUFFER_TYPE = NONE for ADC2_DB0P. (constraint file  c:/Users/i3devmachine/mdom/updates/mdommb_rev1_fw/mDOM_mb_rev1.srcs/sources_1/ip/ADC_SERDES/ADC_SERDES/ADC_SERDES_in_context.xdc, line 4).
Applied set_property IO_BUFFER_TYPE = NONE for ADC2_DB1M. (constraint file  c:/Users/i3devmachine/mdom/updates/mdommb_rev1_fw/mDOM_mb_rev1.srcs/sources_1/ip/ADC_SERDES/ADC_SERDES/ADC_SERDES_in_context.xdc, line 1).
Applied set_property CLOCK_BUFFER_TYPE = NONE for ADC2_DB1M. (constraint file  c:/Users/i3devmachine/mdom/updates/mdommb_rev1_fw/mDOM_mb_rev1.srcs/sources_1/ip/ADC_SERDES/ADC_SERDES/ADC_SERDES_in_context.xdc, line 2).
Applied set_property IO_BUFFER_TYPE = NONE for ADC2_DB1P. (constraint file  c:/Users/i3devmachine/mdom/updates/mdommb_rev1_fw/mDOM_mb_rev1.srcs/sources_1/ip/ADC_SERDES/ADC_SERDES/ADC_SERDES_in_context.xdc, line 3).
Applied set_property CLOCK_BUFFER_TYPE = NONE for ADC2_DB1P. (constraint file  c:/Users/i3devmachine/mdom/updates/mdommb_rev1_fw/mDOM_mb_rev1.srcs/sources_1/ip/ADC_SERDES/ADC_SERDES/ADC_SERDES_in_context.xdc, line 4).
Applied set_property IO_BUFFER_TYPE = NONE for ADC2_DC0M. (constraint file  c:/Users/i3devmachine/mdom/updates/mdommb_rev1_fw/mDOM_mb_rev1.srcs/sources_1/ip/ADC_SERDES/ADC_SERDES/ADC_SERDES_in_context.xdc, line 1).
Applied set_property CLOCK_BUFFER_TYPE = NONE for ADC2_DC0M. (constraint file  c:/Users/i3devmachine/mdom/updates/mdommb_rev1_fw/mDOM_mb_rev1.srcs/sources_1/ip/ADC_SERDES/ADC_SERDES/ADC_SERDES_in_context.xdc, line 2).
Applied set_property IO_BUFFER_TYPE = NONE for ADC2_DC0P. (constraint file  c:/Users/i3devmachine/mdom/updates/mdommb_rev1_fw/mDOM_mb_rev1.srcs/sources_1/ip/ADC_SERDES/ADC_SERDES/ADC_SERDES_in_context.xdc, line 3).
Applied set_property CLOCK_BUFFER_TYPE = NONE for ADC2_DC0P. (constraint file  c:/Users/i3devmachine/mdom/updates/mdommb_rev1_fw/mDOM_mb_rev1.srcs/sources_1/ip/ADC_SERDES/ADC_SERDES/ADC_SERDES_in_context.xdc, line 4).
Applied set_property IO_BUFFER_TYPE = NONE for ADC2_DC1M. (constraint file  c:/Users/i3devmachine/mdom/updates/mdommb_rev1_fw/mDOM_mb_rev1.srcs/sources_1/ip/ADC_SERDES/ADC_SERDES/ADC_SERDES_in_context.xdc, line 1).
Applied set_property CLOCK_BUFFER_TYPE = NONE for ADC2_DC1M. (constraint file  c:/Users/i3devmachine/mdom/updates/mdommb_rev1_fw/mDOM_mb_rev1.srcs/sources_1/ip/ADC_SERDES/ADC_SERDES/ADC_SERDES_in_context.xdc, line 2).
Applied set_property IO_BUFFER_TYPE = NONE for ADC2_DC1P. (constraint file  c:/Users/i3devmachine/mdom/updates/mdommb_rev1_fw/mDOM_mb_rev1.srcs/sources_1/ip/ADC_SERDES/ADC_SERDES/ADC_SERDES_in_context.xdc, line 3).
Applied set_property CLOCK_BUFFER_TYPE = NONE for ADC2_DC1P. (constraint file  c:/Users/i3devmachine/mdom/updates/mdommb_rev1_fw/mDOM_mb_rev1.srcs/sources_1/ip/ADC_SERDES/ADC_SERDES/ADC_SERDES_in_context.xdc, line 4).
Applied set_property IO_BUFFER_TYPE = NONE for ADC2_DD0M. (constraint file  c:/Users/i3devmachine/mdom/updates/mdommb_rev1_fw/mDOM_mb_rev1.srcs/sources_1/ip/ADC_SERDES/ADC_SERDES/ADC_SERDES_in_context.xdc, line 1).
Applied set_property CLOCK_BUFFER_TYPE = NONE for ADC2_DD0M. (constraint file  c:/Users/i3devmachine/mdom/updates/mdommb_rev1_fw/mDOM_mb_rev1.srcs/sources_1/ip/ADC_SERDES/ADC_SERDES/ADC_SERDES_in_context.xdc, line 2).
Applied set_property IO_BUFFER_TYPE = NONE for ADC2_DD0P. (constraint file  c:/Users/i3devmachine/mdom/updates/mdommb_rev1_fw/mDOM_mb_rev1.srcs/sources_1/ip/ADC_SERDES/ADC_SERDES/ADC_SERDES_in_context.xdc, line 3).
Applied set_property CLOCK_BUFFER_TYPE = NONE for ADC2_DD0P. (constraint file  c:/Users/i3devmachine/mdom/updates/mdommb_rev1_fw/mDOM_mb_rev1.srcs/sources_1/ip/ADC_SERDES/ADC_SERDES/ADC_SERDES_in_context.xdc, line 4).
Applied set_property IO_BUFFER_TYPE = NONE for ADC2_DD1M. (constraint file  c:/Users/i3devmachine/mdom/updates/mdommb_rev1_fw/mDOM_mb_rev1.srcs/sources_1/ip/ADC_SERDES/ADC_SERDES/ADC_SERDES_in_context.xdc, line 1).
Applied set_property CLOCK_BUFFER_TYPE = NONE for ADC2_DD1M. (constraint file  c:/Users/i3devmachine/mdom/updates/mdommb_rev1_fw/mDOM_mb_rev1.srcs/sources_1/ip/ADC_SERDES/ADC_SERDES/ADC_SERDES_in_context.xdc, line 2).
Applied set_property IO_BUFFER_TYPE = NONE for ADC2_DD1P. (constraint file  c:/Users/i3devmachine/mdom/updates/mdommb_rev1_fw/mDOM_mb_rev1.srcs/sources_1/ip/ADC_SERDES/ADC_SERDES/ADC_SERDES_in_context.xdc, line 3).
Applied set_property CLOCK_BUFFER_TYPE = NONE for ADC2_DD1P. (constraint file  c:/Users/i3devmachine/mdom/updates/mdommb_rev1_fw/mDOM_mb_rev1.srcs/sources_1/ip/ADC_SERDES/ADC_SERDES/ADC_SERDES_in_context.xdc, line 4).
Applied set_property IO_BUFFER_TYPE = NONE for ADC3_DA0M. (constraint file  c:/Users/i3devmachine/mdom/updates/mdommb_rev1_fw/mDOM_mb_rev1.srcs/sources_1/ip/ADC_SERDES/ADC_SERDES/ADC_SERDES_in_context.xdc, line 1).
Applied set_property CLOCK_BUFFER_TYPE = NONE for ADC3_DA0M. (constraint file  c:/Users/i3devmachine/mdom/updates/mdommb_rev1_fw/mDOM_mb_rev1.srcs/sources_1/ip/ADC_SERDES/ADC_SERDES/ADC_SERDES_in_context.xdc, line 2).
Applied set_property IO_BUFFER_TYPE = NONE for ADC3_DA0P. (constraint file  c:/Users/i3devmachine/mdom/updates/mdommb_rev1_fw/mDOM_mb_rev1.srcs/sources_1/ip/ADC_SERDES/ADC_SERDES/ADC_SERDES_in_context.xdc, line 3).
Applied set_property CLOCK_BUFFER_TYPE = NONE for ADC3_DA0P. (constraint file  c:/Users/i3devmachine/mdom/updates/mdommb_rev1_fw/mDOM_mb_rev1.srcs/sources_1/ip/ADC_SERDES/ADC_SERDES/ADC_SERDES_in_context.xdc, line 4).
Applied set_property IO_BUFFER_TYPE = NONE for ADC3_DA1M. (constraint file  c:/Users/i3devmachine/mdom/updates/mdommb_rev1_fw/mDOM_mb_rev1.srcs/sources_1/ip/ADC_SERDES/ADC_SERDES/ADC_SERDES_in_context.xdc, line 1).
Applied set_property CLOCK_BUFFER_TYPE = NONE for ADC3_DA1M. (constraint file  c:/Users/i3devmachine/mdom/updates/mdommb_rev1_fw/mDOM_mb_rev1.srcs/sources_1/ip/ADC_SERDES/ADC_SERDES/ADC_SERDES_in_context.xdc, line 2).
Applied set_property IO_BUFFER_TYPE = NONE for ADC3_DA1P. (constraint file  c:/Users/i3devmachine/mdom/updates/mdommb_rev1_fw/mDOM_mb_rev1.srcs/sources_1/ip/ADC_SERDES/ADC_SERDES/ADC_SERDES_in_context.xdc, line 3).
Applied set_property CLOCK_BUFFER_TYPE = NONE for ADC3_DA1P. (constraint file  c:/Users/i3devmachine/mdom/updates/mdommb_rev1_fw/mDOM_mb_rev1.srcs/sources_1/ip/ADC_SERDES/ADC_SERDES/ADC_SERDES_in_context.xdc, line 4).
Applied set_property IO_BUFFER_TYPE = NONE for ADC3_DB0M. (constraint file  c:/Users/i3devmachine/mdom/updates/mdommb_rev1_fw/mDOM_mb_rev1.srcs/sources_1/ip/ADC_SERDES/ADC_SERDES/ADC_SERDES_in_context.xdc, line 1).
Applied set_property CLOCK_BUFFER_TYPE = NONE for ADC3_DB0M. (constraint file  c:/Users/i3devmachine/mdom/updates/mdommb_rev1_fw/mDOM_mb_rev1.srcs/sources_1/ip/ADC_SERDES/ADC_SERDES/ADC_SERDES_in_context.xdc, line 2).
Applied set_property IO_BUFFER_TYPE = NONE for ADC3_DB0P. (constraint file  c:/Users/i3devmachine/mdom/updates/mdommb_rev1_fw/mDOM_mb_rev1.srcs/sources_1/ip/ADC_SERDES/ADC_SERDES/ADC_SERDES_in_context.xdc, line 3).
Applied set_property CLOCK_BUFFER_TYPE = NONE for ADC3_DB0P. (constraint file  c:/Users/i3devmachine/mdom/updates/mdommb_rev1_fw/mDOM_mb_rev1.srcs/sources_1/ip/ADC_SERDES/ADC_SERDES/ADC_SERDES_in_context.xdc, line 4).
Applied set_property IO_BUFFER_TYPE = NONE for ADC3_DB1M. (constraint file  c:/Users/i3devmachine/mdom/updates/mdommb_rev1_fw/mDOM_mb_rev1.srcs/sources_1/ip/ADC_SERDES/ADC_SERDES/ADC_SERDES_in_context.xdc, line 1).
Applied set_property CLOCK_BUFFER_TYPE = NONE for ADC3_DB1M. (constraint file  c:/Users/i3devmachine/mdom/updates/mdommb_rev1_fw/mDOM_mb_rev1.srcs/sources_1/ip/ADC_SERDES/ADC_SERDES/ADC_SERDES_in_context.xdc, line 2).
Applied set_property IO_BUFFER_TYPE = NONE for ADC3_DB1P. (constraint file  c:/Users/i3devmachine/mdom/updates/mdommb_rev1_fw/mDOM_mb_rev1.srcs/sources_1/ip/ADC_SERDES/ADC_SERDES/ADC_SERDES_in_context.xdc, line 3).
Applied set_property CLOCK_BUFFER_TYPE = NONE for ADC3_DB1P. (constraint file  c:/Users/i3devmachine/mdom/updates/mdommb_rev1_fw/mDOM_mb_rev1.srcs/sources_1/ip/ADC_SERDES/ADC_SERDES/ADC_SERDES_in_context.xdc, line 4).
Applied set_property IO_BUFFER_TYPE = NONE for ADC3_DC0M. (constraint file  c:/Users/i3devmachine/mdom/updates/mdommb_rev1_fw/mDOM_mb_rev1.srcs/sources_1/ip/ADC_SERDES/ADC_SERDES/ADC_SERDES_in_context.xdc, line 1).
Applied set_property CLOCK_BUFFER_TYPE = NONE for ADC3_DC0M. (constraint file  c:/Users/i3devmachine/mdom/updates/mdommb_rev1_fw/mDOM_mb_rev1.srcs/sources_1/ip/ADC_SERDES/ADC_SERDES/ADC_SERDES_in_context.xdc, line 2).
Applied set_property IO_BUFFER_TYPE = NONE for ADC3_DC0P. (constraint file  c:/Users/i3devmachine/mdom/updates/mdommb_rev1_fw/mDOM_mb_rev1.srcs/sources_1/ip/ADC_SERDES/ADC_SERDES/ADC_SERDES_in_context.xdc, line 3).
Applied set_property CLOCK_BUFFER_TYPE = NONE for ADC3_DC0P. (constraint file  c:/Users/i3devmachine/mdom/updates/mdommb_rev1_fw/mDOM_mb_rev1.srcs/sources_1/ip/ADC_SERDES/ADC_SERDES/ADC_SERDES_in_context.xdc, line 4).
Applied set_property IO_BUFFER_TYPE = NONE for ADC3_DC1M. (constraint file  c:/Users/i3devmachine/mdom/updates/mdommb_rev1_fw/mDOM_mb_rev1.srcs/sources_1/ip/ADC_SERDES/ADC_SERDES/ADC_SERDES_in_context.xdc, line 1).
Applied set_property CLOCK_BUFFER_TYPE = NONE for ADC3_DC1M. (constraint file  c:/Users/i3devmachine/mdom/updates/mdommb_rev1_fw/mDOM_mb_rev1.srcs/sources_1/ip/ADC_SERDES/ADC_SERDES/ADC_SERDES_in_context.xdc, line 2).
Applied set_property IO_BUFFER_TYPE = NONE for ADC3_DC1P. (constraint file  c:/Users/i3devmachine/mdom/updates/mdommb_rev1_fw/mDOM_mb_rev1.srcs/sources_1/ip/ADC_SERDES/ADC_SERDES/ADC_SERDES_in_context.xdc, line 3).
Applied set_property CLOCK_BUFFER_TYPE = NONE for ADC3_DC1P. (constraint file  c:/Users/i3devmachine/mdom/updates/mdommb_rev1_fw/mDOM_mb_rev1.srcs/sources_1/ip/ADC_SERDES/ADC_SERDES/ADC_SERDES_in_context.xdc, line 4).
Applied set_property IO_BUFFER_TYPE = NONE for ADC3_DD0M. (constraint file  c:/Users/i3devmachine/mdom/updates/mdommb_rev1_fw/mDOM_mb_rev1.srcs/sources_1/ip/ADC_SERDES/ADC_SERDES/ADC_SERDES_in_context.xdc, line 1).
Applied set_property CLOCK_BUFFER_TYPE = NONE for ADC3_DD0M. (constraint file  c:/Users/i3devmachine/mdom/updates/mdommb_rev1_fw/mDOM_mb_rev1.srcs/sources_1/ip/ADC_SERDES/ADC_SERDES/ADC_SERDES_in_context.xdc, line 2).
Applied set_property IO_BUFFER_TYPE = NONE for ADC3_DD0P. (constraint file  c:/Users/i3devmachine/mdom/updates/mdommb_rev1_fw/mDOM_mb_rev1.srcs/sources_1/ip/ADC_SERDES/ADC_SERDES/ADC_SERDES_in_context.xdc, line 3).
Applied set_property CLOCK_BUFFER_TYPE = NONE for ADC3_DD0P. (constraint file  c:/Users/i3devmachine/mdom/updates/mdommb_rev1_fw/mDOM_mb_rev1.srcs/sources_1/ip/ADC_SERDES/ADC_SERDES/ADC_SERDES_in_context.xdc, line 4).
Applied set_property IO_BUFFER_TYPE = NONE for ADC3_DD1M. (constraint file  c:/Users/i3devmachine/mdom/updates/mdommb_rev1_fw/mDOM_mb_rev1.srcs/sources_1/ip/ADC_SERDES/ADC_SERDES/ADC_SERDES_in_context.xdc, line 1).
Applied set_property CLOCK_BUFFER_TYPE = NONE for ADC3_DD1M. (constraint file  c:/Users/i3devmachine/mdom/updates/mdommb_rev1_fw/mDOM_mb_rev1.srcs/sources_1/ip/ADC_SERDES/ADC_SERDES/ADC_SERDES_in_context.xdc, line 2).
Applied set_property IO_BUFFER_TYPE = NONE for ADC3_DD1P. (constraint file  c:/Users/i3devmachine/mdom/updates/mdommb_rev1_fw/mDOM_mb_rev1.srcs/sources_1/ip/ADC_SERDES/ADC_SERDES/ADC_SERDES_in_context.xdc, line 3).
Applied set_property CLOCK_BUFFER_TYPE = NONE for ADC3_DD1P. (constraint file  c:/Users/i3devmachine/mdom/updates/mdommb_rev1_fw/mDOM_mb_rev1.srcs/sources_1/ip/ADC_SERDES/ADC_SERDES/ADC_SERDES_in_context.xdc, line 4).
Applied set_property IO_BUFFER_TYPE = NONE for ADC4_DA0M. (constraint file  c:/Users/i3devmachine/mdom/updates/mdommb_rev1_fw/mDOM_mb_rev1.srcs/sources_1/ip/ADC_SERDES/ADC_SERDES/ADC_SERDES_in_context.xdc, line 1).
Applied set_property CLOCK_BUFFER_TYPE = NONE for ADC4_DA0M. (constraint file  c:/Users/i3devmachine/mdom/updates/mdommb_rev1_fw/mDOM_mb_rev1.srcs/sources_1/ip/ADC_SERDES/ADC_SERDES/ADC_SERDES_in_context.xdc, line 2).
Applied set_property IO_BUFFER_TYPE = NONE for ADC4_DA0P. (constraint file  c:/Users/i3devmachine/mdom/updates/mdommb_rev1_fw/mDOM_mb_rev1.srcs/sources_1/ip/ADC_SERDES/ADC_SERDES/ADC_SERDES_in_context.xdc, line 3).
Applied set_property CLOCK_BUFFER_TYPE = NONE for ADC4_DA0P. (constraint file  c:/Users/i3devmachine/mdom/updates/mdommb_rev1_fw/mDOM_mb_rev1.srcs/sources_1/ip/ADC_SERDES/ADC_SERDES/ADC_SERDES_in_context.xdc, line 4).
Applied set_property IO_BUFFER_TYPE = NONE for ADC4_DA1M. (constraint file  c:/Users/i3devmachine/mdom/updates/mdommb_rev1_fw/mDOM_mb_rev1.srcs/sources_1/ip/ADC_SERDES/ADC_SERDES/ADC_SERDES_in_context.xdc, line 1).
Applied set_property CLOCK_BUFFER_TYPE = NONE for ADC4_DA1M. (constraint file  c:/Users/i3devmachine/mdom/updates/mdommb_rev1_fw/mDOM_mb_rev1.srcs/sources_1/ip/ADC_SERDES/ADC_SERDES/ADC_SERDES_in_context.xdc, line 2).
Applied set_property IO_BUFFER_TYPE = NONE for ADC4_DA1P. (constraint file  c:/Users/i3devmachine/mdom/updates/mdommb_rev1_fw/mDOM_mb_rev1.srcs/sources_1/ip/ADC_SERDES/ADC_SERDES/ADC_SERDES_in_context.xdc, line 3).
Applied set_property CLOCK_BUFFER_TYPE = NONE for ADC4_DA1P. (constraint file  c:/Users/i3devmachine/mdom/updates/mdommb_rev1_fw/mDOM_mb_rev1.srcs/sources_1/ip/ADC_SERDES/ADC_SERDES/ADC_SERDES_in_context.xdc, line 4).
Applied set_property IO_BUFFER_TYPE = NONE for ADC4_DB0M. (constraint file  c:/Users/i3devmachine/mdom/updates/mdommb_rev1_fw/mDOM_mb_rev1.srcs/sources_1/ip/ADC_SERDES/ADC_SERDES/ADC_SERDES_in_context.xdc, line 1).
Applied set_property CLOCK_BUFFER_TYPE = NONE for ADC4_DB0M. (constraint file  c:/Users/i3devmachine/mdom/updates/mdommb_rev1_fw/mDOM_mb_rev1.srcs/sources_1/ip/ADC_SERDES/ADC_SERDES/ADC_SERDES_in_context.xdc, line 2).
Applied set_property IO_BUFFER_TYPE = NONE for ADC4_DB0P. (constraint file  c:/Users/i3devmachine/mdom/updates/mdommb_rev1_fw/mDOM_mb_rev1.srcs/sources_1/ip/ADC_SERDES/ADC_SERDES/ADC_SERDES_in_context.xdc, line 3).
Applied set_property CLOCK_BUFFER_TYPE = NONE for ADC4_DB0P. (constraint file  c:/Users/i3devmachine/mdom/updates/mdommb_rev1_fw/mDOM_mb_rev1.srcs/sources_1/ip/ADC_SERDES/ADC_SERDES/ADC_SERDES_in_context.xdc, line 4).
Applied set_property IO_BUFFER_TYPE = NONE for ADC4_DB1M. (constraint file  c:/Users/i3devmachine/mdom/updates/mdommb_rev1_fw/mDOM_mb_rev1.srcs/sources_1/ip/ADC_SERDES/ADC_SERDES/ADC_SERDES_in_context.xdc, line 1).
Applied set_property CLOCK_BUFFER_TYPE = NONE for ADC4_DB1M. (constraint file  c:/Users/i3devmachine/mdom/updates/mdommb_rev1_fw/mDOM_mb_rev1.srcs/sources_1/ip/ADC_SERDES/ADC_SERDES/ADC_SERDES_in_context.xdc, line 2).
Applied set_property IO_BUFFER_TYPE = NONE for ADC4_DB1P. (constraint file  c:/Users/i3devmachine/mdom/updates/mdommb_rev1_fw/mDOM_mb_rev1.srcs/sources_1/ip/ADC_SERDES/ADC_SERDES/ADC_SERDES_in_context.xdc, line 3).
Applied set_property CLOCK_BUFFER_TYPE = NONE for ADC4_DB1P. (constraint file  c:/Users/i3devmachine/mdom/updates/mdommb_rev1_fw/mDOM_mb_rev1.srcs/sources_1/ip/ADC_SERDES/ADC_SERDES/ADC_SERDES_in_context.xdc, line 4).
Applied set_property IO_BUFFER_TYPE = NONE for ADC4_DC0M. (constraint file  c:/Users/i3devmachine/mdom/updates/mdommb_rev1_fw/mDOM_mb_rev1.srcs/sources_1/ip/ADC_SERDES/ADC_SERDES/ADC_SERDES_in_context.xdc, line 1).
Applied set_property CLOCK_BUFFER_TYPE = NONE for ADC4_DC0M. (constraint file  c:/Users/i3devmachine/mdom/updates/mdommb_rev1_fw/mDOM_mb_rev1.srcs/sources_1/ip/ADC_SERDES/ADC_SERDES/ADC_SERDES_in_context.xdc, line 2).
Applied set_property IO_BUFFER_TYPE = NONE for ADC4_DC0P. (constraint file  c:/Users/i3devmachine/mdom/updates/mdommb_rev1_fw/mDOM_mb_rev1.srcs/sources_1/ip/ADC_SERDES/ADC_SERDES/ADC_SERDES_in_context.xdc, line 3).
Applied set_property CLOCK_BUFFER_TYPE = NONE for ADC4_DC0P. (constraint file  c:/Users/i3devmachine/mdom/updates/mdommb_rev1_fw/mDOM_mb_rev1.srcs/sources_1/ip/ADC_SERDES/ADC_SERDES/ADC_SERDES_in_context.xdc, line 4).
Applied set_property IO_BUFFER_TYPE = NONE for ADC4_DC1M. (constraint file  c:/Users/i3devmachine/mdom/updates/mdommb_rev1_fw/mDOM_mb_rev1.srcs/sources_1/ip/ADC_SERDES/ADC_SERDES/ADC_SERDES_in_context.xdc, line 1).
Applied set_property CLOCK_BUFFER_TYPE = NONE for ADC4_DC1M. (constraint file  c:/Users/i3devmachine/mdom/updates/mdommb_rev1_fw/mDOM_mb_rev1.srcs/sources_1/ip/ADC_SERDES/ADC_SERDES/ADC_SERDES_in_context.xdc, line 2).
Applied set_property IO_BUFFER_TYPE = NONE for ADC4_DC1P. (constraint file  c:/Users/i3devmachine/mdom/updates/mdommb_rev1_fw/mDOM_mb_rev1.srcs/sources_1/ip/ADC_SERDES/ADC_SERDES/ADC_SERDES_in_context.xdc, line 3).
Applied set_property CLOCK_BUFFER_TYPE = NONE for ADC4_DC1P. (constraint file  c:/Users/i3devmachine/mdom/updates/mdommb_rev1_fw/mDOM_mb_rev1.srcs/sources_1/ip/ADC_SERDES/ADC_SERDES/ADC_SERDES_in_context.xdc, line 4).
Applied set_property IO_BUFFER_TYPE = NONE for ADC4_DD0M. (constraint file  c:/Users/i3devmachine/mdom/updates/mdommb_rev1_fw/mDOM_mb_rev1.srcs/sources_1/ip/ADC_SERDES/ADC_SERDES/ADC_SERDES_in_context.xdc, line 1).
Applied set_property CLOCK_BUFFER_TYPE = NONE for ADC4_DD0M. (constraint file  c:/Users/i3devmachine/mdom/updates/mdommb_rev1_fw/mDOM_mb_rev1.srcs/sources_1/ip/ADC_SERDES/ADC_SERDES/ADC_SERDES_in_context.xdc, line 2).
Applied set_property IO_BUFFER_TYPE = NONE for ADC4_DD0P. (constraint file  c:/Users/i3devmachine/mdom/updates/mdommb_rev1_fw/mDOM_mb_rev1.srcs/sources_1/ip/ADC_SERDES/ADC_SERDES/ADC_SERDES_in_context.xdc, line 3).
Applied set_property CLOCK_BUFFER_TYPE = NONE for ADC4_DD0P. (constraint file  c:/Users/i3devmachine/mdom/updates/mdommb_rev1_fw/mDOM_mb_rev1.srcs/sources_1/ip/ADC_SERDES/ADC_SERDES/ADC_SERDES_in_context.xdc, line 4).
Applied set_property IO_BUFFER_TYPE = NONE for ADC4_DD1M. (constraint file  c:/Users/i3devmachine/mdom/updates/mdommb_rev1_fw/mDOM_mb_rev1.srcs/sources_1/ip/ADC_SERDES/ADC_SERDES/ADC_SERDES_in_context.xdc, line 1).
Applied set_property CLOCK_BUFFER_TYPE = NONE for ADC4_DD1M. (constraint file  c:/Users/i3devmachine/mdom/updates/mdommb_rev1_fw/mDOM_mb_rev1.srcs/sources_1/ip/ADC_SERDES/ADC_SERDES/ADC_SERDES_in_context.xdc, line 2).
Applied set_property IO_BUFFER_TYPE = NONE for ADC4_DD1P. (constraint file  c:/Users/i3devmachine/mdom/updates/mdommb_rev1_fw/mDOM_mb_rev1.srcs/sources_1/ip/ADC_SERDES/ADC_SERDES/ADC_SERDES_in_context.xdc, line 3).
Applied set_property CLOCK_BUFFER_TYPE = NONE for ADC4_DD1P. (constraint file  c:/Users/i3devmachine/mdom/updates/mdommb_rev1_fw/mDOM_mb_rev1.srcs/sources_1/ip/ADC_SERDES/ADC_SERDES/ADC_SERDES_in_context.xdc, line 4).
Applied set_property IO_BUFFER_TYPE = NONE for ADC5_DA0M. (constraint file  c:/Users/i3devmachine/mdom/updates/mdommb_rev1_fw/mDOM_mb_rev1.srcs/sources_1/ip/ADC_SERDES/ADC_SERDES/ADC_SERDES_in_context.xdc, line 1).
Applied set_property CLOCK_BUFFER_TYPE = NONE for ADC5_DA0M. (constraint file  c:/Users/i3devmachine/mdom/updates/mdommb_rev1_fw/mDOM_mb_rev1.srcs/sources_1/ip/ADC_SERDES/ADC_SERDES/ADC_SERDES_in_context.xdc, line 2).
Applied set_property IO_BUFFER_TYPE = NONE for ADC5_DA0P. (constraint file  c:/Users/i3devmachine/mdom/updates/mdommb_rev1_fw/mDOM_mb_rev1.srcs/sources_1/ip/ADC_SERDES/ADC_SERDES/ADC_SERDES_in_context.xdc, line 3).
Applied set_property CLOCK_BUFFER_TYPE = NONE for ADC5_DA0P. (constraint file  c:/Users/i3devmachine/mdom/updates/mdommb_rev1_fw/mDOM_mb_rev1.srcs/sources_1/ip/ADC_SERDES/ADC_SERDES/ADC_SERDES_in_context.xdc, line 4).
Applied set_property IO_BUFFER_TYPE = NONE for ADC5_DA1M. (constraint file  c:/Users/i3devmachine/mdom/updates/mdommb_rev1_fw/mDOM_mb_rev1.srcs/sources_1/ip/ADC_SERDES/ADC_SERDES/ADC_SERDES_in_context.xdc, line 1).
Applied set_property CLOCK_BUFFER_TYPE = NONE for ADC5_DA1M. (constraint file  c:/Users/i3devmachine/mdom/updates/mdommb_rev1_fw/mDOM_mb_rev1.srcs/sources_1/ip/ADC_SERDES/ADC_SERDES/ADC_SERDES_in_context.xdc, line 2).
Applied set_property IO_BUFFER_TYPE = NONE for ADC5_DA1P. (constraint file  c:/Users/i3devmachine/mdom/updates/mdommb_rev1_fw/mDOM_mb_rev1.srcs/sources_1/ip/ADC_SERDES/ADC_SERDES/ADC_SERDES_in_context.xdc, line 3).
Applied set_property CLOCK_BUFFER_TYPE = NONE for ADC5_DA1P. (constraint file  c:/Users/i3devmachine/mdom/updates/mdommb_rev1_fw/mDOM_mb_rev1.srcs/sources_1/ip/ADC_SERDES/ADC_SERDES/ADC_SERDES_in_context.xdc, line 4).
Applied set_property IO_BUFFER_TYPE = NONE for ADC5_DB0M. (constraint file  c:/Users/i3devmachine/mdom/updates/mdommb_rev1_fw/mDOM_mb_rev1.srcs/sources_1/ip/ADC_SERDES/ADC_SERDES/ADC_SERDES_in_context.xdc, line 1).
Applied set_property CLOCK_BUFFER_TYPE = NONE for ADC5_DB0M. (constraint file  c:/Users/i3devmachine/mdom/updates/mdommb_rev1_fw/mDOM_mb_rev1.srcs/sources_1/ip/ADC_SERDES/ADC_SERDES/ADC_SERDES_in_context.xdc, line 2).
Applied set_property IO_BUFFER_TYPE = NONE for ADC5_DB0P. (constraint file  c:/Users/i3devmachine/mdom/updates/mdommb_rev1_fw/mDOM_mb_rev1.srcs/sources_1/ip/ADC_SERDES/ADC_SERDES/ADC_SERDES_in_context.xdc, line 3).
Applied set_property CLOCK_BUFFER_TYPE = NONE for ADC5_DB0P. (constraint file  c:/Users/i3devmachine/mdom/updates/mdommb_rev1_fw/mDOM_mb_rev1.srcs/sources_1/ip/ADC_SERDES/ADC_SERDES/ADC_SERDES_in_context.xdc, line 4).
Applied set_property IO_BUFFER_TYPE = NONE for ADC5_DB1M. (constraint file  c:/Users/i3devmachine/mdom/updates/mdommb_rev1_fw/mDOM_mb_rev1.srcs/sources_1/ip/ADC_SERDES/ADC_SERDES/ADC_SERDES_in_context.xdc, line 1).
Applied set_property CLOCK_BUFFER_TYPE = NONE for ADC5_DB1M. (constraint file  c:/Users/i3devmachine/mdom/updates/mdommb_rev1_fw/mDOM_mb_rev1.srcs/sources_1/ip/ADC_SERDES/ADC_SERDES/ADC_SERDES_in_context.xdc, line 2).
Applied set_property IO_BUFFER_TYPE = NONE for ADC5_DB1P. (constraint file  c:/Users/i3devmachine/mdom/updates/mdommb_rev1_fw/mDOM_mb_rev1.srcs/sources_1/ip/ADC_SERDES/ADC_SERDES/ADC_SERDES_in_context.xdc, line 3).
Applied set_property CLOCK_BUFFER_TYPE = NONE for ADC5_DB1P. (constraint file  c:/Users/i3devmachine/mdom/updates/mdommb_rev1_fw/mDOM_mb_rev1.srcs/sources_1/ip/ADC_SERDES/ADC_SERDES/ADC_SERDES_in_context.xdc, line 4).
Applied set_property IO_BUFFER_TYPE = NONE for ADC5_DC0M. (constraint file  c:/Users/i3devmachine/mdom/updates/mdommb_rev1_fw/mDOM_mb_rev1.srcs/sources_1/ip/ADC_SERDES/ADC_SERDES/ADC_SERDES_in_context.xdc, line 1).
Applied set_property CLOCK_BUFFER_TYPE = NONE for ADC5_DC0M. (constraint file  c:/Users/i3devmachine/mdom/updates/mdommb_rev1_fw/mDOM_mb_rev1.srcs/sources_1/ip/ADC_SERDES/ADC_SERDES/ADC_SERDES_in_context.xdc, line 2).
Applied set_property IO_BUFFER_TYPE = NONE for ADC5_DC0P. (constraint file  c:/Users/i3devmachine/mdom/updates/mdommb_rev1_fw/mDOM_mb_rev1.srcs/sources_1/ip/ADC_SERDES/ADC_SERDES/ADC_SERDES_in_context.xdc, line 3).
Applied set_property CLOCK_BUFFER_TYPE = NONE for ADC5_DC0P. (constraint file  c:/Users/i3devmachine/mdom/updates/mdommb_rev1_fw/mDOM_mb_rev1.srcs/sources_1/ip/ADC_SERDES/ADC_SERDES/ADC_SERDES_in_context.xdc, line 4).
Applied set_property IO_BUFFER_TYPE = NONE for ADC5_DC1M. (constraint file  c:/Users/i3devmachine/mdom/updates/mdommb_rev1_fw/mDOM_mb_rev1.srcs/sources_1/ip/ADC_SERDES/ADC_SERDES/ADC_SERDES_in_context.xdc, line 1).
Applied set_property CLOCK_BUFFER_TYPE = NONE for ADC5_DC1M. (constraint file  c:/Users/i3devmachine/mdom/updates/mdommb_rev1_fw/mDOM_mb_rev1.srcs/sources_1/ip/ADC_SERDES/ADC_SERDES/ADC_SERDES_in_context.xdc, line 2).
Applied set_property IO_BUFFER_TYPE = NONE for ADC5_DC1P. (constraint file  c:/Users/i3devmachine/mdom/updates/mdommb_rev1_fw/mDOM_mb_rev1.srcs/sources_1/ip/ADC_SERDES/ADC_SERDES/ADC_SERDES_in_context.xdc, line 3).
Applied set_property CLOCK_BUFFER_TYPE = NONE for ADC5_DC1P. (constraint file  c:/Users/i3devmachine/mdom/updates/mdommb_rev1_fw/mDOM_mb_rev1.srcs/sources_1/ip/ADC_SERDES/ADC_SERDES/ADC_SERDES_in_context.xdc, line 4).
Applied set_property IO_BUFFER_TYPE = NONE for ADC5_DD0M. (constraint file  c:/Users/i3devmachine/mdom/updates/mdommb_rev1_fw/mDOM_mb_rev1.srcs/sources_1/ip/ADC_SERDES/ADC_SERDES/ADC_SERDES_in_context.xdc, line 1).
Applied set_property CLOCK_BUFFER_TYPE = NONE for ADC5_DD0M. (constraint file  c:/Users/i3devmachine/mdom/updates/mdommb_rev1_fw/mDOM_mb_rev1.srcs/sources_1/ip/ADC_SERDES/ADC_SERDES/ADC_SERDES_in_context.xdc, line 2).
Applied set_property IO_BUFFER_TYPE = NONE for ADC5_DD0P. (constraint file  c:/Users/i3devmachine/mdom/updates/mdommb_rev1_fw/mDOM_mb_rev1.srcs/sources_1/ip/ADC_SERDES/ADC_SERDES/ADC_SERDES_in_context.xdc, line 3).
Applied set_property CLOCK_BUFFER_TYPE = NONE for ADC5_DD0P. (constraint file  c:/Users/i3devmachine/mdom/updates/mdommb_rev1_fw/mDOM_mb_rev1.srcs/sources_1/ip/ADC_SERDES/ADC_SERDES/ADC_SERDES_in_context.xdc, line 4).
Applied set_property IO_BUFFER_TYPE = NONE for ADC5_DD1M. (constraint file  c:/Users/i3devmachine/mdom/updates/mdommb_rev1_fw/mDOM_mb_rev1.srcs/sources_1/ip/ADC_SERDES/ADC_SERDES/ADC_SERDES_in_context.xdc, line 1).
Applied set_property CLOCK_BUFFER_TYPE = NONE for ADC5_DD1M. (constraint file  c:/Users/i3devmachine/mdom/updates/mdommb_rev1_fw/mDOM_mb_rev1.srcs/sources_1/ip/ADC_SERDES/ADC_SERDES/ADC_SERDES_in_context.xdc, line 2).
Applied set_property IO_BUFFER_TYPE = NONE for ADC5_DD1P. (constraint file  c:/Users/i3devmachine/mdom/updates/mdommb_rev1_fw/mDOM_mb_rev1.srcs/sources_1/ip/ADC_SERDES/ADC_SERDES/ADC_SERDES_in_context.xdc, line 3).
Applied set_property CLOCK_BUFFER_TYPE = NONE for ADC5_DD1P. (constraint file  c:/Users/i3devmachine/mdom/updates/mdommb_rev1_fw/mDOM_mb_rev1.srcs/sources_1/ip/ADC_SERDES/ADC_SERDES/ADC_SERDES_in_context.xdc, line 4).
Applied set_property IO_BUFFER_TYPE = NONE for DISCR_OUT0. (constraint file  c:/Users/i3devmachine/mdom/updates/mdommb_rev1_fw/mDOM_mb_rev1.srcs/sources_1/ip/DISCR_SERDES/DISCR_SERDES/DISCR_SERDES_in_context.xdc, line 1).
Applied set_property CLOCK_BUFFER_TYPE = NONE for DISCR_OUT0. (constraint file  c:/Users/i3devmachine/mdom/updates/mdommb_rev1_fw/mDOM_mb_rev1.srcs/sources_1/ip/DISCR_SERDES/DISCR_SERDES/DISCR_SERDES_in_context.xdc, line 2).
Applied set_property IO_BUFFER_TYPE = NONE for DISCR_OUT1. (constraint file  c:/Users/i3devmachine/mdom/updates/mdommb_rev1_fw/mDOM_mb_rev1.srcs/sources_1/ip/DISCR_SERDES/DISCR_SERDES/DISCR_SERDES_in_context.xdc, line 1).
Applied set_property CLOCK_BUFFER_TYPE = NONE for DISCR_OUT1. (constraint file  c:/Users/i3devmachine/mdom/updates/mdommb_rev1_fw/mDOM_mb_rev1.srcs/sources_1/ip/DISCR_SERDES/DISCR_SERDES/DISCR_SERDES_in_context.xdc, line 2).
Applied set_property IO_BUFFER_TYPE = NONE for DISCR_OUT2. (constraint file  c:/Users/i3devmachine/mdom/updates/mdommb_rev1_fw/mDOM_mb_rev1.srcs/sources_1/ip/DISCR_SERDES/DISCR_SERDES/DISCR_SERDES_in_context.xdc, line 1).
Applied set_property CLOCK_BUFFER_TYPE = NONE for DISCR_OUT2. (constraint file  c:/Users/i3devmachine/mdom/updates/mdommb_rev1_fw/mDOM_mb_rev1.srcs/sources_1/ip/DISCR_SERDES/DISCR_SERDES/DISCR_SERDES_in_context.xdc, line 2).
Applied set_property IO_BUFFER_TYPE = NONE for DISCR_OUT3. (constraint file  c:/Users/i3devmachine/mdom/updates/mdommb_rev1_fw/mDOM_mb_rev1.srcs/sources_1/ip/DISCR_SERDES/DISCR_SERDES/DISCR_SERDES_in_context.xdc, line 1).
Applied set_property CLOCK_BUFFER_TYPE = NONE for DISCR_OUT3. (constraint file  c:/Users/i3devmachine/mdom/updates/mdommb_rev1_fw/mDOM_mb_rev1.srcs/sources_1/ip/DISCR_SERDES/DISCR_SERDES/DISCR_SERDES_in_context.xdc, line 2).
Applied set_property IO_BUFFER_TYPE = NONE for DISCR_OUT4. (constraint file  c:/Users/i3devmachine/mdom/updates/mdommb_rev1_fw/mDOM_mb_rev1.srcs/sources_1/ip/DISCR_SERDES/DISCR_SERDES/DISCR_SERDES_in_context.xdc, line 1).
Applied set_property CLOCK_BUFFER_TYPE = NONE for DISCR_OUT4. (constraint file  c:/Users/i3devmachine/mdom/updates/mdommb_rev1_fw/mDOM_mb_rev1.srcs/sources_1/ip/DISCR_SERDES/DISCR_SERDES/DISCR_SERDES_in_context.xdc, line 2).
Applied set_property IO_BUFFER_TYPE = NONE for DISCR_OUT5. (constraint file  c:/Users/i3devmachine/mdom/updates/mdommb_rev1_fw/mDOM_mb_rev1.srcs/sources_1/ip/DISCR_SERDES/DISCR_SERDES/DISCR_SERDES_in_context.xdc, line 1).
Applied set_property CLOCK_BUFFER_TYPE = NONE for DISCR_OUT5. (constraint file  c:/Users/i3devmachine/mdom/updates/mdommb_rev1_fw/mDOM_mb_rev1.srcs/sources_1/ip/DISCR_SERDES/DISCR_SERDES/DISCR_SERDES_in_context.xdc, line 2).
Applied set_property IO_BUFFER_TYPE = NONE for DISCR_OUT6. (constraint file  c:/Users/i3devmachine/mdom/updates/mdommb_rev1_fw/mDOM_mb_rev1.srcs/sources_1/ip/DISCR_SERDES/DISCR_SERDES/DISCR_SERDES_in_context.xdc, line 1).
Applied set_property CLOCK_BUFFER_TYPE = NONE for DISCR_OUT6. (constraint file  c:/Users/i3devmachine/mdom/updates/mdommb_rev1_fw/mDOM_mb_rev1.srcs/sources_1/ip/DISCR_SERDES/DISCR_SERDES/DISCR_SERDES_in_context.xdc, line 2).
Applied set_property IO_BUFFER_TYPE = NONE for DISCR_OUT7. (constraint file  c:/Users/i3devmachine/mdom/updates/mdommb_rev1_fw/mDOM_mb_rev1.srcs/sources_1/ip/DISCR_SERDES/DISCR_SERDES/DISCR_SERDES_in_context.xdc, line 1).
Applied set_property CLOCK_BUFFER_TYPE = NONE for DISCR_OUT7. (constraint file  c:/Users/i3devmachine/mdom/updates/mdommb_rev1_fw/mDOM_mb_rev1.srcs/sources_1/ip/DISCR_SERDES/DISCR_SERDES/DISCR_SERDES_in_context.xdc, line 2).
Applied set_property IO_BUFFER_TYPE = NONE for DISCR_OUT8. (constraint file  c:/Users/i3devmachine/mdom/updates/mdommb_rev1_fw/mDOM_mb_rev1.srcs/sources_1/ip/DISCR_SERDES/DISCR_SERDES/DISCR_SERDES_in_context.xdc, line 1).
Applied set_property CLOCK_BUFFER_TYPE = NONE for DISCR_OUT8. (constraint file  c:/Users/i3devmachine/mdom/updates/mdommb_rev1_fw/mDOM_mb_rev1.srcs/sources_1/ip/DISCR_SERDES/DISCR_SERDES/DISCR_SERDES_in_context.xdc, line 2).
Applied set_property IO_BUFFER_TYPE = NONE for DISCR_OUT9. (constraint file  c:/Users/i3devmachine/mdom/updates/mdommb_rev1_fw/mDOM_mb_rev1.srcs/sources_1/ip/DISCR_SERDES/DISCR_SERDES/DISCR_SERDES_in_context.xdc, line 1).
Applied set_property CLOCK_BUFFER_TYPE = NONE for DISCR_OUT9. (constraint file  c:/Users/i3devmachine/mdom/updates/mdommb_rev1_fw/mDOM_mb_rev1.srcs/sources_1/ip/DISCR_SERDES/DISCR_SERDES/DISCR_SERDES_in_context.xdc, line 2).
Applied set_property IO_BUFFER_TYPE = NONE for DISCR_OUT10. (constraint file  c:/Users/i3devmachine/mdom/updates/mdommb_rev1_fw/mDOM_mb_rev1.srcs/sources_1/ip/DISCR_SERDES/DISCR_SERDES/DISCR_SERDES_in_context.xdc, line 1).
Applied set_property CLOCK_BUFFER_TYPE = NONE for DISCR_OUT10. (constraint file  c:/Users/i3devmachine/mdom/updates/mdommb_rev1_fw/mDOM_mb_rev1.srcs/sources_1/ip/DISCR_SERDES/DISCR_SERDES/DISCR_SERDES_in_context.xdc, line 2).
Applied set_property IO_BUFFER_TYPE = NONE for DISCR_OUT11. (constraint file  c:/Users/i3devmachine/mdom/updates/mdommb_rev1_fw/mDOM_mb_rev1.srcs/sources_1/ip/DISCR_SERDES/DISCR_SERDES/DISCR_SERDES_in_context.xdc, line 1).
Applied set_property CLOCK_BUFFER_TYPE = NONE for DISCR_OUT11. (constraint file  c:/Users/i3devmachine/mdom/updates/mdommb_rev1_fw/mDOM_mb_rev1.srcs/sources_1/ip/DISCR_SERDES/DISCR_SERDES/DISCR_SERDES_in_context.xdc, line 2).
Applied set_property IO_BUFFER_TYPE = NONE for DISCR_OUT12. (constraint file  c:/Users/i3devmachine/mdom/updates/mdommb_rev1_fw/mDOM_mb_rev1.srcs/sources_1/ip/DISCR_SERDES/DISCR_SERDES/DISCR_SERDES_in_context.xdc, line 1).
Applied set_property CLOCK_BUFFER_TYPE = NONE for DISCR_OUT12. (constraint file  c:/Users/i3devmachine/mdom/updates/mdommb_rev1_fw/mDOM_mb_rev1.srcs/sources_1/ip/DISCR_SERDES/DISCR_SERDES/DISCR_SERDES_in_context.xdc, line 2).
Applied set_property IO_BUFFER_TYPE = NONE for DISCR_OUT13. (constraint file  c:/Users/i3devmachine/mdom/updates/mdommb_rev1_fw/mDOM_mb_rev1.srcs/sources_1/ip/DISCR_SERDES/DISCR_SERDES/DISCR_SERDES_in_context.xdc, line 1).
Applied set_property CLOCK_BUFFER_TYPE = NONE for DISCR_OUT13. (constraint file  c:/Users/i3devmachine/mdom/updates/mdommb_rev1_fw/mDOM_mb_rev1.srcs/sources_1/ip/DISCR_SERDES/DISCR_SERDES/DISCR_SERDES_in_context.xdc, line 2).
Applied set_property IO_BUFFER_TYPE = NONE for DISCR_OUT14. (constraint file  c:/Users/i3devmachine/mdom/updates/mdommb_rev1_fw/mDOM_mb_rev1.srcs/sources_1/ip/DISCR_SERDES/DISCR_SERDES/DISCR_SERDES_in_context.xdc, line 1).
Applied set_property CLOCK_BUFFER_TYPE = NONE for DISCR_OUT14. (constraint file  c:/Users/i3devmachine/mdom/updates/mdommb_rev1_fw/mDOM_mb_rev1.srcs/sources_1/ip/DISCR_SERDES/DISCR_SERDES/DISCR_SERDES_in_context.xdc, line 2).
Applied set_property IO_BUFFER_TYPE = NONE for DISCR_OUT15. (constraint file  c:/Users/i3devmachine/mdom/updates/mdommb_rev1_fw/mDOM_mb_rev1.srcs/sources_1/ip/DISCR_SERDES/DISCR_SERDES/DISCR_SERDES_in_context.xdc, line 1).
Applied set_property CLOCK_BUFFER_TYPE = NONE for DISCR_OUT15. (constraint file  c:/Users/i3devmachine/mdom/updates/mdommb_rev1_fw/mDOM_mb_rev1.srcs/sources_1/ip/DISCR_SERDES/DISCR_SERDES/DISCR_SERDES_in_context.xdc, line 2).
Applied set_property IO_BUFFER_TYPE = NONE for DISCR_OUT16. (constraint file  c:/Users/i3devmachine/mdom/updates/mdommb_rev1_fw/mDOM_mb_rev1.srcs/sources_1/ip/DISCR_SERDES/DISCR_SERDES/DISCR_SERDES_in_context.xdc, line 1).
Applied set_property CLOCK_BUFFER_TYPE = NONE for DISCR_OUT16. (constraint file  c:/Users/i3devmachine/mdom/updates/mdommb_rev1_fw/mDOM_mb_rev1.srcs/sources_1/ip/DISCR_SERDES/DISCR_SERDES/DISCR_SERDES_in_context.xdc, line 2).
Applied set_property IO_BUFFER_TYPE = NONE for DISCR_OUT17. (constraint file  c:/Users/i3devmachine/mdom/updates/mdommb_rev1_fw/mDOM_mb_rev1.srcs/sources_1/ip/DISCR_SERDES/DISCR_SERDES/DISCR_SERDES_in_context.xdc, line 1).
Applied set_property CLOCK_BUFFER_TYPE = NONE for DISCR_OUT17. (constraint file  c:/Users/i3devmachine/mdom/updates/mdommb_rev1_fw/mDOM_mb_rev1.srcs/sources_1/ip/DISCR_SERDES/DISCR_SERDES/DISCR_SERDES_in_context.xdc, line 2).
Applied set_property IO_BUFFER_TYPE = NONE for DISCR_OUT18. (constraint file  c:/Users/i3devmachine/mdom/updates/mdommb_rev1_fw/mDOM_mb_rev1.srcs/sources_1/ip/DISCR_SERDES/DISCR_SERDES/DISCR_SERDES_in_context.xdc, line 1).
Applied set_property CLOCK_BUFFER_TYPE = NONE for DISCR_OUT18. (constraint file  c:/Users/i3devmachine/mdom/updates/mdommb_rev1_fw/mDOM_mb_rev1.srcs/sources_1/ip/DISCR_SERDES/DISCR_SERDES/DISCR_SERDES_in_context.xdc, line 2).
Applied set_property IO_BUFFER_TYPE = NONE for DISCR_OUT19. (constraint file  c:/Users/i3devmachine/mdom/updates/mdommb_rev1_fw/mDOM_mb_rev1.srcs/sources_1/ip/DISCR_SERDES/DISCR_SERDES/DISCR_SERDES_in_context.xdc, line 1).
Applied set_property CLOCK_BUFFER_TYPE = NONE for DISCR_OUT19. (constraint file  c:/Users/i3devmachine/mdom/updates/mdommb_rev1_fw/mDOM_mb_rev1.srcs/sources_1/ip/DISCR_SERDES/DISCR_SERDES/DISCR_SERDES_in_context.xdc, line 2).
Applied set_property IO_BUFFER_TYPE = NONE for DISCR_OUT20. (constraint file  c:/Users/i3devmachine/mdom/updates/mdommb_rev1_fw/mDOM_mb_rev1.srcs/sources_1/ip/DISCR_SERDES/DISCR_SERDES/DISCR_SERDES_in_context.xdc, line 1).
Applied set_property CLOCK_BUFFER_TYPE = NONE for DISCR_OUT20. (constraint file  c:/Users/i3devmachine/mdom/updates/mdommb_rev1_fw/mDOM_mb_rev1.srcs/sources_1/ip/DISCR_SERDES/DISCR_SERDES/DISCR_SERDES_in_context.xdc, line 2).
Applied set_property IO_BUFFER_TYPE = NONE for DISCR_OUT21. (constraint file  c:/Users/i3devmachine/mdom/updates/mdommb_rev1_fw/mDOM_mb_rev1.srcs/sources_1/ip/DISCR_SERDES/DISCR_SERDES/DISCR_SERDES_in_context.xdc, line 1).
Applied set_property CLOCK_BUFFER_TYPE = NONE for DISCR_OUT21. (constraint file  c:/Users/i3devmachine/mdom/updates/mdommb_rev1_fw/mDOM_mb_rev1.srcs/sources_1/ip/DISCR_SERDES/DISCR_SERDES/DISCR_SERDES_in_context.xdc, line 2).
Applied set_property IO_BUFFER_TYPE = NONE for DISCR_OUT22. (constraint file  c:/Users/i3devmachine/mdom/updates/mdommb_rev1_fw/mDOM_mb_rev1.srcs/sources_1/ip/DISCR_SERDES/DISCR_SERDES/DISCR_SERDES_in_context.xdc, line 1).
Applied set_property CLOCK_BUFFER_TYPE = NONE for DISCR_OUT22. (constraint file  c:/Users/i3devmachine/mdom/updates/mdommb_rev1_fw/mDOM_mb_rev1.srcs/sources_1/ip/DISCR_SERDES/DISCR_SERDES/DISCR_SERDES_in_context.xdc, line 2).
Applied set_property IO_BUFFER_TYPE = NONE for DISCR_OUT23. (constraint file  c:/Users/i3devmachine/mdom/updates/mdommb_rev1_fw/mDOM_mb_rev1.srcs/sources_1/ip/DISCR_SERDES/DISCR_SERDES/DISCR_SERDES_in_context.xdc, line 1).
Applied set_property CLOCK_BUFFER_TYPE = NONE for DISCR_OUT23. (constraint file  c:/Users/i3devmachine/mdom/updates/mdommb_rev1_fw/mDOM_mb_rev1.srcs/sources_1/ip/DISCR_SERDES/DISCR_SERDES/DISCR_SERDES_in_context.xdc, line 2).
Applied set_property IO_BUFFER_TYPE = NONE for AFE0_TPR. (constraint file  c:/Users/i3devmachine/mdom/updates/mdommb_rev1_fw/mDOM_mb_rev1.srcs/sources_1/ip/AFE_PULSER_OUTPUT/AFE_PULSER_OUTPUT/AFE_PULSER_OUTPUT_in_context.xdc, line 1).
Applied set_property CLOCK_BUFFER_TYPE = NONE for AFE0_TPR. (constraint file  c:/Users/i3devmachine/mdom/updates/mdommb_rev1_fw/mDOM_mb_rev1.srcs/sources_1/ip/AFE_PULSER_OUTPUT/AFE_PULSER_OUTPUT/AFE_PULSER_OUTPUT_in_context.xdc, line 2).
Applied set_property IO_BUFFER_TYPE = NONE for AFE1_TPR. (constraint file  c:/Users/i3devmachine/mdom/updates/mdommb_rev1_fw/mDOM_mb_rev1.srcs/sources_1/ip/AFE_PULSER_OUTPUT/AFE_PULSER_OUTPUT/AFE_PULSER_OUTPUT_in_context.xdc, line 1).
Applied set_property CLOCK_BUFFER_TYPE = NONE for AFE1_TPR. (constraint file  c:/Users/i3devmachine/mdom/updates/mdommb_rev1_fw/mDOM_mb_rev1.srcs/sources_1/ip/AFE_PULSER_OUTPUT/AFE_PULSER_OUTPUT/AFE_PULSER_OUTPUT_in_context.xdc, line 2).
Applied set_property IO_BUFFER_TYPE = NONE for AFE2_TPR. (constraint file  c:/Users/i3devmachine/mdom/updates/mdommb_rev1_fw/mDOM_mb_rev1.srcs/sources_1/ip/AFE_PULSER_OUTPUT/AFE_PULSER_OUTPUT/AFE_PULSER_OUTPUT_in_context.xdc, line 1).
Applied set_property CLOCK_BUFFER_TYPE = NONE for AFE2_TPR. (constraint file  c:/Users/i3devmachine/mdom/updates/mdommb_rev1_fw/mDOM_mb_rev1.srcs/sources_1/ip/AFE_PULSER_OUTPUT/AFE_PULSER_OUTPUT/AFE_PULSER_OUTPUT_in_context.xdc, line 2).
Applied set_property IO_BUFFER_TYPE = NONE for AFE3_TPR. (constraint file  c:/Users/i3devmachine/mdom/updates/mdommb_rev1_fw/mDOM_mb_rev1.srcs/sources_1/ip/AFE_PULSER_OUTPUT/AFE_PULSER_OUTPUT/AFE_PULSER_OUTPUT_in_context.xdc, line 1).
Applied set_property CLOCK_BUFFER_TYPE = NONE for AFE3_TPR. (constraint file  c:/Users/i3devmachine/mdom/updates/mdommb_rev1_fw/mDOM_mb_rev1.srcs/sources_1/ip/AFE_PULSER_OUTPUT/AFE_PULSER_OUTPUT/AFE_PULSER_OUTPUT_in_context.xdc, line 2).
Applied set_property IO_BUFFER_TYPE = NONE for AFE4_TPR. (constraint file  c:/Users/i3devmachine/mdom/updates/mdommb_rev1_fw/mDOM_mb_rev1.srcs/sources_1/ip/AFE_PULSER_OUTPUT/AFE_PULSER_OUTPUT/AFE_PULSER_OUTPUT_in_context.xdc, line 1).
Applied set_property CLOCK_BUFFER_TYPE = NONE for AFE4_TPR. (constraint file  c:/Users/i3devmachine/mdom/updates/mdommb_rev1_fw/mDOM_mb_rev1.srcs/sources_1/ip/AFE_PULSER_OUTPUT/AFE_PULSER_OUTPUT/AFE_PULSER_OUTPUT_in_context.xdc, line 2).
Applied set_property IO_BUFFER_TYPE = NONE for AFE5_TPR. (constraint file  c:/Users/i3devmachine/mdom/updates/mdommb_rev1_fw/mDOM_mb_rev1.srcs/sources_1/ip/AFE_PULSER_OUTPUT/AFE_PULSER_OUTPUT/AFE_PULSER_OUTPUT_in_context.xdc, line 1).
Applied set_property CLOCK_BUFFER_TYPE = NONE for AFE5_TPR. (constraint file  c:/Users/i3devmachine/mdom/updates/mdommb_rev1_fw/mDOM_mb_rev1.srcs/sources_1/ip/AFE_PULSER_OUTPUT/AFE_PULSER_OUTPUT/AFE_PULSER_OUTPUT_in_context.xdc, line 2).
Applied set_property IO_BUFFER_TYPE = NONE for ddr3_addr[0]. (constraint file  c:/Users/i3devmachine/mdom/updates/mdommb_rev1_fw/mDOM_mb_rev1.srcs/sources_1/ip/mig_7series_0/mig_7series_0/mig_7series_0_in_context.xdc, line 2).
Applied set_property CLOCK_BUFFER_TYPE = NONE for ddr3_addr[0]. (constraint file  c:/Users/i3devmachine/mdom/updates/mdommb_rev1_fw/mDOM_mb_rev1.srcs/sources_1/ip/mig_7series_0/mig_7series_0/mig_7series_0_in_context.xdc, line 3).
Applied set_property IO_BUFFER_TYPE = NONE for ddr3_addr[10]. (constraint file  c:/Users/i3devmachine/mdom/updates/mdommb_rev1_fw/mDOM_mb_rev1.srcs/sources_1/ip/mig_7series_0/mig_7series_0/mig_7series_0_in_context.xdc, line 4).
Applied set_property CLOCK_BUFFER_TYPE = NONE for ddr3_addr[10]. (constraint file  c:/Users/i3devmachine/mdom/updates/mdommb_rev1_fw/mDOM_mb_rev1.srcs/sources_1/ip/mig_7series_0/mig_7series_0/mig_7series_0_in_context.xdc, line 5).
Applied set_property IO_BUFFER_TYPE = NONE for ddr3_addr[11]. (constraint file  c:/Users/i3devmachine/mdom/updates/mdommb_rev1_fw/mDOM_mb_rev1.srcs/sources_1/ip/mig_7series_0/mig_7series_0/mig_7series_0_in_context.xdc, line 6).
Applied set_property CLOCK_BUFFER_TYPE = NONE for ddr3_addr[11]. (constraint file  c:/Users/i3devmachine/mdom/updates/mdommb_rev1_fw/mDOM_mb_rev1.srcs/sources_1/ip/mig_7series_0/mig_7series_0/mig_7series_0_in_context.xdc, line 7).
Applied set_property IO_BUFFER_TYPE = NONE for ddr3_addr[12]. (constraint file  c:/Users/i3devmachine/mdom/updates/mdommb_rev1_fw/mDOM_mb_rev1.srcs/sources_1/ip/mig_7series_0/mig_7series_0/mig_7series_0_in_context.xdc, line 8).
Applied set_property CLOCK_BUFFER_TYPE = NONE for ddr3_addr[12]. (constraint file  c:/Users/i3devmachine/mdom/updates/mdommb_rev1_fw/mDOM_mb_rev1.srcs/sources_1/ip/mig_7series_0/mig_7series_0/mig_7series_0_in_context.xdc, line 9).
Applied set_property IO_BUFFER_TYPE = NONE for ddr3_addr[13]. (constraint file  c:/Users/i3devmachine/mdom/updates/mdommb_rev1_fw/mDOM_mb_rev1.srcs/sources_1/ip/mig_7series_0/mig_7series_0/mig_7series_0_in_context.xdc, line 10).
Applied set_property CLOCK_BUFFER_TYPE = NONE for ddr3_addr[13]. (constraint file  c:/Users/i3devmachine/mdom/updates/mdommb_rev1_fw/mDOM_mb_rev1.srcs/sources_1/ip/mig_7series_0/mig_7series_0/mig_7series_0_in_context.xdc, line 11).
Applied set_property IO_BUFFER_TYPE = NONE for ddr3_addr[1]. (constraint file  c:/Users/i3devmachine/mdom/updates/mdommb_rev1_fw/mDOM_mb_rev1.srcs/sources_1/ip/mig_7series_0/mig_7series_0/mig_7series_0_in_context.xdc, line 12).
Applied set_property CLOCK_BUFFER_TYPE = NONE for ddr3_addr[1]. (constraint file  c:/Users/i3devmachine/mdom/updates/mdommb_rev1_fw/mDOM_mb_rev1.srcs/sources_1/ip/mig_7series_0/mig_7series_0/mig_7series_0_in_context.xdc, line 13).
Applied set_property IO_BUFFER_TYPE = NONE for ddr3_addr[2]. (constraint file  c:/Users/i3devmachine/mdom/updates/mdommb_rev1_fw/mDOM_mb_rev1.srcs/sources_1/ip/mig_7series_0/mig_7series_0/mig_7series_0_in_context.xdc, line 14).
Applied set_property CLOCK_BUFFER_TYPE = NONE for ddr3_addr[2]. (constraint file  c:/Users/i3devmachine/mdom/updates/mdommb_rev1_fw/mDOM_mb_rev1.srcs/sources_1/ip/mig_7series_0/mig_7series_0/mig_7series_0_in_context.xdc, line 15).
Applied set_property IO_BUFFER_TYPE = NONE for ddr3_addr[3]. (constraint file  c:/Users/i3devmachine/mdom/updates/mdommb_rev1_fw/mDOM_mb_rev1.srcs/sources_1/ip/mig_7series_0/mig_7series_0/mig_7series_0_in_context.xdc, line 16).
Applied set_property CLOCK_BUFFER_TYPE = NONE for ddr3_addr[3]. (constraint file  c:/Users/i3devmachine/mdom/updates/mdommb_rev1_fw/mDOM_mb_rev1.srcs/sources_1/ip/mig_7series_0/mig_7series_0/mig_7series_0_in_context.xdc, line 17).
Applied set_property IO_BUFFER_TYPE = NONE for ddr3_addr[4]. (constraint file  c:/Users/i3devmachine/mdom/updates/mdommb_rev1_fw/mDOM_mb_rev1.srcs/sources_1/ip/mig_7series_0/mig_7series_0/mig_7series_0_in_context.xdc, line 18).
Applied set_property CLOCK_BUFFER_TYPE = NONE for ddr3_addr[4]. (constraint file  c:/Users/i3devmachine/mdom/updates/mdommb_rev1_fw/mDOM_mb_rev1.srcs/sources_1/ip/mig_7series_0/mig_7series_0/mig_7series_0_in_context.xdc, line 19).
Applied set_property IO_BUFFER_TYPE = NONE for ddr3_addr[5]. (constraint file  c:/Users/i3devmachine/mdom/updates/mdommb_rev1_fw/mDOM_mb_rev1.srcs/sources_1/ip/mig_7series_0/mig_7series_0/mig_7series_0_in_context.xdc, line 20).
Applied set_property CLOCK_BUFFER_TYPE = NONE for ddr3_addr[5]. (constraint file  c:/Users/i3devmachine/mdom/updates/mdommb_rev1_fw/mDOM_mb_rev1.srcs/sources_1/ip/mig_7series_0/mig_7series_0/mig_7series_0_in_context.xdc, line 21).
Applied set_property IO_BUFFER_TYPE = NONE for ddr3_addr[6]. (constraint file  c:/Users/i3devmachine/mdom/updates/mdommb_rev1_fw/mDOM_mb_rev1.srcs/sources_1/ip/mig_7series_0/mig_7series_0/mig_7series_0_in_context.xdc, line 22).
Applied set_property CLOCK_BUFFER_TYPE = NONE for ddr3_addr[6]. (constraint file  c:/Users/i3devmachine/mdom/updates/mdommb_rev1_fw/mDOM_mb_rev1.srcs/sources_1/ip/mig_7series_0/mig_7series_0/mig_7series_0_in_context.xdc, line 23).
Applied set_property IO_BUFFER_TYPE = NONE for ddr3_addr[7]. (constraint file  c:/Users/i3devmachine/mdom/updates/mdommb_rev1_fw/mDOM_mb_rev1.srcs/sources_1/ip/mig_7series_0/mig_7series_0/mig_7series_0_in_context.xdc, line 24).
Applied set_property CLOCK_BUFFER_TYPE = NONE for ddr3_addr[7]. (constraint file  c:/Users/i3devmachine/mdom/updates/mdommb_rev1_fw/mDOM_mb_rev1.srcs/sources_1/ip/mig_7series_0/mig_7series_0/mig_7series_0_in_context.xdc, line 25).
Applied set_property IO_BUFFER_TYPE = NONE for ddr3_addr[8]. (constraint file  c:/Users/i3devmachine/mdom/updates/mdommb_rev1_fw/mDOM_mb_rev1.srcs/sources_1/ip/mig_7series_0/mig_7series_0/mig_7series_0_in_context.xdc, line 26).
Applied set_property CLOCK_BUFFER_TYPE = NONE for ddr3_addr[8]. (constraint file  c:/Users/i3devmachine/mdom/updates/mdommb_rev1_fw/mDOM_mb_rev1.srcs/sources_1/ip/mig_7series_0/mig_7series_0/mig_7series_0_in_context.xdc, line 27).
Applied set_property IO_BUFFER_TYPE = NONE for ddr3_addr[9]. (constraint file  c:/Users/i3devmachine/mdom/updates/mdommb_rev1_fw/mDOM_mb_rev1.srcs/sources_1/ip/mig_7series_0/mig_7series_0/mig_7series_0_in_context.xdc, line 28).
Applied set_property CLOCK_BUFFER_TYPE = NONE for ddr3_addr[9]. (constraint file  c:/Users/i3devmachine/mdom/updates/mdommb_rev1_fw/mDOM_mb_rev1.srcs/sources_1/ip/mig_7series_0/mig_7series_0/mig_7series_0_in_context.xdc, line 29).
Applied set_property IO_BUFFER_TYPE = NONE for ddr3_ba[0]. (constraint file  c:/Users/i3devmachine/mdom/updates/mdommb_rev1_fw/mDOM_mb_rev1.srcs/sources_1/ip/mig_7series_0/mig_7series_0/mig_7series_0_in_context.xdc, line 30).
Applied set_property CLOCK_BUFFER_TYPE = NONE for ddr3_ba[0]. (constraint file  c:/Users/i3devmachine/mdom/updates/mdommb_rev1_fw/mDOM_mb_rev1.srcs/sources_1/ip/mig_7series_0/mig_7series_0/mig_7series_0_in_context.xdc, line 31).
Applied set_property IO_BUFFER_TYPE = NONE for ddr3_ba[1]. (constraint file  c:/Users/i3devmachine/mdom/updates/mdommb_rev1_fw/mDOM_mb_rev1.srcs/sources_1/ip/mig_7series_0/mig_7series_0/mig_7series_0_in_context.xdc, line 32).
Applied set_property CLOCK_BUFFER_TYPE = NONE for ddr3_ba[1]. (constraint file  c:/Users/i3devmachine/mdom/updates/mdommb_rev1_fw/mDOM_mb_rev1.srcs/sources_1/ip/mig_7series_0/mig_7series_0/mig_7series_0_in_context.xdc, line 33).
Applied set_property IO_BUFFER_TYPE = NONE for ddr3_ba[2]. (constraint file  c:/Users/i3devmachine/mdom/updates/mdommb_rev1_fw/mDOM_mb_rev1.srcs/sources_1/ip/mig_7series_0/mig_7series_0/mig_7series_0_in_context.xdc, line 34).
Applied set_property CLOCK_BUFFER_TYPE = NONE for ddr3_ba[2]. (constraint file  c:/Users/i3devmachine/mdom/updates/mdommb_rev1_fw/mDOM_mb_rev1.srcs/sources_1/ip/mig_7series_0/mig_7series_0/mig_7series_0_in_context.xdc, line 35).
Applied set_property IO_BUFFER_TYPE = NONE for ddr3_cas_n. (constraint file  c:/Users/i3devmachine/mdom/updates/mdommb_rev1_fw/mDOM_mb_rev1.srcs/sources_1/ip/mig_7series_0/mig_7series_0/mig_7series_0_in_context.xdc, line 36).
Applied set_property CLOCK_BUFFER_TYPE = NONE for ddr3_cas_n. (constraint file  c:/Users/i3devmachine/mdom/updates/mdommb_rev1_fw/mDOM_mb_rev1.srcs/sources_1/ip/mig_7series_0/mig_7series_0/mig_7series_0_in_context.xdc, line 37).
Applied set_property IO_BUFFER_TYPE = NONE for ddr3_ck_n[0]. (constraint file  c:/Users/i3devmachine/mdom/updates/mdommb_rev1_fw/mDOM_mb_rev1.srcs/sources_1/ip/mig_7series_0/mig_7series_0/mig_7series_0_in_context.xdc, line 38).
Applied set_property CLOCK_BUFFER_TYPE = NONE for ddr3_ck_n[0]. (constraint file  c:/Users/i3devmachine/mdom/updates/mdommb_rev1_fw/mDOM_mb_rev1.srcs/sources_1/ip/mig_7series_0/mig_7series_0/mig_7series_0_in_context.xdc, line 39).
Applied set_property IO_BUFFER_TYPE = NONE for ddr3_ck_p[0]. (constraint file  c:/Users/i3devmachine/mdom/updates/mdommb_rev1_fw/mDOM_mb_rev1.srcs/sources_1/ip/mig_7series_0/mig_7series_0/mig_7series_0_in_context.xdc, line 40).
Applied set_property CLOCK_BUFFER_TYPE = NONE for ddr3_ck_p[0]. (constraint file  c:/Users/i3devmachine/mdom/updates/mdommb_rev1_fw/mDOM_mb_rev1.srcs/sources_1/ip/mig_7series_0/mig_7series_0/mig_7series_0_in_context.xdc, line 41).
Applied set_property IO_BUFFER_TYPE = NONE for ddr3_cke[0]. (constraint file  c:/Users/i3devmachine/mdom/updates/mdommb_rev1_fw/mDOM_mb_rev1.srcs/sources_1/ip/mig_7series_0/mig_7series_0/mig_7series_0_in_context.xdc, line 42).
Applied set_property CLOCK_BUFFER_TYPE = NONE for ddr3_cke[0]. (constraint file  c:/Users/i3devmachine/mdom/updates/mdommb_rev1_fw/mDOM_mb_rev1.srcs/sources_1/ip/mig_7series_0/mig_7series_0/mig_7series_0_in_context.xdc, line 43).
Applied set_property IO_BUFFER_TYPE = NONE for ddr3_cs_n[0]. (constraint file  c:/Users/i3devmachine/mdom/updates/mdommb_rev1_fw/mDOM_mb_rev1.srcs/sources_1/ip/mig_7series_0/mig_7series_0/mig_7series_0_in_context.xdc, line 44).
Applied set_property CLOCK_BUFFER_TYPE = NONE for ddr3_cs_n[0]. (constraint file  c:/Users/i3devmachine/mdom/updates/mdommb_rev1_fw/mDOM_mb_rev1.srcs/sources_1/ip/mig_7series_0/mig_7series_0/mig_7series_0_in_context.xdc, line 45).
Applied set_property IO_BUFFER_TYPE = NONE for ddr3_dm[0]. (constraint file  c:/Users/i3devmachine/mdom/updates/mdommb_rev1_fw/mDOM_mb_rev1.srcs/sources_1/ip/mig_7series_0/mig_7series_0/mig_7series_0_in_context.xdc, line 46).
Applied set_property CLOCK_BUFFER_TYPE = NONE for ddr3_dm[0]. (constraint file  c:/Users/i3devmachine/mdom/updates/mdommb_rev1_fw/mDOM_mb_rev1.srcs/sources_1/ip/mig_7series_0/mig_7series_0/mig_7series_0_in_context.xdc, line 47).
Applied set_property IO_BUFFER_TYPE = NONE for ddr3_dm[1]. (constraint file  c:/Users/i3devmachine/mdom/updates/mdommb_rev1_fw/mDOM_mb_rev1.srcs/sources_1/ip/mig_7series_0/mig_7series_0/mig_7series_0_in_context.xdc, line 48).
Applied set_property CLOCK_BUFFER_TYPE = NONE for ddr3_dm[1]. (constraint file  c:/Users/i3devmachine/mdom/updates/mdommb_rev1_fw/mDOM_mb_rev1.srcs/sources_1/ip/mig_7series_0/mig_7series_0/mig_7series_0_in_context.xdc, line 49).
Applied set_property IO_BUFFER_TYPE = NONE for ddr3_dq[0]. (constraint file  c:/Users/i3devmachine/mdom/updates/mdommb_rev1_fw/mDOM_mb_rev1.srcs/sources_1/ip/mig_7series_0/mig_7series_0/mig_7series_0_in_context.xdc, line 50).
Applied set_property CLOCK_BUFFER_TYPE = NONE for ddr3_dq[0]. (constraint file  c:/Users/i3devmachine/mdom/updates/mdommb_rev1_fw/mDOM_mb_rev1.srcs/sources_1/ip/mig_7series_0/mig_7series_0/mig_7series_0_in_context.xdc, line 51).
Applied set_property IO_BUFFER_TYPE = NONE for ddr3_dq[10]. (constraint file  c:/Users/i3devmachine/mdom/updates/mdommb_rev1_fw/mDOM_mb_rev1.srcs/sources_1/ip/mig_7series_0/mig_7series_0/mig_7series_0_in_context.xdc, line 52).
Applied set_property CLOCK_BUFFER_TYPE = NONE for ddr3_dq[10]. (constraint file  c:/Users/i3devmachine/mdom/updates/mdommb_rev1_fw/mDOM_mb_rev1.srcs/sources_1/ip/mig_7series_0/mig_7series_0/mig_7series_0_in_context.xdc, line 53).
Applied set_property IO_BUFFER_TYPE = NONE for ddr3_dq[11]. (constraint file  c:/Users/i3devmachine/mdom/updates/mdommb_rev1_fw/mDOM_mb_rev1.srcs/sources_1/ip/mig_7series_0/mig_7series_0/mig_7series_0_in_context.xdc, line 54).
Applied set_property CLOCK_BUFFER_TYPE = NONE for ddr3_dq[11]. (constraint file  c:/Users/i3devmachine/mdom/updates/mdommb_rev1_fw/mDOM_mb_rev1.srcs/sources_1/ip/mig_7series_0/mig_7series_0/mig_7series_0_in_context.xdc, line 55).
Applied set_property IO_BUFFER_TYPE = NONE for ddr3_dq[12]. (constraint file  c:/Users/i3devmachine/mdom/updates/mdommb_rev1_fw/mDOM_mb_rev1.srcs/sources_1/ip/mig_7series_0/mig_7series_0/mig_7series_0_in_context.xdc, line 56).
Applied set_property CLOCK_BUFFER_TYPE = NONE for ddr3_dq[12]. (constraint file  c:/Users/i3devmachine/mdom/updates/mdommb_rev1_fw/mDOM_mb_rev1.srcs/sources_1/ip/mig_7series_0/mig_7series_0/mig_7series_0_in_context.xdc, line 57).
Applied set_property IO_BUFFER_TYPE = NONE for ddr3_dq[13]. (constraint file  c:/Users/i3devmachine/mdom/updates/mdommb_rev1_fw/mDOM_mb_rev1.srcs/sources_1/ip/mig_7series_0/mig_7series_0/mig_7series_0_in_context.xdc, line 58).
Applied set_property CLOCK_BUFFER_TYPE = NONE for ddr3_dq[13]. (constraint file  c:/Users/i3devmachine/mdom/updates/mdommb_rev1_fw/mDOM_mb_rev1.srcs/sources_1/ip/mig_7series_0/mig_7series_0/mig_7series_0_in_context.xdc, line 59).
Applied set_property IO_BUFFER_TYPE = NONE for ddr3_dq[14]. (constraint file  c:/Users/i3devmachine/mdom/updates/mdommb_rev1_fw/mDOM_mb_rev1.srcs/sources_1/ip/mig_7series_0/mig_7series_0/mig_7series_0_in_context.xdc, line 60).
Applied set_property CLOCK_BUFFER_TYPE = NONE for ddr3_dq[14]. (constraint file  c:/Users/i3devmachine/mdom/updates/mdommb_rev1_fw/mDOM_mb_rev1.srcs/sources_1/ip/mig_7series_0/mig_7series_0/mig_7series_0_in_context.xdc, line 61).
Applied set_property IO_BUFFER_TYPE = NONE for ddr3_dq[15]. (constraint file  c:/Users/i3devmachine/mdom/updates/mdommb_rev1_fw/mDOM_mb_rev1.srcs/sources_1/ip/mig_7series_0/mig_7series_0/mig_7series_0_in_context.xdc, line 62).
Applied set_property CLOCK_BUFFER_TYPE = NONE for ddr3_dq[15]. (constraint file  c:/Users/i3devmachine/mdom/updates/mdommb_rev1_fw/mDOM_mb_rev1.srcs/sources_1/ip/mig_7series_0/mig_7series_0/mig_7series_0_in_context.xdc, line 63).
Applied set_property IO_BUFFER_TYPE = NONE for ddr3_dq[1]. (constraint file  c:/Users/i3devmachine/mdom/updates/mdommb_rev1_fw/mDOM_mb_rev1.srcs/sources_1/ip/mig_7series_0/mig_7series_0/mig_7series_0_in_context.xdc, line 64).
Applied set_property CLOCK_BUFFER_TYPE = NONE for ddr3_dq[1]. (constraint file  c:/Users/i3devmachine/mdom/updates/mdommb_rev1_fw/mDOM_mb_rev1.srcs/sources_1/ip/mig_7series_0/mig_7series_0/mig_7series_0_in_context.xdc, line 65).
Applied set_property IO_BUFFER_TYPE = NONE for ddr3_dq[2]. (constraint file  c:/Users/i3devmachine/mdom/updates/mdommb_rev1_fw/mDOM_mb_rev1.srcs/sources_1/ip/mig_7series_0/mig_7series_0/mig_7series_0_in_context.xdc, line 66).
Applied set_property CLOCK_BUFFER_TYPE = NONE for ddr3_dq[2]. (constraint file  c:/Users/i3devmachine/mdom/updates/mdommb_rev1_fw/mDOM_mb_rev1.srcs/sources_1/ip/mig_7series_0/mig_7series_0/mig_7series_0_in_context.xdc, line 67).
Applied set_property IO_BUFFER_TYPE = NONE for ddr3_dq[3]. (constraint file  c:/Users/i3devmachine/mdom/updates/mdommb_rev1_fw/mDOM_mb_rev1.srcs/sources_1/ip/mig_7series_0/mig_7series_0/mig_7series_0_in_context.xdc, line 68).
Applied set_property CLOCK_BUFFER_TYPE = NONE for ddr3_dq[3]. (constraint file  c:/Users/i3devmachine/mdom/updates/mdommb_rev1_fw/mDOM_mb_rev1.srcs/sources_1/ip/mig_7series_0/mig_7series_0/mig_7series_0_in_context.xdc, line 69).
Applied set_property IO_BUFFER_TYPE = NONE for ddr3_dq[4]. (constraint file  c:/Users/i3devmachine/mdom/updates/mdommb_rev1_fw/mDOM_mb_rev1.srcs/sources_1/ip/mig_7series_0/mig_7series_0/mig_7series_0_in_context.xdc, line 70).
Applied set_property CLOCK_BUFFER_TYPE = NONE for ddr3_dq[4]. (constraint file  c:/Users/i3devmachine/mdom/updates/mdommb_rev1_fw/mDOM_mb_rev1.srcs/sources_1/ip/mig_7series_0/mig_7series_0/mig_7series_0_in_context.xdc, line 71).
Applied set_property IO_BUFFER_TYPE = NONE for ddr3_dq[5]. (constraint file  c:/Users/i3devmachine/mdom/updates/mdommb_rev1_fw/mDOM_mb_rev1.srcs/sources_1/ip/mig_7series_0/mig_7series_0/mig_7series_0_in_context.xdc, line 72).
Applied set_property CLOCK_BUFFER_TYPE = NONE for ddr3_dq[5]. (constraint file  c:/Users/i3devmachine/mdom/updates/mdommb_rev1_fw/mDOM_mb_rev1.srcs/sources_1/ip/mig_7series_0/mig_7series_0/mig_7series_0_in_context.xdc, line 73).
Applied set_property IO_BUFFER_TYPE = NONE for ddr3_dq[6]. (constraint file  c:/Users/i3devmachine/mdom/updates/mdommb_rev1_fw/mDOM_mb_rev1.srcs/sources_1/ip/mig_7series_0/mig_7series_0/mig_7series_0_in_context.xdc, line 74).
Applied set_property CLOCK_BUFFER_TYPE = NONE for ddr3_dq[6]. (constraint file  c:/Users/i3devmachine/mdom/updates/mdommb_rev1_fw/mDOM_mb_rev1.srcs/sources_1/ip/mig_7series_0/mig_7series_0/mig_7series_0_in_context.xdc, line 75).
Applied set_property IO_BUFFER_TYPE = NONE for ddr3_dq[7]. (constraint file  c:/Users/i3devmachine/mdom/updates/mdommb_rev1_fw/mDOM_mb_rev1.srcs/sources_1/ip/mig_7series_0/mig_7series_0/mig_7series_0_in_context.xdc, line 76).
Applied set_property CLOCK_BUFFER_TYPE = NONE for ddr3_dq[7]. (constraint file  c:/Users/i3devmachine/mdom/updates/mdommb_rev1_fw/mDOM_mb_rev1.srcs/sources_1/ip/mig_7series_0/mig_7series_0/mig_7series_0_in_context.xdc, line 77).
Applied set_property IO_BUFFER_TYPE = NONE for ddr3_dq[8]. (constraint file  c:/Users/i3devmachine/mdom/updates/mdommb_rev1_fw/mDOM_mb_rev1.srcs/sources_1/ip/mig_7series_0/mig_7series_0/mig_7series_0_in_context.xdc, line 78).
Applied set_property CLOCK_BUFFER_TYPE = NONE for ddr3_dq[8]. (constraint file  c:/Users/i3devmachine/mdom/updates/mdommb_rev1_fw/mDOM_mb_rev1.srcs/sources_1/ip/mig_7series_0/mig_7series_0/mig_7series_0_in_context.xdc, line 79).
Applied set_property IO_BUFFER_TYPE = NONE for ddr3_dq[9]. (constraint file  c:/Users/i3devmachine/mdom/updates/mdommb_rev1_fw/mDOM_mb_rev1.srcs/sources_1/ip/mig_7series_0/mig_7series_0/mig_7series_0_in_context.xdc, line 80).
Applied set_property CLOCK_BUFFER_TYPE = NONE for ddr3_dq[9]. (constraint file  c:/Users/i3devmachine/mdom/updates/mdommb_rev1_fw/mDOM_mb_rev1.srcs/sources_1/ip/mig_7series_0/mig_7series_0/mig_7series_0_in_context.xdc, line 81).
Applied set_property IO_BUFFER_TYPE = NONE for ddr3_dqs_n[0]. (constraint file  c:/Users/i3devmachine/mdom/updates/mdommb_rev1_fw/mDOM_mb_rev1.srcs/sources_1/ip/mig_7series_0/mig_7series_0/mig_7series_0_in_context.xdc, line 82).
Applied set_property CLOCK_BUFFER_TYPE = NONE for ddr3_dqs_n[0]. (constraint file  c:/Users/i3devmachine/mdom/updates/mdommb_rev1_fw/mDOM_mb_rev1.srcs/sources_1/ip/mig_7series_0/mig_7series_0/mig_7series_0_in_context.xdc, line 83).
Applied set_property IO_BUFFER_TYPE = NONE for ddr3_dqs_n[1]. (constraint file  c:/Users/i3devmachine/mdom/updates/mdommb_rev1_fw/mDOM_mb_rev1.srcs/sources_1/ip/mig_7series_0/mig_7series_0/mig_7series_0_in_context.xdc, line 84).
Applied set_property CLOCK_BUFFER_TYPE = NONE for ddr3_dqs_n[1]. (constraint file  c:/Users/i3devmachine/mdom/updates/mdommb_rev1_fw/mDOM_mb_rev1.srcs/sources_1/ip/mig_7series_0/mig_7series_0/mig_7series_0_in_context.xdc, line 85).
Applied set_property IO_BUFFER_TYPE = NONE for ddr3_dqs_p[0]. (constraint file  c:/Users/i3devmachine/mdom/updates/mdommb_rev1_fw/mDOM_mb_rev1.srcs/sources_1/ip/mig_7series_0/mig_7series_0/mig_7series_0_in_context.xdc, line 86).
Applied set_property CLOCK_BUFFER_TYPE = NONE for ddr3_dqs_p[0]. (constraint file  c:/Users/i3devmachine/mdom/updates/mdommb_rev1_fw/mDOM_mb_rev1.srcs/sources_1/ip/mig_7series_0/mig_7series_0/mig_7series_0_in_context.xdc, line 87).
Applied set_property IO_BUFFER_TYPE = NONE for ddr3_dqs_p[1]. (constraint file  c:/Users/i3devmachine/mdom/updates/mdommb_rev1_fw/mDOM_mb_rev1.srcs/sources_1/ip/mig_7series_0/mig_7series_0/mig_7series_0_in_context.xdc, line 88).
Applied set_property CLOCK_BUFFER_TYPE = NONE for ddr3_dqs_p[1]. (constraint file  c:/Users/i3devmachine/mdom/updates/mdommb_rev1_fw/mDOM_mb_rev1.srcs/sources_1/ip/mig_7series_0/mig_7series_0/mig_7series_0_in_context.xdc, line 89).
Applied set_property IO_BUFFER_TYPE = NONE for ddr3_odt[0]. (constraint file  c:/Users/i3devmachine/mdom/updates/mdommb_rev1_fw/mDOM_mb_rev1.srcs/sources_1/ip/mig_7series_0/mig_7series_0/mig_7series_0_in_context.xdc, line 90).
Applied set_property CLOCK_BUFFER_TYPE = NONE for ddr3_odt[0]. (constraint file  c:/Users/i3devmachine/mdom/updates/mdommb_rev1_fw/mDOM_mb_rev1.srcs/sources_1/ip/mig_7series_0/mig_7series_0/mig_7series_0_in_context.xdc, line 91).
Applied set_property IO_BUFFER_TYPE = NONE for ddr3_ras_n. (constraint file  c:/Users/i3devmachine/mdom/updates/mdommb_rev1_fw/mDOM_mb_rev1.srcs/sources_1/ip/mig_7series_0/mig_7series_0/mig_7series_0_in_context.xdc, line 92).
Applied set_property CLOCK_BUFFER_TYPE = NONE for ddr3_ras_n. (constraint file  c:/Users/i3devmachine/mdom/updates/mdommb_rev1_fw/mDOM_mb_rev1.srcs/sources_1/ip/mig_7series_0/mig_7series_0/mig_7series_0_in_context.xdc, line 93).
Applied set_property IO_BUFFER_TYPE = NONE for ddr3_reset_n. (constraint file  c:/Users/i3devmachine/mdom/updates/mdommb_rev1_fw/mDOM_mb_rev1.srcs/sources_1/ip/mig_7series_0/mig_7series_0/mig_7series_0_in_context.xdc, line 94).
Applied set_property CLOCK_BUFFER_TYPE = NONE for ddr3_reset_n. (constraint file  c:/Users/i3devmachine/mdom/updates/mdommb_rev1_fw/mDOM_mb_rev1.srcs/sources_1/ip/mig_7series_0/mig_7series_0/mig_7series_0_in_context.xdc, line 95).
Applied set_property IO_BUFFER_TYPE = NONE for ddr3_we_n. (constraint file  c:/Users/i3devmachine/mdom/updates/mdommb_rev1_fw/mDOM_mb_rev1.srcs/sources_1/ip/mig_7series_0/mig_7series_0/mig_7series_0_in_context.xdc, line 96).
Applied set_property CLOCK_BUFFER_TYPE = NONE for ddr3_we_n. (constraint file  c:/Users/i3devmachine/mdom/updates/mdommb_rev1_fw/mDOM_mb_rev1.srcs/sources_1/ip/mig_7series_0/mig_7series_0/mig_7series_0_in_context.xdc, line 97).
Applied set_property DONT_TOUCH = true for \waveform_acq_gen[0].WFM_ACQ /WVB/WBS/DIST_HDR_FIFO/HDR_FIFO. (constraint file  auto generated constraint, line ).
Applied set_property DONT_TOUCH = true for \waveform_acq_gen[1].WFM_ACQ /WVB/WBS/DIST_HDR_FIFO/HDR_FIFO. (constraint file  auto generated constraint, line ).
Applied set_property DONT_TOUCH = true for \waveform_acq_gen[2].WFM_ACQ /WVB/WBS/DIST_HDR_FIFO/HDR_FIFO. (constraint file  auto generated constraint, line ).
Applied set_property DONT_TOUCH = true for \waveform_acq_gen[3].WFM_ACQ /WVB/WBS/DIST_HDR_FIFO/HDR_FIFO. (constraint file  auto generated constraint, line ).
Applied set_property DONT_TOUCH = true for \waveform_acq_gen[4].WFM_ACQ /WVB/WBS/DIST_HDR_FIFO/HDR_FIFO. (constraint file  auto generated constraint, line ).
Applied set_property DONT_TOUCH = true for \waveform_acq_gen[5].WFM_ACQ /WVB/WBS/DIST_HDR_FIFO/HDR_FIFO. (constraint file  auto generated constraint, line ).
Applied set_property DONT_TOUCH = true for \waveform_acq_gen[6].WFM_ACQ /WVB/WBS/DIST_HDR_FIFO/HDR_FIFO. (constraint file  auto generated constraint, line ).
Applied set_property DONT_TOUCH = true for \waveform_acq_gen[7].WFM_ACQ /WVB/WBS/DIST_HDR_FIFO/HDR_FIFO. (constraint file  auto generated constraint, line ).
Applied set_property DONT_TOUCH = true for \waveform_acq_gen[8].WFM_ACQ /WVB/WBS/DIST_HDR_FIFO/HDR_FIFO. (constraint file  auto generated constraint, line ).
Applied set_property DONT_TOUCH = true for \waveform_acq_gen[9].WFM_ACQ /WVB/WBS/DIST_HDR_FIFO/HDR_FIFO. (constraint file  auto generated constraint, line ).
Applied set_property DONT_TOUCH = true for \waveform_acq_gen[10].WFM_ACQ /WVB/WBS/DIST_HDR_FIFO/HDR_FIFO. (constraint file  auto generated constraint, line ).
Applied set_property DONT_TOUCH = true for \waveform_acq_gen[11].WFM_ACQ /WVB/WBS/DIST_HDR_FIFO/HDR_FIFO. (constraint file  auto generated constraint, line ).
Applied set_property DONT_TOUCH = true for \waveform_acq_gen[12].WFM_ACQ /WVB/WBS/DIST_HDR_FIFO/HDR_FIFO. (constraint file  auto generated constraint, line ).
Applied set_property DONT_TOUCH = true for \waveform_acq_gen[13].WFM_ACQ /WVB/WBS/DIST_HDR_FIFO/HDR_FIFO. (constraint file  auto generated constraint, line ).
Applied set_property DONT_TOUCH = true for \waveform_acq_gen[14].WFM_ACQ /WVB/WBS/DIST_HDR_FIFO/HDR_FIFO. (constraint file  auto generated constraint, line ).
Applied set_property DONT_TOUCH = true for \waveform_acq_gen[15].WFM_ACQ /WVB/WBS/DIST_HDR_FIFO/HDR_FIFO. (constraint file  auto generated constraint, line ).
Applied set_property DONT_TOUCH = true for \waveform_acq_gen[16].WFM_ACQ /WVB/WBS/DIST_HDR_FIFO/HDR_FIFO. (constraint file  auto generated constraint, line ).
Applied set_property DONT_TOUCH = true for \waveform_acq_gen[17].WFM_ACQ /WVB/WBS/DIST_HDR_FIFO/HDR_FIFO. (constraint file  auto generated constraint, line ).
Applied set_property DONT_TOUCH = true for \waveform_acq_gen[18].WFM_ACQ /WVB/WBS/DIST_HDR_FIFO/HDR_FIFO. (constraint file  auto generated constraint, line ).
Applied set_property DONT_TOUCH = true for \waveform_acq_gen[19].WFM_ACQ /WVB/WBS/DIST_HDR_FIFO/HDR_FIFO. (constraint file  auto generated constraint, line ).
Applied set_property DONT_TOUCH = true for \waveform_acq_gen[20].WFM_ACQ /WVB/WBS/DIST_HDR_FIFO/HDR_FIFO. (constraint file  auto generated constraint, line ).
Applied set_property DONT_TOUCH = true for \waveform_acq_gen[21].WFM_ACQ /WVB/WBS/DIST_HDR_FIFO/HDR_FIFO. (constraint file  auto generated constraint, line ).
Applied set_property DONT_TOUCH = true for \waveform_acq_gen[22].WFM_ACQ /WVB/WBS/DIST_HDR_FIFO/HDR_FIFO. (constraint file  auto generated constraint, line ).
Applied set_property DONT_TOUCH = true for \waveform_acq_gen[23].WFM_ACQ /WVB/WBS/DIST_HDR_FIFO/HDR_FIFO. (constraint file  auto generated constraint, line ).
Applied set_property DONT_TOUCH = true for XDOM_0/RDOUT_DPRAM. (constraint file  auto generated constraint, line ).
Applied set_property DONT_TOUCH = true for \waveform_acq_gen[0].WFM_ACQ /WVB/PTB/DIST_PTB. (constraint file  auto generated constraint, line ).
Applied set_property DONT_TOUCH = true for \waveform_acq_gen[1].WFM_ACQ /WVB/PTB/DIST_PTB. (constraint file  auto generated constraint, line ).
Applied set_property DONT_TOUCH = true for \waveform_acq_gen[2].WFM_ACQ /WVB/PTB/DIST_PTB. (constraint file  auto generated constraint, line ).
Applied set_property DONT_TOUCH = true for \waveform_acq_gen[3].WFM_ACQ /WVB/PTB/DIST_PTB. (constraint file  auto generated constraint, line ).
Applied set_property DONT_TOUCH = true for \waveform_acq_gen[4].WFM_ACQ /WVB/PTB/DIST_PTB. (constraint file  auto generated constraint, line ).
Applied set_property DONT_TOUCH = true for \waveform_acq_gen[5].WFM_ACQ /WVB/PTB/DIST_PTB. (constraint file  auto generated constraint, line ).
Applied set_property DONT_TOUCH = true for \waveform_acq_gen[6].WFM_ACQ /WVB/PTB/DIST_PTB. (constraint file  auto generated constraint, line ).
Applied set_property DONT_TOUCH = true for \waveform_acq_gen[7].WFM_ACQ /WVB/PTB/DIST_PTB. (constraint file  auto generated constraint, line ).
Applied set_property DONT_TOUCH = true for \waveform_acq_gen[8].WFM_ACQ /WVB/PTB/DIST_PTB. (constraint file  auto generated constraint, line ).
Applied set_property DONT_TOUCH = true for \waveform_acq_gen[9].WFM_ACQ /WVB/PTB/DIST_PTB. (constraint file  auto generated constraint, line ).
Applied set_property DONT_TOUCH = true for \waveform_acq_gen[10].WFM_ACQ /WVB/PTB/DIST_PTB. (constraint file  auto generated constraint, line ).
Applied set_property DONT_TOUCH = true for \waveform_acq_gen[11].WFM_ACQ /WVB/PTB/DIST_PTB. (constraint file  auto generated constraint, line ).
Applied set_property DONT_TOUCH = true for \waveform_acq_gen[12].WFM_ACQ /WVB/PTB/DIST_PTB. (constraint file  auto generated constraint, line ).
Applied set_property DONT_TOUCH = true for \waveform_acq_gen[13].WFM_ACQ /WVB/PTB/DIST_PTB. (constraint file  auto generated constraint, line ).
Applied set_property DONT_TOUCH = true for \waveform_acq_gen[14].WFM_ACQ /WVB/PTB/DIST_PTB. (constraint file  auto generated constraint, line ).
Applied set_property DONT_TOUCH = true for \waveform_acq_gen[15].WFM_ACQ /WVB/PTB/DIST_PTB. (constraint file  auto generated constraint, line ).
Applied set_property DONT_TOUCH = true for \waveform_acq_gen[16].WFM_ACQ /WVB/PTB/DIST_PTB. (constraint file  auto generated constraint, line ).
Applied set_property DONT_TOUCH = true for \waveform_acq_gen[17].WFM_ACQ /WVB/PTB/DIST_PTB. (constraint file  auto generated constraint, line ).
Applied set_property DONT_TOUCH = true for \waveform_acq_gen[18].WFM_ACQ /WVB/PTB/DIST_PTB. (constraint file  auto generated constraint, line ).
Applied set_property DONT_TOUCH = true for \waveform_acq_gen[19].WFM_ACQ /WVB/PTB/DIST_PTB. (constraint file  auto generated constraint, line ).
Applied set_property DONT_TOUCH = true for \waveform_acq_gen[20].WFM_ACQ /WVB/PTB/DIST_PTB. (constraint file  auto generated constraint, line ).
Applied set_property DONT_TOUCH = true for \waveform_acq_gen[21].WFM_ACQ /WVB/PTB/DIST_PTB. (constraint file  auto generated constraint, line ).
Applied set_property DONT_TOUCH = true for \waveform_acq_gen[22].WFM_ACQ /WVB/PTB/DIST_PTB. (constraint file  auto generated constraint, line ).
Applied set_property DONT_TOUCH = true for \waveform_acq_gen[23].WFM_ACQ /WVB/PTB/DIST_PTB. (constraint file  auto generated constraint, line ).
Applied set_property DONT_TOUCH = true for XDOM_0/UART_DEBUG_0/FIFO_2048_32_0. (constraint file  auto generated constraint, line ).
Applied set_property DONT_TOUCH = true for XDOM_0/UART_ICM_0/FIFO_2048_32_0. (constraint file  auto generated constraint, line ).
Applied set_property DONT_TOUCH = true for XDOM_0/UART_MCU_0/FIFO_2048_32_0. (constraint file  auto generated constraint, line ).
Applied set_property DONT_TOUCH = true for XDOM_0/PG_DPRAM. (constraint file  auto generated constraint, line ).
Applied set_property DONT_TOUCH = true for LCLK_ADCCLK_WIZ_0. (constraint file  auto generated constraint, line ).
Applied set_property DONT_TOUCH = true for IDELAY_DISCR_CLK_WIZ_0. (constraint file  auto generated constraint, line ).
Applied set_property DONT_TOUCH = true for \adc_discr_iface_gen[0].ADC_DISCR_CHAN /ADC_SERDES_0. (constraint file  auto generated constraint, line ).
Applied set_property DONT_TOUCH = true for \adc_discr_iface_gen[1].ADC_DISCR_CHAN /ADC_SERDES_0. (constraint file  auto generated constraint, line ).
Applied set_property DONT_TOUCH = true for \adc_discr_iface_gen[2].ADC_DISCR_CHAN /ADC_SERDES_0. (constraint file  auto generated constraint, line ).
Applied set_property DONT_TOUCH = true for \adc_discr_iface_gen[3].ADC_DISCR_CHAN /ADC_SERDES_0. (constraint file  auto generated constraint, line ).
Applied set_property DONT_TOUCH = true for \adc_discr_iface_gen[4].ADC_DISCR_CHAN /ADC_SERDES_0. (constraint file  auto generated constraint, line ).
Applied set_property DONT_TOUCH = true for \adc_discr_iface_gen[5].ADC_DISCR_CHAN /ADC_SERDES_0. (constraint file  auto generated constraint, line ).
Applied set_property DONT_TOUCH = true for \adc_discr_iface_gen[6].ADC_DISCR_CHAN /ADC_SERDES_0. (constraint file  auto generated constraint, line ).
Applied set_property DONT_TOUCH = true for \adc_discr_iface_gen[7].ADC_DISCR_CHAN /ADC_SERDES_0. (constraint file  auto generated constraint, line ).
Applied set_property DONT_TOUCH = true for \adc_discr_iface_gen[8].ADC_DISCR_CHAN /ADC_SERDES_0. (constraint file  auto generated constraint, line ).
Applied set_property DONT_TOUCH = true for \adc_discr_iface_gen[9].ADC_DISCR_CHAN /ADC_SERDES_0. (constraint file  auto generated constraint, line ).
Applied set_property DONT_TOUCH = true for \adc_discr_iface_gen[10].ADC_DISCR_CHAN /ADC_SERDES_0. (constraint file  auto generated constraint, line ).
Applied set_property DONT_TOUCH = true for \adc_discr_iface_gen[11].ADC_DISCR_CHAN /ADC_SERDES_0. (constraint file  auto generated constraint, line ).
Applied set_property DONT_TOUCH = true for \adc_discr_iface_gen[12].ADC_DISCR_CHAN /ADC_SERDES_0. (constraint file  auto generated constraint, line ).
Applied set_property DONT_TOUCH = true for \adc_discr_iface_gen[13].ADC_DISCR_CHAN /ADC_SERDES_0. (constraint file  auto generated constraint, line ).
Applied set_property DONT_TOUCH = true for \adc_discr_iface_gen[14].ADC_DISCR_CHAN /ADC_SERDES_0. (constraint file  auto generated constraint, line ).
Applied set_property DONT_TOUCH = true for \adc_discr_iface_gen[15].ADC_DISCR_CHAN /ADC_SERDES_0. (constraint file  auto generated constraint, line ).
Applied set_property DONT_TOUCH = true for \adc_discr_iface_gen[16].ADC_DISCR_CHAN /ADC_SERDES_0. (constraint file  auto generated constraint, line ).
Applied set_property DONT_TOUCH = true for \adc_discr_iface_gen[17].ADC_DISCR_CHAN /ADC_SERDES_0. (constraint file  auto generated constraint, line ).
Applied set_property DONT_TOUCH = true for \adc_discr_iface_gen[18].ADC_DISCR_CHAN /ADC_SERDES_0. (constraint file  auto generated constraint, line ).
Applied set_property DONT_TOUCH = true for \adc_discr_iface_gen[19].ADC_DISCR_CHAN /ADC_SERDES_0. (constraint file  auto generated constraint, line ).
Applied set_property DONT_TOUCH = true for \adc_discr_iface_gen[20].ADC_DISCR_CHAN /ADC_SERDES_0. (constraint file  auto generated constraint, line ).
Applied set_property DONT_TOUCH = true for \adc_discr_iface_gen[21].ADC_DISCR_CHAN /ADC_SERDES_0. (constraint file  auto generated constraint, line ).
Applied set_property DONT_TOUCH = true for \adc_discr_iface_gen[22].ADC_DISCR_CHAN /ADC_SERDES_0. (constraint file  auto generated constraint, line ).
Applied set_property DONT_TOUCH = true for \adc_discr_iface_gen[23].ADC_DISCR_CHAN /ADC_SERDES_0. (constraint file  auto generated constraint, line ).
Applied set_property DONT_TOUCH = true for \adc_discr_iface_gen[0].ADC_DISCR_CHAN /ADC_SERDES_1. (constraint file  auto generated constraint, line ).
Applied set_property DONT_TOUCH = true for \adc_discr_iface_gen[1].ADC_DISCR_CHAN /ADC_SERDES_1. (constraint file  auto generated constraint, line ).
Applied set_property DONT_TOUCH = true for \adc_discr_iface_gen[2].ADC_DISCR_CHAN /ADC_SERDES_1. (constraint file  auto generated constraint, line ).
Applied set_property DONT_TOUCH = true for \adc_discr_iface_gen[3].ADC_DISCR_CHAN /ADC_SERDES_1. (constraint file  auto generated constraint, line ).
Applied set_property DONT_TOUCH = true for \adc_discr_iface_gen[4].ADC_DISCR_CHAN /ADC_SERDES_1. (constraint file  auto generated constraint, line ).
Applied set_property DONT_TOUCH = true for \adc_discr_iface_gen[5].ADC_DISCR_CHAN /ADC_SERDES_1. (constraint file  auto generated constraint, line ).
Applied set_property DONT_TOUCH = true for \adc_discr_iface_gen[6].ADC_DISCR_CHAN /ADC_SERDES_1. (constraint file  auto generated constraint, line ).
Applied set_property DONT_TOUCH = true for \adc_discr_iface_gen[7].ADC_DISCR_CHAN /ADC_SERDES_1. (constraint file  auto generated constraint, line ).
Applied set_property DONT_TOUCH = true for \adc_discr_iface_gen[8].ADC_DISCR_CHAN /ADC_SERDES_1. (constraint file  auto generated constraint, line ).
Applied set_property DONT_TOUCH = true for \adc_discr_iface_gen[9].ADC_DISCR_CHAN /ADC_SERDES_1. (constraint file  auto generated constraint, line ).
Applied set_property DONT_TOUCH = true for \adc_discr_iface_gen[10].ADC_DISCR_CHAN /ADC_SERDES_1. (constraint file  auto generated constraint, line ).
Applied set_property DONT_TOUCH = true for \adc_discr_iface_gen[11].ADC_DISCR_CHAN /ADC_SERDES_1. (constraint file  auto generated constraint, line ).
Applied set_property DONT_TOUCH = true for \adc_discr_iface_gen[12].ADC_DISCR_CHAN /ADC_SERDES_1. (constraint file  auto generated constraint, line ).
Applied set_property DONT_TOUCH = true for \adc_discr_iface_gen[13].ADC_DISCR_CHAN /ADC_SERDES_1. (constraint file  auto generated constraint, line ).
Applied set_property DONT_TOUCH = true for \adc_discr_iface_gen[14].ADC_DISCR_CHAN /ADC_SERDES_1. (constraint file  auto generated constraint, line ).
Applied set_property DONT_TOUCH = true for \adc_discr_iface_gen[15].ADC_DISCR_CHAN /ADC_SERDES_1. (constraint file  auto generated constraint, line ).
Applied set_property DONT_TOUCH = true for \adc_discr_iface_gen[16].ADC_DISCR_CHAN /ADC_SERDES_1. (constraint file  auto generated constraint, line ).
Applied set_property DONT_TOUCH = true for \adc_discr_iface_gen[17].ADC_DISCR_CHAN /ADC_SERDES_1. (constraint file  auto generated constraint, line ).
Applied set_property DONT_TOUCH = true for \adc_discr_iface_gen[18].ADC_DISCR_CHAN /ADC_SERDES_1. (constraint file  auto generated constraint, line ).
Applied set_property DONT_TOUCH = true for \adc_discr_iface_gen[19].ADC_DISCR_CHAN /ADC_SERDES_1. (constraint file  auto generated constraint, line ).
Applied set_property DONT_TOUCH = true for \adc_discr_iface_gen[20].ADC_DISCR_CHAN /ADC_SERDES_1. (constraint file  auto generated constraint, line ).
Applied set_property DONT_TOUCH = true for \adc_discr_iface_gen[21].ADC_DISCR_CHAN /ADC_SERDES_1. (constraint file  auto generated constraint, line ).
Applied set_property DONT_TOUCH = true for \adc_discr_iface_gen[22].ADC_DISCR_CHAN /ADC_SERDES_1. (constraint file  auto generated constraint, line ).
Applied set_property DONT_TOUCH = true for \adc_discr_iface_gen[23].ADC_DISCR_CHAN /ADC_SERDES_1. (constraint file  auto generated constraint, line ).
Applied set_property DONT_TOUCH = true for \adc_discr_iface_gen[0].ADC_DISCR_CHAN /DISCR_SERDES. (constraint file  auto generated constraint, line ).
Applied set_property DONT_TOUCH = true for \adc_discr_iface_gen[1].ADC_DISCR_CHAN /DISCR_SERDES. (constraint file  auto generated constraint, line ).
Applied set_property DONT_TOUCH = true for \adc_discr_iface_gen[2].ADC_DISCR_CHAN /DISCR_SERDES. (constraint file  auto generated constraint, line ).
Applied set_property DONT_TOUCH = true for \adc_discr_iface_gen[3].ADC_DISCR_CHAN /DISCR_SERDES. (constraint file  auto generated constraint, line ).
Applied set_property DONT_TOUCH = true for \adc_discr_iface_gen[4].ADC_DISCR_CHAN /DISCR_SERDES. (constraint file  auto generated constraint, line ).
Applied set_property DONT_TOUCH = true for \adc_discr_iface_gen[5].ADC_DISCR_CHAN /DISCR_SERDES. (constraint file  auto generated constraint, line ).
Applied set_property DONT_TOUCH = true for \adc_discr_iface_gen[6].ADC_DISCR_CHAN /DISCR_SERDES. (constraint file  auto generated constraint, line ).
Applied set_property DONT_TOUCH = true for \adc_discr_iface_gen[7].ADC_DISCR_CHAN /DISCR_SERDES. (constraint file  auto generated constraint, line ).
Applied set_property DONT_TOUCH = true for \adc_discr_iface_gen[8].ADC_DISCR_CHAN /DISCR_SERDES. (constraint file  auto generated constraint, line ).
Applied set_property DONT_TOUCH = true for \adc_discr_iface_gen[9].ADC_DISCR_CHAN /DISCR_SERDES. (constraint file  auto generated constraint, line ).
Applied set_property DONT_TOUCH = true for \adc_discr_iface_gen[10].ADC_DISCR_CHAN /DISCR_SERDES. (constraint file  auto generated constraint, line ).
Applied set_property DONT_TOUCH = true for \adc_discr_iface_gen[11].ADC_DISCR_CHAN /DISCR_SERDES. (constraint file  auto generated constraint, line ).
Applied set_property DONT_TOUCH = true for \adc_discr_iface_gen[12].ADC_DISCR_CHAN /DISCR_SERDES. (constraint file  auto generated constraint, line ).
Applied set_property DONT_TOUCH = true for \adc_discr_iface_gen[13].ADC_DISCR_CHAN /DISCR_SERDES. (constraint file  auto generated constraint, line ).
Applied set_property DONT_TOUCH = true for \adc_discr_iface_gen[14].ADC_DISCR_CHAN /DISCR_SERDES. (constraint file  auto generated constraint, line ).
Applied set_property DONT_TOUCH = true for \adc_discr_iface_gen[15].ADC_DISCR_CHAN /DISCR_SERDES. (constraint file  auto generated constraint, line ).
Applied set_property DONT_TOUCH = true for \adc_discr_iface_gen[16].ADC_DISCR_CHAN /DISCR_SERDES. (constraint file  auto generated constraint, line ).
Applied set_property DONT_TOUCH = true for \adc_discr_iface_gen[17].ADC_DISCR_CHAN /DISCR_SERDES. (constraint file  auto generated constraint, line ).
Applied set_property DONT_TOUCH = true for \adc_discr_iface_gen[18].ADC_DISCR_CHAN /DISCR_SERDES. (constraint file  auto generated constraint, line ).
Applied set_property DONT_TOUCH = true for \adc_discr_iface_gen[19].ADC_DISCR_CHAN /DISCR_SERDES. (constraint file  auto generated constraint, line ).
Applied set_property DONT_TOUCH = true for \adc_discr_iface_gen[20].ADC_DISCR_CHAN /DISCR_SERDES. (constraint file  auto generated constraint, line ).
Applied set_property DONT_TOUCH = true for \adc_discr_iface_gen[21].ADC_DISCR_CHAN /DISCR_SERDES. (constraint file  auto generated constraint, line ).
Applied set_property DONT_TOUCH = true for \adc_discr_iface_gen[22].ADC_DISCR_CHAN /DISCR_SERDES. (constraint file  auto generated constraint, line ).
Applied set_property DONT_TOUCH = true for \adc_discr_iface_gen[23].ADC_DISCR_CHAN /DISCR_SERDES. (constraint file  auto generated constraint, line ).
Applied set_property DONT_TOUCH = true for PULSER_0/PULSER_OUT. (constraint file  auto generated constraint, line ).
Applied set_property DONT_TOUCH = true for PULSER_1/PULSER_OUT. (constraint file  auto generated constraint, line ).
Applied set_property DONT_TOUCH = true for PULSER_2/PULSER_OUT. (constraint file  auto generated constraint, line ).
Applied set_property DONT_TOUCH = true for PULSER_3/PULSER_OUT. (constraint file  auto generated constraint, line ).
Applied set_property DONT_TOUCH = true for PULSER_4/PULSER_OUT. (constraint file  auto generated constraint, line ).
Applied set_property DONT_TOUCH = true for PULSER_5/PULSER_OUT. (constraint file  auto generated constraint, line ).
Applied set_property DONT_TOUCH = true for DDR3_TRANSFER_0/MIG_7_SERIES. (constraint file  auto generated constraint, line ).
Applied set_property DONT_TOUCH = true for DDR3_IDELAY_CLK_WIZ_0. (constraint file  auto generated constraint, line ).
Applied set_property DONT_TOUCH = true for \waveform_acq_gen[0].WFM_ACQ /ROLLING_BSUM/sample_buffer. (constraint file  auto generated constraint, line ).
Applied set_property DONT_TOUCH = true for \waveform_acq_gen[1].WFM_ACQ /ROLLING_BSUM/sample_buffer. (constraint file  auto generated constraint, line ).
Applied set_property DONT_TOUCH = true for \waveform_acq_gen[2].WFM_ACQ /ROLLING_BSUM/sample_buffer. (constraint file  auto generated constraint, line ).
Applied set_property DONT_TOUCH = true for \waveform_acq_gen[3].WFM_ACQ /ROLLING_BSUM/sample_buffer. (constraint file  auto generated constraint, line ).
Applied set_property DONT_TOUCH = true for \waveform_acq_gen[4].WFM_ACQ /ROLLING_BSUM/sample_buffer. (constraint file  auto generated constraint, line ).
Applied set_property DONT_TOUCH = true for \waveform_acq_gen[5].WFM_ACQ /ROLLING_BSUM/sample_buffer. (constraint file  auto generated constraint, line ).
Applied set_property DONT_TOUCH = true for \waveform_acq_gen[6].WFM_ACQ /ROLLING_BSUM/sample_buffer. (constraint file  auto generated constraint, line ).
Applied set_property DONT_TOUCH = true for \waveform_acq_gen[7].WFM_ACQ /ROLLING_BSUM/sample_buffer. (constraint file  auto generated constraint, line ).
Applied set_property DONT_TOUCH = true for \waveform_acq_gen[8].WFM_ACQ /ROLLING_BSUM/sample_buffer. (constraint file  auto generated constraint, line ).
Applied set_property DONT_TOUCH = true for \waveform_acq_gen[9].WFM_ACQ /ROLLING_BSUM/sample_buffer. (constraint file  auto generated constraint, line ).
Applied set_property DONT_TOUCH = true for \waveform_acq_gen[10].WFM_ACQ /ROLLING_BSUM/sample_buffer. (constraint file  auto generated constraint, line ).
Applied set_property DONT_TOUCH = true for \waveform_acq_gen[11].WFM_ACQ /ROLLING_BSUM/sample_buffer. (constraint file  auto generated constraint, line ).
Applied set_property DONT_TOUCH = true for \waveform_acq_gen[12].WFM_ACQ /ROLLING_BSUM/sample_buffer. (constraint file  auto generated constraint, line ).
Applied set_property DONT_TOUCH = true for \waveform_acq_gen[13].WFM_ACQ /ROLLING_BSUM/sample_buffer. (constraint file  auto generated constraint, line ).
Applied set_property DONT_TOUCH = true for \waveform_acq_gen[14].WFM_ACQ /ROLLING_BSUM/sample_buffer. (constraint file  auto generated constraint, line ).
Applied set_property DONT_TOUCH = true for \waveform_acq_gen[15].WFM_ACQ /ROLLING_BSUM/sample_buffer. (constraint file  auto generated constraint, line ).
Applied set_property DONT_TOUCH = true for \waveform_acq_gen[16].WFM_ACQ /ROLLING_BSUM/sample_buffer. (constraint file  auto generated constraint, line ).
Applied set_property DONT_TOUCH = true for \waveform_acq_gen[17].WFM_ACQ /ROLLING_BSUM/sample_buffer. (constraint file  auto generated constraint, line ).
Applied set_property DONT_TOUCH = true for \waveform_acq_gen[18].WFM_ACQ /ROLLING_BSUM/sample_buffer. (constraint file  auto generated constraint, line ).
Applied set_property DONT_TOUCH = true for \waveform_acq_gen[19].WFM_ACQ /ROLLING_BSUM/sample_buffer. (constraint file  auto generated constraint, line ).
Applied set_property DONT_TOUCH = true for \waveform_acq_gen[20].WFM_ACQ /ROLLING_BSUM/sample_buffer. (constraint file  auto generated constraint, line ).
Applied set_property DONT_TOUCH = true for \waveform_acq_gen[21].WFM_ACQ /ROLLING_BSUM/sample_buffer. (constraint file  auto generated constraint, line ).
Applied set_property DONT_TOUCH = true for \waveform_acq_gen[22].WFM_ACQ /ROLLING_BSUM/sample_buffer. (constraint file  auto generated constraint, line ).
Applied set_property DONT_TOUCH = true for \waveform_acq_gen[23].WFM_ACQ /ROLLING_BSUM/sample_buffer. (constraint file  auto generated constraint, line ).
Applied set_property DONT_TOUCH = true for I2CM_0/RX_FIFO_0. (constraint file  auto generated constraint, line ).
Applied set_property DONT_TOUCH = true for I2CM_0/TX_FIFO_0. (constraint file  auto generated constraint, line ).
Applied set_property DONT_TOUCH = true for \genblk5[0].SCDB /SCDB. (constraint file  auto generated constraint, line ).
Applied set_property DONT_TOUCH = true for \genblk5[1].SCDB /SCDB. (constraint file  auto generated constraint, line ).
Applied set_property DONT_TOUCH = true for \genblk5[2].SCDB /SCDB. (constraint file  auto generated constraint, line ).
Applied set_property DONT_TOUCH = true for \waveform_acq_gen[0].WFM_ACQ /WVB/WBS/WAVEFORM_DISCR_BUFF. (constraint file  auto generated constraint, line ).
Applied set_property DONT_TOUCH = true for \waveform_acq_gen[1].WFM_ACQ /WVB/WBS/WAVEFORM_DISCR_BUFF. (constraint file  auto generated constraint, line ).
Applied set_property DONT_TOUCH = true for \waveform_acq_gen[2].WFM_ACQ /WVB/WBS/WAVEFORM_DISCR_BUFF. (constraint file  auto generated constraint, line ).
Applied set_property DONT_TOUCH = true for \waveform_acq_gen[3].WFM_ACQ /WVB/WBS/WAVEFORM_DISCR_BUFF. (constraint file  auto generated constraint, line ).
Applied set_property DONT_TOUCH = true for \waveform_acq_gen[4].WFM_ACQ /WVB/WBS/WAVEFORM_DISCR_BUFF. (constraint file  auto generated constraint, line ).
Applied set_property DONT_TOUCH = true for \waveform_acq_gen[5].WFM_ACQ /WVB/WBS/WAVEFORM_DISCR_BUFF. (constraint file  auto generated constraint, line ).
Applied set_property DONT_TOUCH = true for \waveform_acq_gen[6].WFM_ACQ /WVB/WBS/WAVEFORM_DISCR_BUFF. (constraint file  auto generated constraint, line ).
Applied set_property DONT_TOUCH = true for \waveform_acq_gen[7].WFM_ACQ /WVB/WBS/WAVEFORM_DISCR_BUFF. (constraint file  auto generated constraint, line ).
Applied set_property DONT_TOUCH = true for \waveform_acq_gen[8].WFM_ACQ /WVB/WBS/WAVEFORM_DISCR_BUFF. (constraint file  auto generated constraint, line ).
Applied set_property DONT_TOUCH = true for \waveform_acq_gen[9].WFM_ACQ /WVB/WBS/WAVEFORM_DISCR_BUFF. (constraint file  auto generated constraint, line ).
Applied set_property DONT_TOUCH = true for \waveform_acq_gen[10].WFM_ACQ /WVB/WBS/WAVEFORM_DISCR_BUFF. (constraint file  auto generated constraint, line ).
Applied set_property DONT_TOUCH = true for \waveform_acq_gen[11].WFM_ACQ /WVB/WBS/WAVEFORM_DISCR_BUFF. (constraint file  auto generated constraint, line ).
Applied set_property DONT_TOUCH = true for \waveform_acq_gen[12].WFM_ACQ /WVB/WBS/WAVEFORM_DISCR_BUFF. (constraint file  auto generated constraint, line ).
Applied set_property DONT_TOUCH = true for \waveform_acq_gen[13].WFM_ACQ /WVB/WBS/WAVEFORM_DISCR_BUFF. (constraint file  auto generated constraint, line ).
Applied set_property DONT_TOUCH = true for \waveform_acq_gen[14].WFM_ACQ /WVB/WBS/WAVEFORM_DISCR_BUFF. (constraint file  auto generated constraint, line ).
Applied set_property DONT_TOUCH = true for \waveform_acq_gen[15].WFM_ACQ /WVB/WBS/WAVEFORM_DISCR_BUFF. (constraint file  auto generated constraint, line ).
Applied set_property DONT_TOUCH = true for \waveform_acq_gen[16].WFM_ACQ /WVB/WBS/WAVEFORM_DISCR_BUFF. (constraint file  auto generated constraint, line ).
Applied set_property DONT_TOUCH = true for \waveform_acq_gen[17].WFM_ACQ /WVB/WBS/WAVEFORM_DISCR_BUFF. (constraint file  auto generated constraint, line ).
Applied set_property DONT_TOUCH = true for \waveform_acq_gen[18].WFM_ACQ /WVB/WBS/WAVEFORM_DISCR_BUFF. (constraint file  auto generated constraint, line ).
Applied set_property DONT_TOUCH = true for \waveform_acq_gen[19].WFM_ACQ /WVB/WBS/WAVEFORM_DISCR_BUFF. (constraint file  auto generated constraint, line ).
Applied set_property DONT_TOUCH = true for \waveform_acq_gen[20].WFM_ACQ /WVB/WBS/WAVEFORM_DISCR_BUFF. (constraint file  auto generated constraint, line ).
Applied set_property DONT_TOUCH = true for \waveform_acq_gen[21].WFM_ACQ /WVB/WBS/WAVEFORM_DISCR_BUFF. (constraint file  auto generated constraint, line ).
Applied set_property DONT_TOUCH = true for \waveform_acq_gen[22].WFM_ACQ /WVB/WBS/WAVEFORM_DISCR_BUFF. (constraint file  auto generated constraint, line ).
Applied set_property DONT_TOUCH = true for \waveform_acq_gen[23].WFM_ACQ /WVB/WBS/WAVEFORM_DISCR_BUFF. (constraint file  auto generated constraint, line ).
Applied set_property DONT_TOUCH = true for HBUF_CTRL_0/rdout_double_buffer/DOUBLE_BUFFER_DPRAM. (constraint file  auto generated constraint, line ).
Applied set_property DONT_TOUCH = true for HBUF_CTRL_0/ddr3_pg_double_buffer/DOUBLE_BUFFER_DPRAM. (constraint file  auto generated constraint, line ).
Applied set_property DONT_TOUCH = true for \genblk5[0].SCDB /SCDB_HDR_FIFO. (constraint file  auto generated constraint, line ).
Applied set_property DONT_TOUCH = true for \genblk5[1].SCDB /SCDB_HDR_FIFO. (constraint file  auto generated constraint, line ).
Applied set_property DONT_TOUCH = true for \genblk5[2].SCDB /SCDB_HDR_FIFO. (constraint file  auto generated constraint, line ).
Applied set_property DONT_TOUCH = true for OVERFLOW_FIFO_CTRL/overflow_fifo_storage. (constraint file  auto generated constraint, line ).
---------------------------------------------------------------------------------
Finished applying 'set_property' XDC Constraints : Time (s): cpu = 00:00:19 ; elapsed = 00:00:23 . Memory (MB): peak = 1326.219 ; gain = 759.965
---------------------------------------------------------------------------------
INFO: [Synth 8-802] inferred FSM for state register 'fsm_reg' in module 'rs232_ser'
INFO: [Synth 8-802] inferred FSM for state register 'fsm_reg' in module 'rs232_des'
INFO: [Synth 8-802] inferred FSM for state register 'fsm_reg' in module 'ft232r_hs'
INFO: [Synth 8-802] inferred FSM for state register 'fsm_reg' in module 'uart_proc_hs'
INFO: [Synth 8-5546] ROM "logic_rd_req" won't be mapped to RAM because it is too sparse
INFO: [Synth 8-5546] ROM "logic_wr_req" won't be mapped to RAM because it is too sparse
INFO: [Synth 8-5546] ROM "uart_rsp_req" won't be mapped to RAM because it is too sparse
INFO: [Synth 8-4471] merging register 'i_ack_reg' into 'y_ack_reg' [C:/Users/i3devmachine/mdom/updates/mdommb_rev1_fw/hdl/crs_master/crs_master.v:305]
INFO: [Synth 8-802] inferred FSM for state register 'i_index_reg' in module 'crs_master'
INFO: [Synth 8-802] inferred FSM for state register 'fsm_reg' in module 'crs_master'
INFO: [Synth 8-802] inferred FSM for state register 'fsm_reg' in module 'one_shot'
INFO: [Synth 8-5546] ROM "dpram_sel" won't be mapped to RAM because it is too sparse
INFO: [Synth 8-5546] ROM "slo_adc_wr_data" won't be mapped to RAM because it is too sparse
INFO: [Synth 8-5546] ROM "slo_adc_chip_sel" won't be mapped to RAM because it is too sparse
INFO: [Synth 8-5546] ROM "wvb_reader_enable" won't be mapped to RAM because it is too sparse
INFO: [Synth 8-5546] ROM "wvb_reader_dpram_mode" won't be mapped to RAM because it is too sparse
INFO: [Synth 8-5546] ROM "icm_fpga_sync_en" won't be mapped to RAM because it is too sparse
INFO: [Synth 8-5546] ROM "wvb_trig_et" won't be mapped to RAM because it is too sparse
INFO: [Synth 8-5546] ROM "wvb_trig_thr" won't be mapped to RAM because it is too sparse
INFO: [Synth 8-5546] ROM "sw_trig_mask" won't be mapped to RAM because it is too sparse
INFO: [Synth 8-5546] ROM "trig_arm_mask" won't be mapped to RAM because it is too sparse
INFO: [Synth 8-5546] ROM "wvb_trig_mode" won't be mapped to RAM because it is too sparse
INFO: [Synth 8-5546] ROM "wvb_cnst_run" won't be mapped to RAM because it is too sparse
INFO: [Synth 8-5546] ROM "wvb_cnst_config" won't be mapped to RAM because it is too sparse
INFO: [Synth 8-5546] ROM "wvb_test_config" won't be mapped to RAM because it is too sparse
INFO: [Synth 8-5546] ROM "wvb_post_config" won't be mapped to RAM because it is too sparse
INFO: [Synth 8-5546] ROM "wvb_pre_config" won't be mapped to RAM because it is too sparse
INFO: [Synth 8-5546] ROM "buf_status_sel" won't be mapped to RAM because it is too sparse
INFO: [Synth 8-5546] ROM "wvb_rst" won't be mapped to RAM because it is too sparse
INFO: [Synth 8-5546] ROM "i_adc_delay_inc" won't be mapped to RAM because it is too sparse
INFO: [Synth 8-5546] ROM "adc_io_reset" won't be mapped to RAM because it is too sparse
INFO: [Synth 8-5546] ROM "adc_delay_reset" won't be mapped to RAM because it is too sparse
INFO: [Synth 8-5546] ROM "discr_io_reset" won't be mapped to RAM because it is too sparse
INFO: [Synth 8-5546] ROM "adc_reset" won't be mapped to RAM because it is too sparse
INFO: [Synth 8-5546] ROM "adc_spi_sel" won't be mapped to RAM because it is too sparse
INFO: [Synth 8-5546] ROM "adc_spi_wr_data" won't be mapped to RAM because it is too sparse
INFO: [Synth 8-5546] ROM "dac_spi_sel" won't be mapped to RAM because it is too sparse
INFO: [Synth 8-5546] ROM "dac_chip_sel" won't be mapped to RAM because it is too sparse
INFO: [Synth 8-5546] ROM "dac_spi_wr_data" won't be mapped to RAM because it is too sparse
INFO: [Synth 8-5546] ROM "pulser_width" won't be mapped to RAM because it is too sparse
INFO: [Synth 8-5546] ROM "pulser_io_rst" won't be mapped to RAM because it is too sparse
INFO: [Synth 8-5546] ROM "pulser_sw_trig_mask" won't be mapped to RAM because it is too sparse
INFO: [Synth 8-5546] ROM "pg_req_addr_16b" won't be mapped to RAM because it is too sparse
INFO: [Synth 8-5546] ROM "pg_optype" won't be mapped to RAM because it is too sparse
INFO: [Synth 8-5546] ROM "ddr3_sys_rst" won't be mapped to RAM because it is too sparse
INFO: [Synth 8-5546] ROM "hbuf_enable" won't be mapped to RAM because it is too sparse
INFO: [Synth 8-5546] ROM "hbuf_start_pg" won't be mapped to RAM because it is too sparse
INFO: [Synth 8-5546] ROM "hbuf_stop_pg" won't be mapped to RAM because it is too sparse
INFO: [Synth 8-5546] ROM "hbuf_pg_clr_count" won't be mapped to RAM because it is too sparse
INFO: [Synth 8-5546] ROM "scaler_sel" won't be mapped to RAM because it is too sparse
INFO: [Synth 8-5546] ROM "afe_pulser_period" won't be mapped to RAM because it is too sparse
INFO: [Synth 8-5546] ROM "periodic_pulser_enable" won't be mapped to RAM because it is too sparse
INFO: [Synth 8-5546] ROM "ddr3_vtt_s3" won't be mapped to RAM because it is too sparse
INFO: [Synth 8-5546] ROM "bsum_pause" won't be mapped to RAM because it is too sparse
INFO: [Synth 8-5546] ROM "bsum_len_sel" won't be mapped to RAM because it is too sparse
INFO: [Synth 8-5546] ROM "bsum_pause_len" won't be mapped to RAM because it is too sparse
INFO: [Synth 8-5546] ROM "bsum_dev_low" won't be mapped to RAM because it is too sparse
INFO: [Synth 8-5546] ROM "bsum_dev_high" won't be mapped to RAM because it is too sparse
INFO: [Synth 8-5546] ROM "fpga_cal_trig_width" won't be mapped to RAM because it is too sparse
INFO: [Synth 8-5546] ROM "fpga_cal_trig_io_rst" won't be mapped to RAM because it is too sparse
INFO: [Synth 8-5546] ROM "fpga_cal_trig_period" won't be mapped to RAM because it is too sparse
INFO: [Synth 8-5546] ROM "fpga_cal_trig_periodic_en" won't be mapped to RAM because it is too sparse
INFO: [Synth 8-5546] ROM "dcdc_sync" won't be mapped to RAM because it is too sparse
INFO: [Synth 8-5546] ROM "cal_trig_sw_trig_mask" won't be mapped to RAM because it is too sparse
INFO: [Synth 8-5546] ROM "i2cm_0_i2c_start" won't be mapped to RAM because it is too sparse
INFO: [Synth 8-5546] ROM "global_trig_src_mask" won't be mapped to RAM because it is too sparse
INFO: [Synth 8-5546] ROM "global_trig_rcv_mask" won't be mapped to RAM because it is too sparse
INFO: [Synth 8-5546] ROM "xdom_trig_en" won't be mapped to RAM because it is too sparse
INFO: [Synth 8-5546] ROM "lc_window_width" won't be mapped to RAM because it is too sparse
INFO: [Synth 8-5546] ROM "n_lc_thr" won't be mapped to RAM because it is too sparse
INFO: [Synth 8-5546] ROM "lc_required" won't be mapped to RAM because it is too sparse
INFO: [Synth 8-5546] ROM "xdom_thermal_shutdown_temp" won't be mapped to RAM because it is too sparse
INFO: [Synth 8-802] inferred FSM for state register 'fsm_reg' in module 'icm_ltc_des'
INFO: [Synth 8-802] inferred FSM for state register 'fsm_reg' in module 'icm_time_transfer'
INFO: [Synth 8-802] inferred FSM for state register 'fsm_reg' in module 'pulse_extender'
INFO: [Synth 8-802] inferred FSM for state register 'wr_fsm_reg' in module 'double_buffer'
INFO: [Synth 8-802] inferred FSM for state register 'rd_fsm_reg' in module 'double_buffer'
INFO: [Synth 8-802] inferred FSM for state register 'wr_fsm_reg' in module 'double_buffer__parameterized0'
INFO: [Synth 8-802] inferred FSM for state register 'rd_fsm_reg' in module 'double_buffer__parameterized0'
INFO: [Synth 8-5818] HDL ADVISOR - The operator resource <adder> is shared. To prevent sharing consider applying a KEEP on the output of the operator [C:/Users/i3devmachine/mdom/updates/mdommb_rev1_fw/hdl/hbuf_ctrl/hbuf_ctrl.v:301]
INFO: [Synth 8-5818] HDL ADVISOR - The operator resource <adder> is shared. To prevent sharing consider applying a KEEP on the output of the operator [C:/Users/i3devmachine/mdom/updates/mdommb_rev1_fw/hdl/hbuf_ctrl/hbuf_ctrl.v:170]
INFO: [Synth 8-802] inferred FSM for state register 'pg_fsm_reg' in module 'hbuf_ctrl'
INFO: [Synth 8-802] inferred FSM for state register 'fsm_reg' in module 'wvb_rd_ctrl_fmt_3'
INFO: [Synth 8-802] inferred FSM for state register 'fsm_reg' in module 'wvb_reader'
INFO: [Synth 8-802] inferred FSM for state register 'idx_reg' in module 'DDR3_pg_transfer_mux'
INFO: [Synth 8-802] inferred FSM for state register 'fsm_reg' in module 'DDR3_pg_transfer_mux'
INFO: [Synth 8-5818] HDL ADVISOR - The operator resource <adder> is shared. To prevent sharing consider applying a KEEP on the output of the operator [C:/Users/i3devmachine/mdom/updates/mdommb_rev1_fw/hdl/DDR3/DDR3_pg_transfer_ctrl.v:227]
INFO: [Synth 8-802] inferred FSM for state register 'app_fsm_reg' in module 'DDR3_pg_transfer_ctrl'
INFO: [Synth 8-802] inferred FSM for state register 'dpram_fsm_reg' in module 'DDR3_pg_transfer_ctrl'
INFO: [Synth 8-802] inferred FSM for state register 'fsm_reg' in module 'overflow_fifo_ctrl'
INFO: [Synth 8-802] inferred FSM for state register 'fsm_reg' in module 'serial_ck'
INFO: [Synth 8-5818] HDL ADVISOR - The operator resource <adder> is shared. To prevent sharing consider applying a KEEP on the output of the operator [C:/Users/i3devmachine/mdom/updates/mdommb_rev1_fw/hdl/serial_rx/serial_rx.v:59]
INFO: [Synth 8-5818] HDL ADVISOR - The operator resource <adder> is shared. To prevent sharing consider applying a KEEP on the output of the operator [C:/Users/i3devmachine/mdom/updates/mdommb_rev1_fw/hdl/serial_tx/serial_tx.v:61]
INFO: [Synth 8-802] inferred FSM for state register 'fsm_reg' in module 'spi_master'
INFO: [Synth 8-5818] HDL ADVISOR - The operator resource <adder> is shared. To prevent sharing consider applying a KEEP on the output of the operator [C:/Users/i3devmachine/mdom/updates/mdommb_rev1_fw/hdl/serial_rx/serial_rx.v:59]
INFO: [Synth 8-5818] HDL ADVISOR - The operator resource <adder> is shared. To prevent sharing consider applying a KEEP on the output of the operator [C:/Users/i3devmachine/mdom/updates/mdommb_rev1_fw/hdl/serial_tx/serial_tx.v:61]
INFO: [Synth 8-802] inferred FSM for state register 'fsm_reg' in module 'spi_master__parameterized0'
INFO: [Synth 8-5818] HDL ADVISOR - The operator resource <adder> is shared. To prevent sharing consider applying a KEEP on the output of the operator [C:/Users/i3devmachine/mdom/updates/mdommb_rev1_fw/hdl/serial_rx/serial_rx.v:59]
INFO: [Synth 8-5818] HDL ADVISOR - The operator resource <adder> is shared. To prevent sharing consider applying a KEEP on the output of the operator [C:/Users/i3devmachine/mdom/updates/mdommb_rev1_fw/hdl/serial_tx/serial_tx.v:61]
INFO: [Synth 8-802] inferred FSM for state register 'fsm_reg' in module 'spi_master__parameterized1'
INFO: [Synth 8-802] inferred FSM for state register 'fsm_reg' in module 'afe_pulser__xdcDup__1'
INFO: [Synth 8-5546] ROM "out_bits" won't be mapped to RAM because it is too sparse
INFO: [Synth 8-802] inferred FSM for state register 'fsm_reg' in module 'afe_pulser__xdcDup__2'
INFO: [Synth 8-5546] ROM "out_bits" won't be mapped to RAM because it is too sparse
INFO: [Synth 8-802] inferred FSM for state register 'fsm_reg' in module 'afe_pulser__xdcDup__3'
INFO: [Synth 8-5546] ROM "out_bits" won't be mapped to RAM because it is too sparse
INFO: [Synth 8-802] inferred FSM for state register 'fsm_reg' in module 'afe_pulser__xdcDup__4'
INFO: [Synth 8-5546] ROM "out_bits" won't be mapped to RAM because it is too sparse
INFO: [Synth 8-802] inferred FSM for state register 'fsm_reg' in module 'afe_pulser__xdcDup__5'
INFO: [Synth 8-5546] ROM "out_bits" won't be mapped to RAM because it is too sparse
INFO: [Synth 8-802] inferred FSM for state register 'fsm_reg' in module 'afe_pulser'
INFO: [Synth 8-5546] ROM "out_bits" won't be mapped to RAM because it is too sparse
INFO: [Synth 8-802] inferred FSM for state register 'fsm_reg' in module 'i2c_byte'
INFO: [Synth 8-5544] ROM "cnt" won't be mapped to Block RAM because address size (4) smaller than threshold (5)
INFO: [Synth 8-802] inferred FSM for state register 'rx_rd_state_reg' in module 'i2c_master'
INFO: [Synth 8-5818] HDL ADVISOR - The operator resource <adder> is shared. To prevent sharing consider applying a KEEP on the output of the operator [C:/Users/i3devmachine/mdom/updates/mdommb_rev1_fw/hdl/rollingsum/rollingsum_lutram.v:136]
INFO: [Synth 8-802] inferred FSM for state register 'fsm_reg' in module 'rollingsum_lutram__xdcDup__1'
INFO: [Synth 8-802] inferred FSM for state register 'fsm_reg' in module 'wvb_wr_ctrl'
INFO: [Synth 8-802] inferred FSM for state register 'fsm_reg' in module 'wvb_overflow_ctrl'
INFO: [Synth 8-5818] HDL ADVISOR - The operator resource <adder> is shared. To prevent sharing consider applying a KEEP on the output of the operator [C:/Users/i3devmachine/mdom/updates/mdommb_rev1_fw/hdl/rollingsum/rollingsum_lutram.v:136]
INFO: [Synth 8-802] inferred FSM for state register 'fsm_reg' in module 'rollingsum_lutram__xdcDup__2'
INFO: [Synth 8-5818] HDL ADVISOR - The operator resource <adder> is shared. To prevent sharing consider applying a KEEP on the output of the operator [C:/Users/i3devmachine/mdom/updates/mdommb_rev1_fw/hdl/rollingsum/rollingsum_lutram.v:136]
INFO: [Synth 8-802] inferred FSM for state register 'fsm_reg' in module 'rollingsum_lutram__xdcDup__3'
INFO: [Synth 8-5818] HDL ADVISOR - The operator resource <adder> is shared. To prevent sharing consider applying a KEEP on the output of the operator [C:/Users/i3devmachine/mdom/updates/mdommb_rev1_fw/hdl/rollingsum/rollingsum_lutram.v:136]
INFO: [Synth 8-802] inferred FSM for state register 'fsm_reg' in module 'rollingsum_lutram__xdcDup__4'
INFO: [Synth 8-5818] HDL ADVISOR - The operator resource <adder> is shared. To prevent sharing consider applying a KEEP on the output of the operator [C:/Users/i3devmachine/mdom/updates/mdommb_rev1_fw/hdl/rollingsum/rollingsum_lutram.v:136]
INFO: [Synth 8-802] inferred FSM for state register 'fsm_reg' in module 'rollingsum_lutram__xdcDup__5'
INFO: [Synth 8-5818] HDL ADVISOR - The operator resource <adder> is shared. To prevent sharing consider applying a KEEP on the output of the operator [C:/Users/i3devmachine/mdom/updates/mdommb_rev1_fw/hdl/rollingsum/rollingsum_lutram.v:136]
INFO: [Synth 8-802] inferred FSM for state register 'fsm_reg' in module 'rollingsum_lutram__xdcDup__6'
INFO: [Synth 8-5818] HDL ADVISOR - The operator resource <adder> is shared. To prevent sharing consider applying a KEEP on the output of the operator [C:/Users/i3devmachine/mdom/updates/mdommb_rev1_fw/hdl/rollingsum/rollingsum_lutram.v:136]
INFO: [Synth 8-802] inferred FSM for state register 'fsm_reg' in module 'rollingsum_lutram__xdcDup__7'
INFO: [Synth 8-5818] HDL ADVISOR - The operator resource <adder> is shared. To prevent sharing consider applying a KEEP on the output of the operator [C:/Users/i3devmachine/mdom/updates/mdommb_rev1_fw/hdl/rollingsum/rollingsum_lutram.v:136]
INFO: [Synth 8-802] inferred FSM for state register 'fsm_reg' in module 'rollingsum_lutram__xdcDup__8'
INFO: [Synth 8-5818] HDL ADVISOR - The operator resource <adder> is shared. To prevent sharing consider applying a KEEP on the output of the operator [C:/Users/i3devmachine/mdom/updates/mdommb_rev1_fw/hdl/rollingsum/rollingsum_lutram.v:136]
INFO: [Synth 8-802] inferred FSM for state register 'fsm_reg' in module 'rollingsum_lutram__xdcDup__9'
INFO: [Synth 8-5818] HDL ADVISOR - The operator resource <adder> is shared. To prevent sharing consider applying a KEEP on the output of the operator [C:/Users/i3devmachine/mdom/updates/mdommb_rev1_fw/hdl/rollingsum/rollingsum_lutram.v:136]
INFO: [Synth 8-802] inferred FSM for state register 'fsm_reg' in module 'rollingsum_lutram__xdcDup__10'
INFO: [Synth 8-5818] HDL ADVISOR - The operator resource <adder> is shared. To prevent sharing consider applying a KEEP on the output of the operator [C:/Users/i3devmachine/mdom/updates/mdommb_rev1_fw/hdl/rollingsum/rollingsum_lutram.v:136]
INFO: [Synth 8-802] inferred FSM for state register 'fsm_reg' in module 'rollingsum_lutram__xdcDup__11'
INFO: [Synth 8-5818] HDL ADVISOR - The operator resource <adder> is shared. To prevent sharing consider applying a KEEP on the output of the operator [C:/Users/i3devmachine/mdom/updates/mdommb_rev1_fw/hdl/rollingsum/rollingsum_lutram.v:136]
INFO: [Synth 8-802] inferred FSM for state register 'fsm_reg' in module 'rollingsum_lutram__xdcDup__12'
INFO: [Synth 8-5818] HDL ADVISOR - The operator resource <adder> is shared. To prevent sharing consider applying a KEEP on the output of the operator [C:/Users/i3devmachine/mdom/updates/mdommb_rev1_fw/hdl/rollingsum/rollingsum_lutram.v:136]
INFO: [Synth 8-802] inferred FSM for state register 'fsm_reg' in module 'rollingsum_lutram__xdcDup__13'
INFO: [Synth 8-5818] HDL ADVISOR - The operator resource <adder> is shared. To prevent sharing consider applying a KEEP on the output of the operator [C:/Users/i3devmachine/mdom/updates/mdommb_rev1_fw/hdl/rollingsum/rollingsum_lutram.v:136]
INFO: [Synth 8-802] inferred FSM for state register 'fsm_reg' in module 'rollingsum_lutram__xdcDup__14'
INFO: [Synth 8-5818] HDL ADVISOR - The operator resource <adder> is shared. To prevent sharing consider applying a KEEP on the output of the operator [C:/Users/i3devmachine/mdom/updates/mdommb_rev1_fw/hdl/rollingsum/rollingsum_lutram.v:136]
INFO: [Synth 8-802] inferred FSM for state register 'fsm_reg' in module 'rollingsum_lutram__xdcDup__15'
INFO: [Synth 8-5818] HDL ADVISOR - The operator resource <adder> is shared. To prevent sharing consider applying a KEEP on the output of the operator [C:/Users/i3devmachine/mdom/updates/mdommb_rev1_fw/hdl/rollingsum/rollingsum_lutram.v:136]
INFO: [Synth 8-802] inferred FSM for state register 'fsm_reg' in module 'rollingsum_lutram__xdcDup__16'
INFO: [Synth 8-5818] HDL ADVISOR - The operator resource <adder> is shared. To prevent sharing consider applying a KEEP on the output of the operator [C:/Users/i3devmachine/mdom/updates/mdommb_rev1_fw/hdl/rollingsum/rollingsum_lutram.v:136]
INFO: [Synth 8-802] inferred FSM for state register 'fsm_reg' in module 'rollingsum_lutram__xdcDup__17'
INFO: [Synth 8-5818] HDL ADVISOR - The operator resource <adder> is shared. To prevent sharing consider applying a KEEP on the output of the operator [C:/Users/i3devmachine/mdom/updates/mdommb_rev1_fw/hdl/rollingsum/rollingsum_lutram.v:136]
INFO: [Synth 8-802] inferred FSM for state register 'fsm_reg' in module 'rollingsum_lutram__xdcDup__18'
INFO: [Synth 8-5818] HDL ADVISOR - The operator resource <adder> is shared. To prevent sharing consider applying a KEEP on the output of the operator [C:/Users/i3devmachine/mdom/updates/mdommb_rev1_fw/hdl/rollingsum/rollingsum_lutram.v:136]
INFO: [Synth 8-802] inferred FSM for state register 'fsm_reg' in module 'rollingsum_lutram__xdcDup__19'
INFO: [Synth 8-5818] HDL ADVISOR - The operator resource <adder> is shared. To prevent sharing consider applying a KEEP on the output of the operator [C:/Users/i3devmachine/mdom/updates/mdommb_rev1_fw/hdl/rollingsum/rollingsum_lutram.v:136]
INFO: [Synth 8-802] inferred FSM for state register 'fsm_reg' in module 'rollingsum_lutram__xdcDup__20'
INFO: [Synth 8-5818] HDL ADVISOR - The operator resource <adder> is shared. To prevent sharing consider applying a KEEP on the output of the operator [C:/Users/i3devmachine/mdom/updates/mdommb_rev1_fw/hdl/rollingsum/rollingsum_lutram.v:136]
INFO: [Synth 8-802] inferred FSM for state register 'fsm_reg' in module 'rollingsum_lutram__xdcDup__21'
INFO: [Synth 8-5818] HDL ADVISOR - The operator resource <adder> is shared. To prevent sharing consider applying a KEEP on the output of the operator [C:/Users/i3devmachine/mdom/updates/mdommb_rev1_fw/hdl/rollingsum/rollingsum_lutram.v:136]
INFO: [Synth 8-802] inferred FSM for state register 'fsm_reg' in module 'rollingsum_lutram__xdcDup__22'
INFO: [Synth 8-5818] HDL ADVISOR - The operator resource <adder> is shared. To prevent sharing consider applying a KEEP on the output of the operator [C:/Users/i3devmachine/mdom/updates/mdommb_rev1_fw/hdl/rollingsum/rollingsum_lutram.v:136]
INFO: [Synth 8-802] inferred FSM for state register 'fsm_reg' in module 'rollingsum_lutram__xdcDup__23'
INFO: [Synth 8-5818] HDL ADVISOR - The operator resource <adder> is shared. To prevent sharing consider applying a KEEP on the output of the operator [C:/Users/i3devmachine/mdom/updates/mdommb_rev1_fw/hdl/rollingsum/rollingsum_lutram.v:136]
INFO: [Synth 8-802] inferred FSM for state register 'fsm_reg' in module 'rollingsum_lutram'
INFO: [Synth 8-802] inferred FSM for state register 'fsm_reg' in module 'inhibit_generator_8b'
INFO: [Synth 8-802] inferred FSM for state register 'fsm_reg' in module 'inhibit_generator_1b'
INFO: [Synth 8-5818] HDL ADVISOR - The operator resource <adder> is shared. To prevent sharing consider applying a KEEP on the output of the operator [C:/Users/i3devmachine/mdom/updates/mdommb_rev1_fw/hdl/secondary_buffer/secondary_buffer.v:339]
INFO: [Synth 8-802] inferred FSM for state register 'channel_finder_fsm_reg' in module 'secondary_buffer'
INFO: [Synth 8-802] inferred FSM for state register 'writer_fsm_reg' in module 'secondary_buffer'
INFO: [Synth 8-5818] HDL ADVISOR - The operator resource <adder> is shared. To prevent sharing consider applying a KEEP on the output of the operator [C:/Users/i3devmachine/mdom/updates/mdommb_rev1_fw/hdl/secondary_buffer/secondary_buffer.v:339]
INFO: [Synth 8-802] inferred FSM for state register 'channel_finder_fsm_reg' in module 'secondary_buffer__parameterized0'
INFO: [Synth 8-802] inferred FSM for state register 'writer_fsm_reg' in module 'secondary_buffer__parameterized0'
INFO: [Synth 8-5818] HDL ADVISOR - The operator resource <adder> is shared. To prevent sharing consider applying a KEEP on the output of the operator [C:/Users/i3devmachine/mdom/updates/mdommb_rev1_fw/hdl/secondary_buffer/secondary_buffer.v:339]
INFO: [Synth 8-802] inferred FSM for state register 'channel_finder_fsm_reg' in module 'secondary_buffer__parameterized1'
INFO: [Synth 8-802] inferred FSM for state register 'writer_fsm_reg' in module 'secondary_buffer__parameterized1'
---------------------------------------------------------------------------------------------------
                   State |                     New Encoding |                Previous Encoding 
---------------------------------------------------------------------------------------------------
                  S_IDLE |                               00 |                               00
                 S_START |                               01 |                               01
                 S_SHIFT |                               10 |                               10
                  S_STOP |                               11 |                               11
---------------------------------------------------------------------------------------------------
INFO: [Synth 8-3354] encoded FSM with state register 'fsm_reg' using encoding 'sequential' in module 'rs232_ser'
---------------------------------------------------------------------------------------------------
                   State |                     New Encoding |                Previous Encoding 
---------------------------------------------------------------------------------------------------
                  S_IDLE |                               00 |                               00
                 S_START |                               01 |                               01
                 S_SHIFT |                               10 |                               10
                  S_STOP |                               11 |                               11
---------------------------------------------------------------------------------------------------
INFO: [Synth 8-3354] encoded FSM with state register 'fsm_reg' using encoding 'sequential' in module 'rs232_des'
---------------------------------------------------------------------------------------------------
                   State |                     New Encoding |                Previous Encoding 
---------------------------------------------------------------------------------------------------
                      S0 |                               00 |                               00
                      S1 |                               01 |                               01
                      S2 |                               10 |                               10
---------------------------------------------------------------------------------------------------
INFO: [Synth 8-3354] encoded FSM with state register 'fsm_reg' using encoding 'sequential' in module 'ft232r_hs'
---------------------------------------------------------------------------------------------------
                   State |                     New Encoding |                Previous Encoding 
---------------------------------------------------------------------------------------------------
                  S_HDR1 |                            00000 |                            00000
                  S_HDR0 |                            00001 |                            00001
                  S_PID1 |                            00010 |                            00010
                  S_PID0 |                            00011 |                            00011
                  S_LEN1 |                            00100 |                            00100
                  S_LEN0 |                            00101 |                            00101
                  S_ADR1 |                            00110 |                            00110
                  S_ADR0 |                            00111 |                            00111
                 S_RD_HS |                            01000 |                            10001
              S_RD_DATA1 |                            01001 |                            10010
              S_RD_DATA0 |                            01010 |                            10011
               S_RD_WAIT |                            01011 |                            10100
               S_RD_CRC1 |                            01100 |                            10101
               S_RD_CRC0 |                            01101 |                            10110
              S_WR_DATA1 |                            01110 |                            01001
              S_WR_DATA0 |                            01111 |                            01000
               S_WR_WAIT |                            10000 |                            01010
               S_WR_CRC1 |                            10001 |                            01011
               S_WR_CRC0 |                            10010 |                            01100
           S_BWR_BUF_CLR |                            10011 |                            10111
             S_BWR_RDREQ |                            10100 |                            01101
            S_BWR_WAIT_0 |                            10101 |                            01110
                S_BWR_HS |                            10110 |                            10000
                S_SWR_HS |                            10111 |                            01111
---------------------------------------------------------------------------------------------------
INFO: [Synth 8-3354] encoded FSM with state register 'fsm_reg' using encoding 'sequential' in module 'uart_proc_hs'
---------------------------------------------------------------------------------------------------
                   State |                     New Encoding |                Previous Encoding 
---------------------------------------------------------------------------------------------------
                 iSTATE1 |                               00 |                               00
                  iSTATE |                               01 |                               01
                 iSTATE0 |                               10 |                               10
                 iSTATE2 |                               11 |                               11
---------------------------------------------------------------------------------------------------
INFO: [Synth 8-3354] encoded FSM with state register 'i_index_reg' using encoding 'sequential' in module 'crs_master'
---------------------------------------------------------------------------------------------------
                   State |                     New Encoding |                Previous Encoding 
---------------------------------------------------------------------------------------------------
                  S_IDLE |                              000 |                              000
         S_BWR_BUF_EMPTY |                              001 |                              001
            S_BWR_WAIT_0 |                              010 |                              010
             S_BWR_WRITE |                              011 |                              011
               S_RD_WAIT |                              100 |                              101
                   S_ACK |                              101 |                              100
---------------------------------------------------------------------------------------------------
INFO: [Synth 8-3354] encoded FSM with state register 'fsm_reg' using encoding 'sequential' in module 'crs_master'
---------------------------------------------------------------------------------------------------
                   State |                     New Encoding |                Previous Encoding 
---------------------------------------------------------------------------------------------------
                 iSTATE1 |                              001 |                               00
                  iSTATE |                              010 |                               01
                 iSTATE0 |                              100 |                               10
---------------------------------------------------------------------------------------------------
INFO: [Synth 8-3354] encoded FSM with state register 'fsm_reg' using encoding 'one-hot' in module 'one_shot'
---------------------------------------------------------------------------------------------------
                   State |                     New Encoding |                Previous Encoding 
---------------------------------------------------------------------------------------------------
                  S_IDLE |                              000 |                              000
                   S_RDY |                              001 |                              001
               S_START_0 |                              010 |                              010
               S_START_1 |                              011 |                              011
                 S_SHIFT |                              100 |                              100
                  S_STOP |                              101 |                              101
---------------------------------------------------------------------------------------------------
INFO: [Synth 8-3354] encoded FSM with state register 'fsm_reg' using encoding 'sequential' in module 'icm_ltc_des'
---------------------------------------------------------------------------------------------------
                   State |                     New Encoding |                Previous Encoding 
---------------------------------------------------------------------------------------------------
                  S_IDLE |                               00 |                              000
               S_NO_SYNC |                               01 |                              001
            S_FIRST_SYNC |                               10 |                              010
                   S_RDY |                               11 |                              011
---------------------------------------------------------------------------------------------------
INFO: [Synth 8-3354] encoded FSM with state register 'fsm_reg' using encoding 'sequential' in module 'icm_time_transfer'
---------------------------------------------------------------------------------------------------
                   State |                     New Encoding |                Previous Encoding 
---------------------------------------------------------------------------------------------------
                  S_IDLE |                               00 |                               00
                  S_HIGH |                               01 |                               01
                  S_HOLD |                               10 |                               10
---------------------------------------------------------------------------------------------------
INFO: [Synth 8-3354] encoded FSM with state register 'fsm_reg' using encoding 'sequential' in module 'pulse_extender'
---------------------------------------------------------------------------------------------------
                   State |                     New Encoding |                Previous Encoding 
---------------------------------------------------------------------------------------------------
                  S_IDLE |                                0 |                              000
             S_BUSY_WAIT |                                1 |                              001
---------------------------------------------------------------------------------------------------
INFO: [Synth 8-3354] encoded FSM with state register 'wr_fsm_reg' using encoding 'sequential' in module 'double_buffer'
---------------------------------------------------------------------------------------------------
                   State |                     New Encoding |                Previous Encoding 
---------------------------------------------------------------------------------------------------
                  S_IDLE |                                0 |                              000
         S_NOT_BUSY_WAIT |                                1 |                              010
---------------------------------------------------------------------------------------------------
INFO: [Synth 8-3354] encoded FSM with state register 'rd_fsm_reg' using encoding 'sequential' in module 'double_buffer'
---------------------------------------------------------------------------------------------------
                   State |                     New Encoding |                Previous Encoding 
---------------------------------------------------------------------------------------------------
                  S_IDLE |                                0 |                              000
             S_BUSY_WAIT |                                1 |                              001
---------------------------------------------------------------------------------------------------
INFO: [Synth 8-3354] encoded FSM with state register 'wr_fsm_reg' using encoding 'sequential' in module 'double_buffer__parameterized0'
---------------------------------------------------------------------------------------------------
                   State |                     New Encoding |                Previous Encoding 
---------------------------------------------------------------------------------------------------
                  S_IDLE |                                0 |                              000
         S_NOT_BUSY_WAIT |                                1 |                              010
---------------------------------------------------------------------------------------------------
INFO: [Synth 8-3354] encoded FSM with state register 'rd_fsm_reg' using encoding 'sequential' in module 'double_buffer__parameterized0'
---------------------------------------------------------------------------------------------------
                   State |                     New Encoding |                Previous Encoding 
---------------------------------------------------------------------------------------------------
                  S_IDLE |                              000 |                             0000
          S_PRE_REQ_WAIT |                              001 |                             1100
               S_SEND_PG |                              010 |                             0110
S_PG_DPRAM_NOT_BUSY_WAIT |                              011 |                             1110
             S_INC_WR_PG |                              100 |                             0111
                  S_FULL |                              101 |                             1010
---------------------------------------------------------------------------------------------------
INFO: [Synth 8-3354] encoded FSM with state register 'pg_fsm_reg' using encoding 'sequential' in module 'hbuf_ctrl'
---------------------------------------------------------------------------------------------------
                   State |                     New Encoding |                Previous Encoding 
---------------------------------------------------------------------------------------------------
                  S_IDLE |                              000 |                             0000
                  S_WAIT |                              001 |                             0010
                   S_HDR |                              010 |                             0001
           S_SAMPLE_WORD |                              011 |                             0011
                   S_ACK |                              100 |                             0100
                  iSTATE |                              101 |                             1111
*
---------------------------------------------------------------------------------------------------
INFO: [Synth 8-3354] encoded FSM with state register 'fsm_reg' using encoding 'sequential' in module 'wvb_rd_ctrl_fmt_3'
---------------------------------------------------------------------------------------------------
                   State |                     New Encoding |                Previous Encoding 
---------------------------------------------------------------------------------------------------
                  S_IDLE |                              000 |                             0000
           S_RD_CTRL_REQ |                              001 |                             0001
       S_DPRAM_BUSY_WAIT |                              010 |                             0010
            S_DPRAM_DONE |                              011 |                             0011
                  iSTATE |                              100 |                             1111
*
---------------------------------------------------------------------------------------------------
INFO: [Synth 8-3354] encoded FSM with state register 'fsm_reg' using encoding 'sequential' in module 'wvb_reader'
---------------------------------------------------------------------------------------------------
                   State |                     New Encoding |                Previous Encoding 
---------------------------------------------------------------------------------------------------
              S_REQ_WAIT |                              001 |                             0000
                S_PG_REQ |                              010 |                             0001
            S_CLEAR_WAIT |                              100 |                             0010
---------------------------------------------------------------------------------------------------
INFO: [Synth 8-3354] encoded FSM with state register 'fsm_reg' using encoding 'one-hot' in module 'DDR3_pg_transfer_mux'
---------------------------------------------------------------------------------------------------
                   State |                     New Encoding |                Previous Encoding 
---------------------------------------------------------------------------------------------------
                 iSTATE0 |                               01 |                              000
                  iSTATE |                               10 |                              001
*
---------------------------------------------------------------------------------------------------
INFO: [Synth 8-3354] encoded FSM with state register 'idx_reg' using encoding 'one-hot' in module 'DDR3_pg_transfer_mux'
---------------------------------------------------------------------------------------------------
                   State |                     New Encoding |                Previous Encoding 
---------------------------------------------------------------------------------------------------
                  S_IDLE |                              000 |                              000
             S_RD_STREAM |                              001 |                              100
       S_START_WR_STREAM |                              010 |                              001
             S_WR_STREAM |                              011 |                              010
               S_WR_HOLD |                              100 |                              011
---------------------------------------------------------------------------------------------------
INFO: [Synth 8-3354] encoded FSM with state register 'dpram_fsm_reg' using encoding 'sequential' in module 'DDR3_pg_transfer_ctrl'
---------------------------------------------------------------------------------------------------
                   State |                     New Encoding |                Previous Encoding 
---------------------------------------------------------------------------------------------------
                  S_IDLE |                              000 |                              000
           S_RD_PG_BEGIN |                              001 |                              011
            S_APP_REQ_RD |                              010 |                              100
           S_WR_PG_BEGIN |                              011 |                              001
            S_APP_REQ_WR |                              100 |                              010
       S_DPRAM_FSM_CHECK |                              101 |                              101
                   S_ACK |                              110 |                              110
                  iSTATE |                              111 |                              111
*
---------------------------------------------------------------------------------------------------
INFO: [Synth 8-3354] encoded FSM with state register 'app_fsm_reg' using encoding 'sequential' in module 'DDR3_pg_transfer_ctrl'
---------------------------------------------------------------------------------------------------
                   State |                     New Encoding |                Previous Encoding 
---------------------------------------------------------------------------------------------------
                  S_IDLE |                            00001 |                              000
                 S_QUERY |                            00010 |                              001
                 S_WRITE |                            00100 |                              010
                   S_ACK |                            01000 |                              011
                  S_FULL |                            10000 |                              100
---------------------------------------------------------------------------------------------------
INFO: [Synth 8-3354] encoded FSM with state register 'fsm_reg' using encoding 'one-hot' in module 'overflow_fifo_ctrl'
---------------------------------------------------------------------------------------------------
                   State |                     New Encoding |                Previous Encoding 
---------------------------------------------------------------------------------------------------
                      S0 |                              001 |                               00
                      S1 |                              010 |                               01
                      S2 |                              100 |                               10
---------------------------------------------------------------------------------------------------
INFO: [Synth 8-3354] encoded FSM with state register 'fsm_reg' using encoding 'one-hot' in module 'serial_ck'
---------------------------------------------------------------------------------------------------
                   State |                     New Encoding |                Previous Encoding 
---------------------------------------------------------------------------------------------------
                  S_IDLE |                               00 |                               00
   S_VALID_MAX_CNT_CHECK |                               01 |                               01
                 S_COUNT |                               10 |                               10
                   S_ACK |                               11 |                               11
---------------------------------------------------------------------------------------------------
INFO: [Synth 8-3354] encoded FSM with state register 'fsm_reg' using encoding 'sequential' in module 'spi_master'
---------------------------------------------------------------------------------------------------
                   State |                     New Encoding |                Previous Encoding 
---------------------------------------------------------------------------------------------------
                  S_IDLE |                               00 |                               00
   S_VALID_MAX_CNT_CHECK |                               01 |                               01
                 S_COUNT |                               10 |                               10
                   S_ACK |                               11 |                               11
---------------------------------------------------------------------------------------------------
INFO: [Synth 8-3354] encoded FSM with state register 'fsm_reg' using encoding 'sequential' in module 'spi_master__parameterized0'
---------------------------------------------------------------------------------------------------
                   State |                     New Encoding |                Previous Encoding 
---------------------------------------------------------------------------------------------------
                  S_IDLE |                               00 |                               00
   S_VALID_MAX_CNT_CHECK |                               01 |                               01
                 S_COUNT |                               10 |                               10
                   S_ACK |                               11 |                               11
---------------------------------------------------------------------------------------------------
INFO: [Synth 8-3354] encoded FSM with state register 'fsm_reg' using encoding 'sequential' in module 'spi_master__parameterized1'
---------------------------------------------------------------------------------------------------
                   State |                     New Encoding |                Previous Encoding 
---------------------------------------------------------------------------------------------------
                  S_IDLE |                                0 |                              000
                  S_FIRE |                                1 |                              001
---------------------------------------------------------------------------------------------------
INFO: [Synth 8-3354] encoded FSM with state register 'fsm_reg' using encoding 'sequential' in module 'afe_pulser__xdcDup__1'
---------------------------------------------------------------------------------------------------
                   State |                     New Encoding |                Previous Encoding 
---------------------------------------------------------------------------------------------------
                  S_IDLE |                                0 |                              000
                  S_FIRE |                                1 |                              001
---------------------------------------------------------------------------------------------------
INFO: [Synth 8-3354] encoded FSM with state register 'fsm_reg' using encoding 'sequential' in module 'afe_pulser__xdcDup__2'
---------------------------------------------------------------------------------------------------
                   State |                     New Encoding |                Previous Encoding 
---------------------------------------------------------------------------------------------------
                  S_IDLE |                                0 |                              000
                  S_FIRE |                                1 |                              001
---------------------------------------------------------------------------------------------------
INFO: [Synth 8-3354] encoded FSM with state register 'fsm_reg' using encoding 'sequential' in module 'afe_pulser__xdcDup__3'
---------------------------------------------------------------------------------------------------
                   State |                     New Encoding |                Previous Encoding 
---------------------------------------------------------------------------------------------------
                  S_IDLE |                                0 |                              000
                  S_FIRE |                                1 |                              001
---------------------------------------------------------------------------------------------------
INFO: [Synth 8-3354] encoded FSM with state register 'fsm_reg' using encoding 'sequential' in module 'afe_pulser__xdcDup__4'
---------------------------------------------------------------------------------------------------
                   State |                     New Encoding |                Previous Encoding 
---------------------------------------------------------------------------------------------------
                  S_IDLE |                                0 |                              000
                  S_FIRE |                                1 |                              001
---------------------------------------------------------------------------------------------------
INFO: [Synth 8-3354] encoded FSM with state register 'fsm_reg' using encoding 'sequential' in module 'afe_pulser__xdcDup__5'
---------------------------------------------------------------------------------------------------
                   State |                     New Encoding |                Previous Encoding 
---------------------------------------------------------------------------------------------------
                  S_IDLE |                                0 |                              000
                  S_FIRE |                                1 |                              001
---------------------------------------------------------------------------------------------------
INFO: [Synth 8-3354] encoded FSM with state register 'fsm_reg' using encoding 'sequential' in module 'afe_pulser'
---------------------------------------------------------------------------------------------------
                   State |                     New Encoding |                Previous Encoding 
---------------------------------------------------------------------------------------------------
                  S_IDLE |                             0000 |                             0000
                  S_WAIT |                             0001 |                             0001
               S_START_0 |                             0010 |                             0010
               S_START_1 |                             0011 |                             0011
                S_DATA_0 |                             0100 |                             0100
                S_DATA_1 |                             0101 |                             0101
                S_DATA_2 |                             0110 |                             0110
                 S_ACK_0 |                             0111 |                             0111
                 S_ACK_1 |                             1000 |                             1000
                 S_ACK_2 |                             1001 |                             1001
              S_COMPLETE |                             1010 |                             1010
                S_STOP_0 |                             1011 |                             1011
                S_STOP_1 |                             1100 |                             1100
                S_STOP_2 |                             1101 |                             1101
              S_CTRL_ACK |                             1110 |                             1110
                  iSTATE |                             1111 |                             1111
*
---------------------------------------------------------------------------------------------------
INFO: [Synth 8-3354] encoded FSM with state register 'fsm_reg' using encoding 'sequential' in module 'i2c_byte'
---------------------------------------------------------------------------------------------------
                   State |                     New Encoding |                Previous Encoding 
---------------------------------------------------------------------------------------------------
                 iSTATE1 |                               00 |                               00
                 iSTATE0 |                               01 |                               01
                  iSTATE |                               10 |                               10
                 iSTATE2 |                               11 |                               11
---------------------------------------------------------------------------------------------------
INFO: [Synth 8-3354] encoded FSM with state register 'rx_rd_state_reg' using encoding 'sequential' in module 'i2c_master'
---------------------------------------------------------------------------------------------------
                   State |                     New Encoding |                Previous Encoding 
---------------------------------------------------------------------------------------------------
               S_FILLING |                                0 |                               00
               S_ROLLING |                                1 |                               01
---------------------------------------------------------------------------------------------------
INFO: [Synth 8-3354] encoded FSM with state register 'fsm_reg' using encoding 'sequential' in module 'rollingsum_lutram__xdcDup__1'
---------------------------------------------------------------------------------------------------
                   State |                     New Encoding |                Previous Encoding 
---------------------------------------------------------------------------------------------------
                  S_IDLE |                              000 |                              000
                  S_TEST |                              001 |                              100
                 S_CONST |                              010 |                              101
                   S_PRE |                              011 |                              001
                   S_SOT |                              100 |                              010
                  S_POST |                              101 |                              011
---------------------------------------------------------------------------------------------------
INFO: [Synth 8-3354] encoded FSM with state register 'fsm_reg' using encoding 'sequential' in module 'wvb_wr_ctrl'
---------------------------------------------------------------------------------------------------
                   State |                     New Encoding |                Previous Encoding 
---------------------------------------------------------------------------------------------------
                  S_IDLE |                              000 |                              000
              S_OVERFLOW |                              001 |                              001
                   S_REQ |                              010 |                              011
              S_ACK_WAIT |                              011 |                              100
        S_ACK_CLEAR_WAIT |                              100 |                              101
---------------------------------------------------------------------------------------------------
INFO: [Synth 8-3354] encoded FSM with state register 'fsm_reg' using encoding 'sequential' in module 'wvb_overflow_ctrl'
---------------------------------------------------------------------------------------------------
                   State |                     New Encoding |                Previous Encoding 
---------------------------------------------------------------------------------------------------
               S_FILLING |                                0 |                               00
               S_ROLLING |                                1 |                               01
---------------------------------------------------------------------------------------------------
INFO: [Synth 8-3354] encoded FSM with state register 'fsm_reg' using encoding 'sequential' in module 'rollingsum_lutram__xdcDup__2'
---------------------------------------------------------------------------------------------------
                   State |                     New Encoding |                Previous Encoding 
---------------------------------------------------------------------------------------------------
               S_FILLING |                                0 |                               00
               S_ROLLING |                                1 |                               01
---------------------------------------------------------------------------------------------------
INFO: [Synth 8-3354] encoded FSM with state register 'fsm_reg' using encoding 'sequential' in module 'rollingsum_lutram__xdcDup__3'
---------------------------------------------------------------------------------------------------
                   State |                     New Encoding |                Previous Encoding 
---------------------------------------------------------------------------------------------------
               S_FILLING |                                0 |                               00
               S_ROLLING |                                1 |                               01
---------------------------------------------------------------------------------------------------
INFO: [Synth 8-3354] encoded FSM with state register 'fsm_reg' using encoding 'sequential' in module 'rollingsum_lutram__xdcDup__4'
---------------------------------------------------------------------------------------------------
                   State |                     New Encoding |                Previous Encoding 
---------------------------------------------------------------------------------------------------
               S_FILLING |                                0 |                               00
               S_ROLLING |                                1 |                               01
---------------------------------------------------------------------------------------------------
INFO: [Synth 8-3354] encoded FSM with state register 'fsm_reg' using encoding 'sequential' in module 'rollingsum_lutram__xdcDup__5'
---------------------------------------------------------------------------------------------------
                   State |                     New Encoding |                Previous Encoding 
---------------------------------------------------------------------------------------------------
               S_FILLING |                                0 |                               00
               S_ROLLING |                                1 |                               01
---------------------------------------------------------------------------------------------------
INFO: [Synth 8-3354] encoded FSM with state register 'fsm_reg' using encoding 'sequential' in module 'rollingsum_lutram__xdcDup__6'
---------------------------------------------------------------------------------------------------
                   State |                     New Encoding |                Previous Encoding 
---------------------------------------------------------------------------------------------------
               S_FILLING |                                0 |                               00
               S_ROLLING |                                1 |                               01
---------------------------------------------------------------------------------------------------
INFO: [Synth 8-3354] encoded FSM with state register 'fsm_reg' using encoding 'sequential' in module 'rollingsum_lutram__xdcDup__7'
---------------------------------------------------------------------------------------------------
                   State |                     New Encoding |                Previous Encoding 
---------------------------------------------------------------------------------------------------
               S_FILLING |                                0 |                               00
               S_ROLLING |                                1 |                               01
---------------------------------------------------------------------------------------------------
INFO: [Synth 8-3354] encoded FSM with state register 'fsm_reg' using encoding 'sequential' in module 'rollingsum_lutram__xdcDup__8'
---------------------------------------------------------------------------------------------------
                   State |                     New Encoding |                Previous Encoding 
---------------------------------------------------------------------------------------------------
               S_FILLING |                                0 |                               00
               S_ROLLING |                                1 |                               01
---------------------------------------------------------------------------------------------------
INFO: [Synth 8-3354] encoded FSM with state register 'fsm_reg' using encoding 'sequential' in module 'rollingsum_lutram__xdcDup__9'
---------------------------------------------------------------------------------------------------
                   State |                     New Encoding |                Previous Encoding 
---------------------------------------------------------------------------------------------------
               S_FILLING |                                0 |                               00
               S_ROLLING |                                1 |                               01
---------------------------------------------------------------------------------------------------
INFO: [Synth 8-3354] encoded FSM with state register 'fsm_reg' using encoding 'sequential' in module 'rollingsum_lutram__xdcDup__10'
---------------------------------------------------------------------------------------------------
                   State |                     New Encoding |                Previous Encoding 
---------------------------------------------------------------------------------------------------
               S_FILLING |                                0 |                               00
               S_ROLLING |                                1 |                               01
---------------------------------------------------------------------------------------------------
INFO: [Synth 8-3354] encoded FSM with state register 'fsm_reg' using encoding 'sequential' in module 'rollingsum_lutram__xdcDup__11'
---------------------------------------------------------------------------------------------------
                   State |                     New Encoding |                Previous Encoding 
---------------------------------------------------------------------------------------------------
               S_FILLING |                                0 |                               00
               S_ROLLING |                                1 |                               01
---------------------------------------------------------------------------------------------------
INFO: [Synth 8-3354] encoded FSM with state register 'fsm_reg' using encoding 'sequential' in module 'rollingsum_lutram__xdcDup__12'
---------------------------------------------------------------------------------------------------
                   State |                     New Encoding |                Previous Encoding 
---------------------------------------------------------------------------------------------------
               S_FILLING |                                0 |                               00
               S_ROLLING |                                1 |                               01
---------------------------------------------------------------------------------------------------
INFO: [Synth 8-3354] encoded FSM with state register 'fsm_reg' using encoding 'sequential' in module 'rollingsum_lutram__xdcDup__13'
---------------------------------------------------------------------------------------------------
                   State |                     New Encoding |                Previous Encoding 
---------------------------------------------------------------------------------------------------
               S_FILLING |                                0 |                               00
               S_ROLLING |                                1 |                               01
---------------------------------------------------------------------------------------------------
INFO: [Synth 8-3354] encoded FSM with state register 'fsm_reg' using encoding 'sequential' in module 'rollingsum_lutram__xdcDup__14'
---------------------------------------------------------------------------------------------------
                   State |                     New Encoding |                Previous Encoding 
---------------------------------------------------------------------------------------------------
               S_FILLING |                                0 |                               00
               S_ROLLING |                                1 |                               01
---------------------------------------------------------------------------------------------------
INFO: [Synth 8-3354] encoded FSM with state register 'fsm_reg' using encoding 'sequential' in module 'rollingsum_lutram__xdcDup__15'
---------------------------------------------------------------------------------------------------
                   State |                     New Encoding |                Previous Encoding 
---------------------------------------------------------------------------------------------------
               S_FILLING |                                0 |                               00
               S_ROLLING |                                1 |                               01
---------------------------------------------------------------------------------------------------
INFO: [Synth 8-3354] encoded FSM with state register 'fsm_reg' using encoding 'sequential' in module 'rollingsum_lutram__xdcDup__16'
---------------------------------------------------------------------------------------------------
                   State |                     New Encoding |                Previous Encoding 
---------------------------------------------------------------------------------------------------
               S_FILLING |                                0 |                               00
               S_ROLLING |                                1 |                               01
---------------------------------------------------------------------------------------------------
INFO: [Synth 8-3354] encoded FSM with state register 'fsm_reg' using encoding 'sequential' in module 'rollingsum_lutram__xdcDup__17'
---------------------------------------------------------------------------------------------------
                   State |                     New Encoding |                Previous Encoding 
---------------------------------------------------------------------------------------------------
               S_FILLING |                                0 |                               00
               S_ROLLING |                                1 |                               01
---------------------------------------------------------------------------------------------------
INFO: [Synth 8-3354] encoded FSM with state register 'fsm_reg' using encoding 'sequential' in module 'rollingsum_lutram__xdcDup__18'
---------------------------------------------------------------------------------------------------
                   State |                     New Encoding |                Previous Encoding 
---------------------------------------------------------------------------------------------------
               S_FILLING |                                0 |                               00
               S_ROLLING |                                1 |                               01
---------------------------------------------------------------------------------------------------
INFO: [Synth 8-3354] encoded FSM with state register 'fsm_reg' using encoding 'sequential' in module 'rollingsum_lutram__xdcDup__19'
---------------------------------------------------------------------------------------------------
                   State |                     New Encoding |                Previous Encoding 
---------------------------------------------------------------------------------------------------
               S_FILLING |                                0 |                               00
               S_ROLLING |                                1 |                               01
---------------------------------------------------------------------------------------------------
INFO: [Synth 8-3354] encoded FSM with state register 'fsm_reg' using encoding 'sequential' in module 'rollingsum_lutram__xdcDup__20'
---------------------------------------------------------------------------------------------------
                   State |                     New Encoding |                Previous Encoding 
---------------------------------------------------------------------------------------------------
               S_FILLING |                                0 |                               00
               S_ROLLING |                                1 |                               01
---------------------------------------------------------------------------------------------------
INFO: [Synth 8-3354] encoded FSM with state register 'fsm_reg' using encoding 'sequential' in module 'rollingsum_lutram__xdcDup__21'
---------------------------------------------------------------------------------------------------
                   State |                     New Encoding |                Previous Encoding 
---------------------------------------------------------------------------------------------------
               S_FILLING |                                0 |                               00
               S_ROLLING |                                1 |                               01
---------------------------------------------------------------------------------------------------
INFO: [Synth 8-3354] encoded FSM with state register 'fsm_reg' using encoding 'sequential' in module 'rollingsum_lutram__xdcDup__22'
---------------------------------------------------------------------------------------------------
                   State |                     New Encoding |                Previous Encoding 
---------------------------------------------------------------------------------------------------
               S_FILLING |                                0 |                               00
               S_ROLLING |                                1 |                               01
---------------------------------------------------------------------------------------------------
INFO: [Synth 8-3354] encoded FSM with state register 'fsm_reg' using encoding 'sequential' in module 'rollingsum_lutram__xdcDup__23'
---------------------------------------------------------------------------------------------------
                   State |                     New Encoding |                Previous Encoding 
---------------------------------------------------------------------------------------------------
               S_FILLING |                                0 |                               00
               S_ROLLING |                                1 |                               01
---------------------------------------------------------------------------------------------------
INFO: [Synth 8-3354] encoded FSM with state register 'fsm_reg' using encoding 'sequential' in module 'rollingsum_lutram'
---------------------------------------------------------------------------------------------------
                   State |                     New Encoding |                Previous Encoding 
---------------------------------------------------------------------------------------------------
                  S_IDLE |                                0 |                               00
             S_INHIBITED |                                1 |                               01
---------------------------------------------------------------------------------------------------
INFO: [Synth 8-3354] encoded FSM with state register 'fsm_reg' using encoding 'sequential' in module 'inhibit_generator_8b'
---------------------------------------------------------------------------------------------------
                   State |                     New Encoding |                Previous Encoding 
---------------------------------------------------------------------------------------------------
                  S_IDLE |                                0 |                               00
             S_INHIBITED |                                1 |                               01
---------------------------------------------------------------------------------------------------
INFO: [Synth 8-3354] encoded FSM with state register 'fsm_reg' using encoding 'sequential' in module 'inhibit_generator_1b'
---------------------------------------------------------------------------------------------------
                   State |                     New Encoding |                Previous Encoding 
---------------------------------------------------------------------------------------------------
                  S_IDLE |                               00 |                             0000
              S_FIND_WFM |                               01 |                             0001
             S_WFM_READY |                               10 |                             0010
---------------------------------------------------------------------------------------------------
INFO: [Synth 8-3354] encoded FSM with state register 'channel_finder_fsm_reg' using encoding 'sequential' in module 'secondary_buffer'
---------------------------------------------------------------------------------------------------
                   State |                     New Encoding |                Previous Encoding 
---------------------------------------------------------------------------------------------------
                  S_IDLE |                              000 |                             0000
              S_HDR_WAIT |                              001 |                             0001
               S_HDR_RDY |                              010 |                             0010
         S_CACHE_SAMPLES |                              011 |                             0101
     S_WAIT_FOR_CAPACITY |                              100 |                             0110
     S_WR_CACHED_SAMPLES |                              101 |                             0111
           S_SAMPLE_WAIT |                              110 |                             0011
               S_WR_DATA |                              111 |                             0100
---------------------------------------------------------------------------------------------------
INFO: [Synth 8-3354] encoded FSM with state register 'writer_fsm_reg' using encoding 'sequential' in module 'secondary_buffer'
---------------------------------------------------------------------------------------------------
                   State |                     New Encoding |                Previous Encoding 
---------------------------------------------------------------------------------------------------
                  S_IDLE |                               00 |                             0000
              S_FIND_WFM |                               01 |                             0001
             S_WFM_READY |                               10 |                             0010
---------------------------------------------------------------------------------------------------
INFO: [Synth 8-3354] encoded FSM with state register 'channel_finder_fsm_reg' using encoding 'sequential' in module 'secondary_buffer__parameterized0'
---------------------------------------------------------------------------------------------------
                   State |                     New Encoding |                Previous Encoding 
---------------------------------------------------------------------------------------------------
                  S_IDLE |                              000 |                             0000
              S_HDR_WAIT |                              001 |                             0001
               S_HDR_RDY |                              010 |                             0010
         S_CACHE_SAMPLES |                              011 |                             0101
     S_WAIT_FOR_CAPACITY |                              100 |                             0110
     S_WR_CACHED_SAMPLES |                              101 |                             0111
           S_SAMPLE_WAIT |                              110 |                             0011
               S_WR_DATA |                              111 |                             0100
---------------------------------------------------------------------------------------------------
INFO: [Synth 8-3354] encoded FSM with state register 'writer_fsm_reg' using encoding 'sequential' in module 'secondary_buffer__parameterized0'
---------------------------------------------------------------------------------------------------
                   State |                     New Encoding |                Previous Encoding 
---------------------------------------------------------------------------------------------------
                  S_IDLE |                               00 |                             0000
              S_FIND_WFM |                               01 |                             0001
             S_WFM_READY |                               10 |                             0010
---------------------------------------------------------------------------------------------------
INFO: [Synth 8-3354] encoded FSM with state register 'channel_finder_fsm_reg' using encoding 'sequential' in module 'secondary_buffer__parameterized1'
---------------------------------------------------------------------------------------------------
                   State |                     New Encoding |                Previous Encoding 
---------------------------------------------------------------------------------------------------
                  S_IDLE |                              000 |                             0000
              S_HDR_WAIT |                              001 |                             0001
               S_HDR_RDY |                              010 |                             0010
         S_CACHE_SAMPLES |                              011 |                             0101
     S_WAIT_FOR_CAPACITY |                              100 |                             0110
     S_WR_CACHED_SAMPLES |                              101 |                             0111
           S_SAMPLE_WAIT |                              110 |                             0011
               S_WR_DATA |                              111 |                             0100
---------------------------------------------------------------------------------------------------
INFO: [Synth 8-3354] encoded FSM with state register 'writer_fsm_reg' using encoding 'sequential' in module 'secondary_buffer__parameterized1'
---------------------------------------------------------------------------------
Finished RTL Optimization Phase 2 : Time (s): cpu = 00:00:29 ; elapsed = 00:00:35 . Memory (MB): peak = 1326.219 ; gain = 759.965
---------------------------------------------------------------------------------

Report RTL Partitions: 
+------+--------------------+------------+----------+
|      |RTL Partition       |Replication |Instances |
+------+--------------------+------------+----------+
|1     |ADC3424_clk_IO__GC0 |           1|         2|
|2     |top__GCB0           |           1|     24547|
|3     |top__GCB1           |           1|     10800|
|4     |top__GCB2           |           1|     10800|
|5     |top__GCB3           |           1|     16200|
|6     |top__GCB4           |           1|     24746|
|7     |top__GCB5           |           1|     10800|
|8     |top__GCB6           |           1|     24546|
|9     |top__GCB7           |           1|     17819|
|10    |top__GCB8           |           1|     21600|
|11    |top__GCB9           |           1|     36855|
|12    |top__GCB10          |           1|      7408|
|13    |top__GCB11          |           1|      8809|
|14    |top__GCB12          |           1|        15|
|15    |top__GCB13          |           1|     13477|
|16    |top__GCB14          |           1|     21904|
|17    |top__GCB15          |           1|      6845|
|18    |top__GCB16          |           1|     12916|
|19    |top__GCB17          |           1|     21258|
|20    |top__GCB18          |           1|     11818|
|21    |top__GCB19          |           1|     11846|
|22    |top__GCB20          |           1|     22981|
+------+--------------------+------------+----------+
---------------------------------------------------------------------------------
Start RTL Component Statistics 
---------------------------------------------------------------------------------
Detailed RTL Component Info : 
+---Adders : 
	   2 Input     49 Bit       Adders := 25    
	   2 Input     48 Bit       Adders := 1     
	   2 Input     32 Bit       Adders := 534   
	   3 Input     32 Bit       Adders := 3     
	   2 Input     28 Bit       Adders := 1     
	   4 Input     19 Bit       Adders := 24    
	   2 Input     16 Bit       Adders := 14    
	   3 Input     16 Bit       Adders := 2     
	   4 Input     16 Bit       Adders := 1     
	   4 Input     14 Bit       Adders := 48    
	   2 Input     12 Bit       Adders := 61    
	   3 Input     12 Bit       Adders := 3     
	   2 Input     11 Bit       Adders := 9     
	   3 Input     11 Bit       Adders := 4     
	   2 Input      9 Bit       Adders := 126   
	   3 Input      9 Bit       Adders := 28    
	   2 Input      8 Bit       Adders := 30    
	   2 Input      7 Bit       Adders := 24    
	   3 Input      7 Bit       Adders := 24    
	   2 Input      6 Bit       Adders := 32    
	  24 Input      6 Bit       Adders := 1     
	   2 Input      5 Bit       Adders := 62    
	   3 Input      5 Bit       Adders := 24    
	   2 Input      4 Bit       Adders := 1     
	   8 Input      4 Bit       Adders := 24    
	   2 Input      3 Bit       Adders := 82    
	   2 Input      2 Bit       Adders := 1     
	   2 Input      1 Bit       Adders := 4     
+---XORs : 
	   2 Input      1 Bit         XORs := 42    
	   5 Input      1 Bit         XORs := 3     
	   8 Input      1 Bit         XORs := 3     
	   4 Input      1 Bit         XORs := 3     
	   3 Input      1 Bit         XORs := 10    
	   6 Input      1 Bit         XORs := 5     
	   7 Input      1 Bit         XORs := 5     
	  19 Input      1 Bit         XORs := 1     
	  20 Input      1 Bit         XORs := 1     
	  14 Input      1 Bit         XORs := 1     
	  13 Input      1 Bit         XORs := 2     
	  15 Input      1 Bit         XORs := 4     
	  11 Input      1 Bit         XORs := 3     
	  16 Input      1 Bit         XORs := 1     
	  10 Input      1 Bit         XORs := 1     
	  12 Input      1 Bit         XORs := 2     
	  35 Input      1 Bit         XORs := 1     
+---Registers : 
	              333 Bit    Registers := 1     
	              255 Bit    Registers := 1     
	              170 Bit    Registers := 15    
	              128 Bit    Registers := 3     
	              117 Bit    Registers := 3     
	              111 Bit    Registers := 1     
	              108 Bit    Registers := 24    
	              103 Bit    Registers := 1     
	              102 Bit    Registers := 3     
	               85 Bit    Registers := 1     
	               80 Bit    Registers := 24    
	               64 Bit    Registers := 1     
	               60 Bit    Registers := 24    
	               50 Bit    Registers := 1     
	               49 Bit    Registers := 102   
	               48 Bit    Registers := 7     
	               45 Bit    Registers := 25    
	               40 Bit    Registers := 25    
	               32 Bit    Registers := 363   
	               28 Bit    Registers := 3     
	               27 Bit    Registers := 1     
	               24 Bit    Registers := 25    
	               21 Bit    Registers := 168   
	               20 Bit    Registers := 25    
	               19 Bit    Registers := 51    
	               16 Bit    Registers := 92    
	               13 Bit    Registers := 1     
	               12 Bit    Registers := 234   
	               11 Bit    Registers := 15    
	               10 Bit    Registers := 1     
	                9 Bit    Registers := 195   
	                8 Bit    Registers := 350   
	                7 Bit    Registers := 24    
	                6 Bit    Registers := 34    
	                5 Bit    Registers := 100   
	                4 Bit    Registers := 4     
	                3 Bit    Registers := 135   
	                2 Bit    Registers := 104   
	                1 Bit    Registers := 1531  
+---Muxes : 
	   8 Input    170 Bit        Muxes := 6     
	   6 Input    128 Bit        Muxes := 1     
	   3 Input    128 Bit        Muxes := 1     
	   3 Input    111 Bit        Muxes := 1     
	   5 Input    103 Bit        Muxes := 1     
	   3 Input     85 Bit        Muxes := 1     
	  12 Input     64 Bit        Muxes := 1     
	   2 Input     64 Bit        Muxes := 2     
	   6 Input     50 Bit        Muxes := 1     
	   2 Input     49 Bit        Muxes := 1     
	   2 Input     48 Bit        Muxes := 1     
	   6 Input     48 Bit        Muxes := 1     
	   4 Input     48 Bit        Muxes := 1     
	   3 Input     32 Bit        Muxes := 65    
	   2 Input     32 Bit        Muxes := 309   
	   6 Input     32 Bit        Muxes := 28    
	   8 Input     32 Bit        Muxes := 10    
	  24 Input     32 Bit        Muxes := 3     
	  93 Input     32 Bit        Muxes := 3     
	  12 Input     32 Bit        Muxes := 1     
	   5 Input     32 Bit        Muxes := 2     
	   4 Input     32 Bit        Muxes := 3     
	  16 Input     32 Bit        Muxes := 1     
	   4 Input     28 Bit        Muxes := 1     
	   3 Input     28 Bit        Muxes := 1     
	   2 Input     28 Bit        Muxes := 1     
	   8 Input     28 Bit        Muxes := 1     
	  93 Input     27 Bit        Muxes := 1     
	   2 Input     24 Bit        Muxes := 10    
	   5 Input     24 Bit        Muxes := 1     
	  93 Input     24 Bit        Muxes := 12    
	   4 Input     24 Bit        Muxes := 1     
	   2 Input     19 Bit        Muxes := 27    
	  93 Input     19 Bit        Muxes := 1     
	   3 Input     16 Bit        Muxes := 3     
	   6 Input     16 Bit        Muxes := 5     
	   2 Input     16 Bit        Muxes := 124   
	  24 Input     16 Bit        Muxes := 18    
	   4 Input     16 Bit        Muxes := 2     
	 152 Input     16 Bit        Muxes := 1     
	   2 Input     12 Bit        Muxes := 108   
	   3 Input     12 Bit        Muxes := 3     
	  24 Input     12 Bit        Muxes := 6     
	   4 Input     12 Bit        Muxes := 1     
	   6 Input     12 Bit        Muxes := 1     
	   2 Input     11 Bit        Muxes := 3     
	   6 Input      9 Bit        Muxes := 24    
	   2 Input      9 Bit        Muxes := 146   
	  12 Input      9 Bit        Muxes := 2     
	   2 Input      8 Bit        Muxes := 137   
	   8 Input      8 Bit        Muxes := 9     
	   6 Input      8 Bit        Muxes := 1     
	   4 Input      8 Bit        Muxes := 3     
	  24 Input      8 Bit        Muxes := 6     
	 153 Input      8 Bit        Muxes := 1     
	   5 Input      8 Bit        Muxes := 3     
	  16 Input      8 Bit        Muxes := 2     
	  11 Input      8 Bit        Muxes := 6     
	   2 Input      6 Bit        Muxes := 16    
	   4 Input      6 Bit        Muxes := 6     
	   2 Input      5 Bit        Muxes := 96    
	   3 Input      5 Bit        Muxes := 12    
	   5 Input      5 Bit        Muxes := 2     
	  24 Input      5 Bit        Muxes := 6     
	   2 Input      4 Bit        Muxes := 10    
	   6 Input      4 Bit        Muxes := 1     
	  12 Input      4 Bit        Muxes := 1     
	  16 Input      4 Bit        Muxes := 1     
	   6 Input      3 Bit        Muxes := 28    
	   2 Input      3 Bit        Muxes := 385   
	   4 Input      3 Bit        Muxes := 33    
	   5 Input      3 Bit        Muxes := 26    
	   8 Input      3 Bit        Muxes := 5     
	   3 Input      3 Bit        Muxes := 11    
	  16 Input      3 Bit        Muxes := 1     
	   5 Input      2 Bit        Muxes := 24    
	   3 Input      2 Bit        Muxes := 54    
	   2 Input      2 Bit        Muxes := 206   
	   4 Input      2 Bit        Muxes := 14    
	  92 Input      2 Bit        Muxes := 2     
	   2 Input      1 Bit        Muxes := 1423  
	   3 Input      1 Bit        Muxes := 168   
	   6 Input      1 Bit        Muxes := 148   
	   5 Input      1 Bit        Muxes := 112   
	   8 Input      1 Bit        Muxes := 40    
	   4 Input      1 Bit        Muxes := 73    
	  24 Input      1 Bit        Muxes := 54    
	  12 Input      1 Bit        Muxes := 11    
	  16 Input      1 Bit        Muxes := 12    
---------------------------------------------------------------------------------
Finished RTL Component Statistics 
---------------------------------------------------------------------------------
---------------------------------------------------------------------------------
Start RTL Hierarchical Component Statistics 
---------------------------------------------------------------------------------
Hierarchical RTL Component report 
Module top 
Detailed RTL Component Info : 
+---Registers : 
	               49 Bit    Registers := 2     
	               45 Bit    Registers := 1     
	               40 Bit    Registers := 1     
	               32 Bit    Registers := 2     
	               24 Bit    Registers := 1     
	               20 Bit    Registers := 1     
	               16 Bit    Registers := 21    
	               12 Bit    Registers := 1     
	                8 Bit    Registers := 1     
	                5 Bit    Registers := 1     
	                1 Bit    Registers := 4     
+---Muxes : 
	   2 Input     16 Bit        Muxes := 1     
	   2 Input     12 Bit        Muxes := 1     
	   2 Input      1 Bit        Muxes := 9     
Module posedge_detector__31 
Detailed RTL Component Info : 
+---Registers : 
	                1 Bit    Registers := 1     
Module posedge_detector__32 
Detailed RTL Component Info : 
+---Registers : 
	                1 Bit    Registers := 1     
Module posedge_detector__39 
Detailed RTL Component Info : 
+---Registers : 
	                1 Bit    Registers := 1     
Module mdom_trigger__26 
Detailed RTL Component Info : 
+---Registers : 
	               12 Bit    Registers := 1     
	                8 Bit    Registers := 1     
	                2 Bit    Registers := 1     
	                1 Bit    Registers := 4     
+---Muxes : 
	   5 Input      2 Bit        Muxes := 1     
	   2 Input      1 Bit        Muxes := 3     
Module deviation_detector__26 
Detailed RTL Component Info : 
+---Adders : 
	   4 Input     14 Bit       Adders := 2     
+---Registers : 
	                1 Bit    Registers := 1     
Module pulse_extender__26 
Detailed RTL Component Info : 
+---Adders : 
	   2 Input     32 Bit       Adders := 2     
+---Registers : 
	               32 Bit    Registers := 1     
	                1 Bit    Registers := 1     
+---Muxes : 
	   3 Input     32 Bit        Muxes := 1     
	   3 Input      2 Bit        Muxes := 1     
	   2 Input      2 Bit        Muxes := 3     
	   2 Input      1 Bit        Muxes := 3     
	   3 Input      1 Bit        Muxes := 2     
Module delay_n__parameterized0__26 
Detailed RTL Component Info : 
+---Registers : 
	               60 Bit    Registers := 1     
Module rollingsum_lutram__xdcDup__19 
Detailed RTL Component Info : 
+---Adders : 
	   2 Input     32 Bit       Adders := 1     
	   4 Input     19 Bit       Adders := 1     
	   2 Input      7 Bit       Adders := 1     
	   3 Input      7 Bit       Adders := 1     
+---Registers : 
	               19 Bit    Registers := 1     
	               12 Bit    Registers := 1     
	                8 Bit    Registers := 2     
	                7 Bit    Registers := 1     
	                1 Bit    Registers := 1     
+---Muxes : 
	   2 Input     19 Bit        Muxes := 1     
	   2 Input     12 Bit        Muxes := 2     
	   2 Input      8 Bit        Muxes := 2     
	   2 Input      1 Bit        Muxes := 2     
Module pretrigger_buffer__xdcDup__19 
Detailed RTL Component Info : 
+---Adders : 
	   2 Input      6 Bit       Adders := 1     
	   2 Input      5 Bit       Adders := 1     
	   3 Input      5 Bit       Adders := 1     
+---Registers : 
	                6 Bit    Registers := 1     
	                5 Bit    Registers := 1     
+---Muxes : 
	   2 Input      5 Bit        Muxes := 1     
Module distributed_hdr_fifo__xdcDup__19 
Detailed RTL Component Info : 
+---Registers : 
	              108 Bit    Registers := 1     
Module waveform_buffer_storage__xdcDup__19 
Detailed RTL Component Info : 
+---Registers : 
	               21 Bit    Registers := 7     
+---Muxes : 
	   2 Input      8 Bit        Muxes := 1     
Module wvb_wr_ctrl__26 
Detailed RTL Component Info : 
+---Adders : 
	   2 Input     32 Bit       Adders := 5     
	   2 Input     12 Bit       Adders := 2     
	   2 Input      9 Bit       Adders := 3     
	   2 Input      8 Bit       Adders := 1     
	   2 Input      5 Bit       Adders := 1     
	   2 Input      3 Bit       Adders := 1     
+---Registers : 
	               49 Bit    Registers := 1     
	               32 Bit    Registers := 1     
	               19 Bit    Registers := 1     
	               12 Bit    Registers := 4     
	                9 Bit    Registers := 4     
	                8 Bit    Registers := 2     
	                5 Bit    Registers := 2     
	                3 Bit    Registers := 2     
	                2 Bit    Registers := 1     
	                1 Bit    Registers := 13    
+---Muxes : 
	   2 Input     32 Bit        Muxes := 7     
	   6 Input     32 Bit        Muxes := 1     
	   2 Input     12 Bit        Muxes := 2     
	   6 Input      9 Bit        Muxes := 1     
	   2 Input      9 Bit        Muxes := 3     
	   2 Input      8 Bit        Muxes := 1     
	   2 Input      5 Bit        Muxes := 1     
	   6 Input      3 Bit        Muxes := 1     
	   2 Input      3 Bit        Muxes := 3     
	   2 Input      1 Bit        Muxes := 7     
	   6 Input      1 Bit        Muxes := 5     
Module wvb_rd_addr_ctrl__26 
Detailed RTL Component Info : 
+---Adders : 
	   2 Input      9 Bit       Adders := 1     
	   2 Input      3 Bit       Adders := 1     
+---Registers : 
	                9 Bit    Registers := 1     
	                3 Bit    Registers := 1     
+---Muxes : 
	   2 Input      9 Bit        Muxes := 3     
	   4 Input      3 Bit        Muxes := 1     
	   2 Input      3 Bit        Muxes := 4     
	   2 Input      1 Bit        Muxes := 2     
Module wvb_overflow_ctrl__26 
Detailed RTL Component Info : 
+---Adders : 
	   2 Input     49 Bit       Adders := 1     
	   2 Input      9 Bit       Adders := 1     
	   3 Input      9 Bit       Adders := 1     
	   2 Input      3 Bit       Adders := 1     
+---Registers : 
	               49 Bit    Registers := 3     
	                9 Bit    Registers := 3     
	                3 Bit    Registers := 1     
	                1 Bit    Registers := 5     
+---Muxes : 
	   2 Input      3 Bit        Muxes := 5     
	   5 Input      3 Bit        Muxes := 1     
	   5 Input      1 Bit        Muxes := 4     
	   2 Input      1 Bit        Muxes := 1     
Module waveform_buffer__xdcDup__19 
Detailed RTL Component Info : 
+---Registers : 
	                1 Bit    Registers := 1     
Module waveform_acquisition__xdcDup__19 
Detailed RTL Component Info : 
+---Registers : 
	               45 Bit    Registers := 1     
	               40 Bit    Registers := 1     
	               20 Bit    Registers := 1     
	               12 Bit    Registers := 1     
	                8 Bit    Registers := 2     
	                3 Bit    Registers := 1     
	                2 Bit    Registers := 1     
	                1 Bit    Registers := 6     
Module posedge_detector__38 
Detailed RTL Component Info : 
+---Registers : 
	                1 Bit    Registers := 1     
Module posedge_detector__37 
Detailed RTL Component Info : 
+---Registers : 
	                1 Bit    Registers := 1     
Module posedge_detector__36 
Detailed RTL Component Info : 
+---Registers : 
	                1 Bit    Registers := 1     
Module mdom_trigger__25 
Detailed RTL Component Info : 
+---Registers : 
	               12 Bit    Registers := 1     
	                8 Bit    Registers := 1     
	                2 Bit    Registers := 1     
	                1 Bit    Registers := 4     
+---Muxes : 
	   5 Input      2 Bit        Muxes := 1     
	   2 Input      1 Bit        Muxes := 3     
Module deviation_detector__25 
Detailed RTL Component Info : 
+---Adders : 
	   4 Input     14 Bit       Adders := 2     
+---Registers : 
	                1 Bit    Registers := 1     
Module pulse_extender__25 
Detailed RTL Component Info : 
+---Adders : 
	   2 Input     32 Bit       Adders := 2     
+---Registers : 
	               32 Bit    Registers := 1     
	                1 Bit    Registers := 1     
+---Muxes : 
	   3 Input     32 Bit        Muxes := 1     
	   3 Input      2 Bit        Muxes := 1     
	   2 Input      2 Bit        Muxes := 3     
	   2 Input      1 Bit        Muxes := 3     
	   3 Input      1 Bit        Muxes := 2     
Module delay_n__parameterized0__25 
Detailed RTL Component Info : 
+---Registers : 
	               60 Bit    Registers := 1     
Module rollingsum_lutram__xdcDup__23 
Detailed RTL Component Info : 
+---Adders : 
	   2 Input     32 Bit       Adders := 1     
	   4 Input     19 Bit       Adders := 1     
	   2 Input      7 Bit       Adders := 1     
	   3 Input      7 Bit       Adders := 1     
+---Registers : 
	               19 Bit    Registers := 1     
	               12 Bit    Registers := 1     
	                8 Bit    Registers := 2     
	                7 Bit    Registers := 1     
	                1 Bit    Registers := 1     
+---Muxes : 
	   2 Input     19 Bit        Muxes := 1     
	   2 Input     12 Bit        Muxes := 2     
	   2 Input      8 Bit        Muxes := 2     
	   2 Input      1 Bit        Muxes := 2     
Module pretrigger_buffer__xdcDup__23 
Detailed RTL Component Info : 
+---Adders : 
	   2 Input      6 Bit       Adders := 1     
	   2 Input      5 Bit       Adders := 1     
	   3 Input      5 Bit       Adders := 1     
+---Registers : 
	                6 Bit    Registers := 1     
	                5 Bit    Registers := 1     
+---Muxes : 
	   2 Input      5 Bit        Muxes := 1     
Module distributed_hdr_fifo__xdcDup__23 
Detailed RTL Component Info : 
+---Registers : 
	              108 Bit    Registers := 1     
Module waveform_buffer_storage__xdcDup__23 
Detailed RTL Component Info : 
+---Registers : 
	               21 Bit    Registers := 7     
+---Muxes : 
	   2 Input      8 Bit        Muxes := 1     
Module wvb_wr_ctrl__25 
Detailed RTL Component Info : 
+---Adders : 
	   2 Input     32 Bit       Adders := 5     
	   2 Input     12 Bit       Adders := 2     
	   2 Input      9 Bit       Adders := 3     
	   2 Input      8 Bit       Adders := 1     
	   2 Input      5 Bit       Adders := 1     
	   2 Input      3 Bit       Adders := 1     
+---Registers : 
	               49 Bit    Registers := 1     
	               32 Bit    Registers := 1     
	               19 Bit    Registers := 1     
	               12 Bit    Registers := 4     
	                9 Bit    Registers := 4     
	                8 Bit    Registers := 2     
	                5 Bit    Registers := 2     
	                3 Bit    Registers := 2     
	                2 Bit    Registers := 1     
	                1 Bit    Registers := 13    
+---Muxes : 
	   2 Input     32 Bit        Muxes := 7     
	   6 Input     32 Bit        Muxes := 1     
	   2 Input     12 Bit        Muxes := 2     
	   6 Input      9 Bit        Muxes := 1     
	   2 Input      9 Bit        Muxes := 3     
	   2 Input      8 Bit        Muxes := 1     
	   2 Input      5 Bit        Muxes := 1     
	   6 Input      3 Bit        Muxes := 1     
	   2 Input      3 Bit        Muxes := 3     
	   2 Input      1 Bit        Muxes := 7     
	   6 Input      1 Bit        Muxes := 5     
Module wvb_rd_addr_ctrl__25 
Detailed RTL Component Info : 
+---Adders : 
	   2 Input      9 Bit       Adders := 1     
	   2 Input      3 Bit       Adders := 1     
+---Registers : 
	                9 Bit    Registers := 1     
	                3 Bit    Registers := 1     
+---Muxes : 
	   2 Input      9 Bit        Muxes := 3     
	   4 Input      3 Bit        Muxes := 1     
	   2 Input      3 Bit        Muxes := 4     
	   2 Input      1 Bit        Muxes := 2     
Module wvb_overflow_ctrl__25 
Detailed RTL Component Info : 
+---Adders : 
	   2 Input     49 Bit       Adders := 1     
	   2 Input      9 Bit       Adders := 1     
	   3 Input      9 Bit       Adders := 1     
	   2 Input      3 Bit       Adders := 1     
+---Registers : 
	               49 Bit    Registers := 3     
	                9 Bit    Registers := 3     
	                3 Bit    Registers := 1     
	                1 Bit    Registers := 5     
+---Muxes : 
	   2 Input      3 Bit        Muxes := 5     
	   5 Input      3 Bit        Muxes := 1     
	   5 Input      1 Bit        Muxes := 4     
	   2 Input      1 Bit        Muxes := 1     
Module waveform_buffer__xdcDup__23 
Detailed RTL Component Info : 
+---Registers : 
	                1 Bit    Registers := 1     
Module waveform_acquisition__xdcDup__23 
Detailed RTL Component Info : 
+---Registers : 
	               45 Bit    Registers := 1     
	               40 Bit    Registers := 1     
	               20 Bit    Registers := 1     
	               12 Bit    Registers := 1     
	                8 Bit    Registers := 2     
	                3 Bit    Registers := 1     
	                2 Bit    Registers := 1     
	                1 Bit    Registers := 6     
Module posedge_detector__35 
Detailed RTL Component Info : 
+---Registers : 
	                1 Bit    Registers := 1     
Module posedge_detector__34 
Detailed RTL Component Info : 
+---Registers : 
	                1 Bit    Registers := 1     
Module posedge_detector__33 
Detailed RTL Component Info : 
+---Registers : 
	                1 Bit    Registers := 1     
Module mdom_trigger__24 
Detailed RTL Component Info : 
+---Registers : 
	               12 Bit    Registers := 1     
	                8 Bit    Registers := 1     
	                2 Bit    Registers := 1     
	                1 Bit    Registers := 4     
+---Muxes : 
	   5 Input      2 Bit        Muxes := 1     
	   2 Input      1 Bit        Muxes := 3     
Module deviation_detector__24 
Detailed RTL Component Info : 
+---Adders : 
	   4 Input     14 Bit       Adders := 2     
+---Registers : 
	                1 Bit    Registers := 1     
Module pulse_extender__24 
Detailed RTL Component Info : 
+---Adders : 
	   2 Input     32 Bit       Adders := 2     
+---Registers : 
	               32 Bit    Registers := 1     
	                1 Bit    Registers := 1     
+---Muxes : 
	   3 Input     32 Bit        Muxes := 1     
	   3 Input      2 Bit        Muxes := 1     
	   2 Input      2 Bit        Muxes := 3     
	   2 Input      1 Bit        Muxes := 3     
	   3 Input      1 Bit        Muxes := 2     
Module delay_n__parameterized0__24 
Detailed RTL Component Info : 
+---Registers : 
	               60 Bit    Registers := 1     
Module rollingsum_lutram__xdcDup__21 
Detailed RTL Component Info : 
+---Adders : 
	   2 Input     32 Bit       Adders := 1     
	   4 Input     19 Bit       Adders := 1     
	   2 Input      7 Bit       Adders := 1     
	   3 Input      7 Bit       Adders := 1     
+---Registers : 
	               19 Bit    Registers := 1     
	               12 Bit    Registers := 1     
	                8 Bit    Registers := 2     
	                7 Bit    Registers := 1     
	                1 Bit    Registers := 1     
+---Muxes : 
	   2 Input     19 Bit        Muxes := 1     
	   2 Input     12 Bit        Muxes := 2     
	   2 Input      8 Bit        Muxes := 2     
	   2 Input      1 Bit        Muxes := 2     
Module pretrigger_buffer__xdcDup__21 
Detailed RTL Component Info : 
+---Adders : 
	   2 Input      6 Bit       Adders := 1     
	   2 Input      5 Bit       Adders := 1     
	   3 Input      5 Bit       Adders := 1     
+---Registers : 
	                6 Bit    Registers := 1     
	                5 Bit    Registers := 1     
+---Muxes : 
	   2 Input      5 Bit        Muxes := 1     
Module distributed_hdr_fifo__xdcDup__21 
Detailed RTL Component Info : 
+---Registers : 
	              108 Bit    Registers := 1     
Module waveform_buffer_storage__xdcDup__21 
Detailed RTL Component Info : 
+---Registers : 
	               21 Bit    Registers := 7     
+---Muxes : 
	   2 Input      8 Bit        Muxes := 1     
Module wvb_wr_ctrl__24 
Detailed RTL Component Info : 
+---Adders : 
	   2 Input     32 Bit       Adders := 5     
	   2 Input     12 Bit       Adders := 2     
	   2 Input      9 Bit       Adders := 3     
	   2 Input      8 Bit       Adders := 1     
	   2 Input      5 Bit       Adders := 1     
	   2 Input      3 Bit       Adders := 1     
+---Registers : 
	               49 Bit    Registers := 1     
	               32 Bit    Registers := 1     
	               19 Bit    Registers := 1     
	               12 Bit    Registers := 4     
	                9 Bit    Registers := 4     
	                8 Bit    Registers := 2     
	                5 Bit    Registers := 2     
	                3 Bit    Registers := 2     
	                2 Bit    Registers := 1     
	                1 Bit    Registers := 13    
+---Muxes : 
	   2 Input     32 Bit        Muxes := 7     
	   6 Input     32 Bit        Muxes := 1     
	   2 Input     12 Bit        Muxes := 2     
	   6 Input      9 Bit        Muxes := 1     
	   2 Input      9 Bit        Muxes := 3     
	   2 Input      8 Bit        Muxes := 1     
	   2 Input      5 Bit        Muxes := 1     
	   6 Input      3 Bit        Muxes := 1     
	   2 Input      3 Bit        Muxes := 3     
	   2 Input      1 Bit        Muxes := 7     
	   6 Input      1 Bit        Muxes := 5     
Module wvb_rd_addr_ctrl__24 
Detailed RTL Component Info : 
+---Adders : 
	   2 Input      9 Bit       Adders := 1     
	   2 Input      3 Bit       Adders := 1     
+---Registers : 
	                9 Bit    Registers := 1     
	                3 Bit    Registers := 1     
+---Muxes : 
	   2 Input      9 Bit        Muxes := 3     
	   4 Input      3 Bit        Muxes := 1     
	   2 Input      3 Bit        Muxes := 4     
	   2 Input      1 Bit        Muxes := 2     
Module wvb_overflow_ctrl__24 
Detailed RTL Component Info : 
+---Adders : 
	   2 Input     49 Bit       Adders := 1     
	   2 Input      9 Bit       Adders := 1     
	   3 Input      9 Bit       Adders := 1     
	   2 Input      3 Bit       Adders := 1     
+---Registers : 
	               49 Bit    Registers := 3     
	                9 Bit    Registers := 3     
	                3 Bit    Registers := 1     
	                1 Bit    Registers := 5     
+---Muxes : 
	   2 Input      3 Bit        Muxes := 5     
	   5 Input      3 Bit        Muxes := 1     
	   5 Input      1 Bit        Muxes := 4     
	   2 Input      1 Bit        Muxes := 1     
Module waveform_buffer__xdcDup__21 
Detailed RTL Component Info : 
+---Registers : 
	                1 Bit    Registers := 1     
Module waveform_acquisition__xdcDup__21 
Detailed RTL Component Info : 
+---Registers : 
	               45 Bit    Registers := 1     
	               40 Bit    Registers := 1     
	               20 Bit    Registers := 1     
	               12 Bit    Registers := 1     
	                8 Bit    Registers := 2     
	                3 Bit    Registers := 1     
	                2 Bit    Registers := 1     
	                1 Bit    Registers := 6     
Module secondary_buffer__parameterized1 
Detailed RTL Component Info : 
+---Adders : 
	   2 Input     32 Bit       Adders := 3     
	   2 Input     12 Bit       Adders := 2     
	   3 Input     12 Bit       Adders := 1     
	   2 Input     11 Bit       Adders := 3     
	   3 Input     11 Bit       Adders := 1     
	   3 Input      9 Bit       Adders := 1     
	   2 Input      5 Bit       Adders := 5     
	   2 Input      3 Bit       Adders := 1     
+---Registers : 
	              170 Bit    Registers := 5     
	              117 Bit    Registers := 1     
	              102 Bit    Registers := 1     
	               32 Bit    Registers := 3     
	               16 Bit    Registers := 2     
	               12 Bit    Registers := 1     
	               11 Bit    Registers := 5     
	                8 Bit    Registers := 3     
	                5 Bit    Registers := 6     
	                3 Bit    Registers := 1     
	                1 Bit    Registers := 8     
+---Muxes : 
	   8 Input    170 Bit        Muxes := 2     
	   2 Input     32 Bit        Muxes := 4     
	   8 Input     32 Bit        Muxes := 3     
	   3 Input     16 Bit        Muxes := 1     
	   2 Input     12 Bit        Muxes := 3     
	   2 Input     11 Bit        Muxes := 1     
	   2 Input      8 Bit        Muxes := 1     
	   8 Input      8 Bit        Muxes := 3     
	   2 Input      5 Bit        Muxes := 4     
	   3 Input      5 Bit        Muxes := 2     
	   8 Input      3 Bit        Muxes := 1     
	   2 Input      3 Bit        Muxes := 14    
	   4 Input      3 Bit        Muxes := 1     
	   3 Input      2 Bit        Muxes := 1     
	   2 Input      2 Bit        Muxes := 3     
	   2 Input      1 Bit        Muxes := 6     
	   3 Input      1 Bit        Muxes := 2     
	   8 Input      1 Bit        Muxes := 10    
Module posedge_detector__40 
Detailed RTL Component Info : 
+---Registers : 
	                1 Bit    Registers := 1     
Module posedge_detector__41 
Detailed RTL Component Info : 
+---Registers : 
	                1 Bit    Registers := 1     
Module posedge_detector__45 
Detailed RTL Component Info : 
+---Registers : 
	                1 Bit    Registers := 1     
Module mdom_trigger__28 
Detailed RTL Component Info : 
+---Registers : 
	               12 Bit    Registers := 1     
	                8 Bit    Registers := 1     
	                2 Bit    Registers := 1     
	                1 Bit    Registers := 4     
+---Muxes : 
	   5 Input      2 Bit        Muxes := 1     
	   2 Input      1 Bit        Muxes := 3     
Module deviation_detector__28 
Detailed RTL Component Info : 
+---Adders : 
	   4 Input     14 Bit       Adders := 2     
+---Registers : 
	                1 Bit    Registers := 1     
Module pulse_extender__28 
Detailed RTL Component Info : 
+---Adders : 
	   2 Input     32 Bit       Adders := 2     
+---Registers : 
	               32 Bit    Registers := 1     
	                1 Bit    Registers := 1     
+---Muxes : 
	   3 Input     32 Bit        Muxes := 1     
	   3 Input      2 Bit        Muxes := 1     
	   2 Input      2 Bit        Muxes := 3     
	   2 Input      1 Bit        Muxes := 3     
	   3 Input      1 Bit        Muxes := 2     
Module delay_n__parameterized0__28 
Detailed RTL Component Info : 
+---Registers : 
	               60 Bit    Registers := 1     
Module rollingsum_lutram__xdcDup__18 
Detailed RTL Component Info : 
+---Adders : 
	   2 Input     32 Bit       Adders := 1     
	   4 Input     19 Bit       Adders := 1     
	   2 Input      7 Bit       Adders := 1     
	   3 Input      7 Bit       Adders := 1     
+---Registers : 
	               19 Bit    Registers := 1     
	               12 Bit    Registers := 1     
	                8 Bit    Registers := 2     
	                7 Bit    Registers := 1     
	                1 Bit    Registers := 1     
+---Muxes : 
	   2 Input     19 Bit        Muxes := 1     
	   2 Input     12 Bit        Muxes := 2     
	   2 Input      8 Bit        Muxes := 2     
	   2 Input      1 Bit        Muxes := 2     
Module pretrigger_buffer__xdcDup__18 
Detailed RTL Component Info : 
+---Adders : 
	   2 Input      6 Bit       Adders := 1     
	   2 Input      5 Bit       Adders := 1     
	   3 Input      5 Bit       Adders := 1     
+---Registers : 
	                6 Bit    Registers := 1     
	                5 Bit    Registers := 1     
+---Muxes : 
	   2 Input      5 Bit        Muxes := 1     
Module distributed_hdr_fifo__xdcDup__18 
Detailed RTL Component Info : 
+---Registers : 
	              108 Bit    Registers := 1     
Module waveform_buffer_storage__xdcDup__18 
Detailed RTL Component Info : 
+---Registers : 
	               21 Bit    Registers := 7     
+---Muxes : 
	   2 Input      8 Bit        Muxes := 1     
Module wvb_wr_ctrl__28 
Detailed RTL Component Info : 
+---Adders : 
	   2 Input     32 Bit       Adders := 5     
	   2 Input     12 Bit       Adders := 2     
	   2 Input      9 Bit       Adders := 3     
	   2 Input      8 Bit       Adders := 1     
	   2 Input      5 Bit       Adders := 1     
	   2 Input      3 Bit       Adders := 1     
+---Registers : 
	               49 Bit    Registers := 1     
	               32 Bit    Registers := 1     
	               19 Bit    Registers := 1     
	               12 Bit    Registers := 4     
	                9 Bit    Registers := 4     
	                8 Bit    Registers := 2     
	                5 Bit    Registers := 2     
	                3 Bit    Registers := 2     
	                2 Bit    Registers := 1     
	                1 Bit    Registers := 13    
+---Muxes : 
	   2 Input     32 Bit        Muxes := 7     
	   6 Input     32 Bit        Muxes := 1     
	   2 Input     12 Bit        Muxes := 2     
	   6 Input      9 Bit        Muxes := 1     
	   2 Input      9 Bit        Muxes := 3     
	   2 Input      8 Bit        Muxes := 1     
	   2 Input      5 Bit        Muxes := 1     
	   6 Input      3 Bit        Muxes := 1     
	   2 Input      3 Bit        Muxes := 3     
	   2 Input      1 Bit        Muxes := 7     
	   6 Input      1 Bit        Muxes := 5     
Module wvb_rd_addr_ctrl__28 
Detailed RTL Component Info : 
+---Adders : 
	   2 Input      9 Bit       Adders := 1     
	   2 Input      3 Bit       Adders := 1     
+---Registers : 
	                9 Bit    Registers := 1     
	                3 Bit    Registers := 1     
+---Muxes : 
	   2 Input      9 Bit        Muxes := 3     
	   4 Input      3 Bit        Muxes := 1     
	   2 Input      3 Bit        Muxes := 4     
	   2 Input      1 Bit        Muxes := 2     
Module wvb_overflow_ctrl__28 
Detailed RTL Component Info : 
+---Adders : 
	   2 Input     49 Bit       Adders := 1     
	   2 Input      9 Bit       Adders := 1     
	   3 Input      9 Bit       Adders := 1     
	   2 Input      3 Bit       Adders := 1     
+---Registers : 
	               49 Bit    Registers := 3     
	                9 Bit    Registers := 3     
	                3 Bit    Registers := 1     
	                1 Bit    Registers := 5     
+---Muxes : 
	   2 Input      3 Bit        Muxes := 5     
	   5 Input      3 Bit        Muxes := 1     
	   5 Input      1 Bit        Muxes := 4     
	   2 Input      1 Bit        Muxes := 1     
Module waveform_buffer__xdcDup__18 
Detailed RTL Component Info : 
+---Registers : 
	                1 Bit    Registers := 1     
Module waveform_acquisition__xdcDup__18 
Detailed RTL Component Info : 
+---Registers : 
	               45 Bit    Registers := 1     
	               40 Bit    Registers := 1     
	               20 Bit    Registers := 1     
	               12 Bit    Registers := 1     
	                8 Bit    Registers := 2     
	                3 Bit    Registers := 1     
	                2 Bit    Registers := 1     
	                1 Bit    Registers := 6     
Module posedge_detector__44 
Detailed RTL Component Info : 
+---Registers : 
	                1 Bit    Registers := 1     
Module posedge_detector__43 
Detailed RTL Component Info : 
+---Registers : 
	                1 Bit    Registers := 1     
Module posedge_detector__42 
Detailed RTL Component Info : 
+---Registers : 
	                1 Bit    Registers := 1     
Module mdom_trigger__27 
Detailed RTL Component Info : 
+---Registers : 
	               12 Bit    Registers := 1     
	                8 Bit    Registers := 1     
	                2 Bit    Registers := 1     
	                1 Bit    Registers := 4     
+---Muxes : 
	   5 Input      2 Bit        Muxes := 1     
	   2 Input      1 Bit        Muxes := 3     
Module deviation_detector__27 
Detailed RTL Component Info : 
+---Adders : 
	   4 Input     14 Bit       Adders := 2     
+---Registers : 
	                1 Bit    Registers := 1     
Module pulse_extender__27 
Detailed RTL Component Info : 
+---Adders : 
	   2 Input     32 Bit       Adders := 2     
+---Registers : 
	               32 Bit    Registers := 1     
	                1 Bit    Registers := 1     
+---Muxes : 
	   3 Input     32 Bit        Muxes := 1     
	   3 Input      2 Bit        Muxes := 1     
	   2 Input      2 Bit        Muxes := 3     
	   2 Input      1 Bit        Muxes := 3     
	   3 Input      1 Bit        Muxes := 2     
Module delay_n__parameterized0__27 
Detailed RTL Component Info : 
+---Registers : 
	               60 Bit    Registers := 1     
Module rollingsum_lutram__xdcDup__22 
Detailed RTL Component Info : 
+---Adders : 
	   2 Input     32 Bit       Adders := 1     
	   4 Input     19 Bit       Adders := 1     
	   2 Input      7 Bit       Adders := 1     
	   3 Input      7 Bit       Adders := 1     
+---Registers : 
	               19 Bit    Registers := 1     
	               12 Bit    Registers := 1     
	                8 Bit    Registers := 2     
	                7 Bit    Registers := 1     
	                1 Bit    Registers := 1     
+---Muxes : 
	   2 Input     19 Bit        Muxes := 1     
	   2 Input     12 Bit        Muxes := 2     
	   2 Input      8 Bit        Muxes := 2     
	   2 Input      1 Bit        Muxes := 2     
Module pretrigger_buffer__xdcDup__22 
Detailed RTL Component Info : 
+---Adders : 
	   2 Input      6 Bit       Adders := 1     
	   2 Input      5 Bit       Adders := 1     
	   3 Input      5 Bit       Adders := 1     
+---Registers : 
	                6 Bit    Registers := 1     
	                5 Bit    Registers := 1     
+---Muxes : 
	   2 Input      5 Bit        Muxes := 1     
Module distributed_hdr_fifo__xdcDup__22 
Detailed RTL Component Info : 
+---Registers : 
	              108 Bit    Registers := 1     
Module waveform_buffer_storage__xdcDup__22 
Detailed RTL Component Info : 
+---Registers : 
	               21 Bit    Registers := 7     
+---Muxes : 
	   2 Input      8 Bit        Muxes := 1     
Module wvb_wr_ctrl__27 
Detailed RTL Component Info : 
+---Adders : 
	   2 Input     32 Bit       Adders := 5     
	   2 Input     12 Bit       Adders := 2     
	   2 Input      9 Bit       Adders := 3     
	   2 Input      8 Bit       Adders := 1     
	   2 Input      5 Bit       Adders := 1     
	   2 Input      3 Bit       Adders := 1     
+---Registers : 
	               49 Bit    Registers := 1     
	               32 Bit    Registers := 1     
	               19 Bit    Registers := 1     
	               12 Bit    Registers := 4     
	                9 Bit    Registers := 4     
	                8 Bit    Registers := 2     
	                5 Bit    Registers := 2     
	                3 Bit    Registers := 2     
	                2 Bit    Registers := 1     
	                1 Bit    Registers := 13    
+---Muxes : 
	   2 Input     32 Bit        Muxes := 7     
	   6 Input     32 Bit        Muxes := 1     
	   2 Input     12 Bit        Muxes := 2     
	   6 Input      9 Bit        Muxes := 1     
	   2 Input      9 Bit        Muxes := 3     
	   2 Input      8 Bit        Muxes := 1     
	   2 Input      5 Bit        Muxes := 1     
	   6 Input      3 Bit        Muxes := 1     
	   2 Input      3 Bit        Muxes := 3     
	   2 Input      1 Bit        Muxes := 7     
	   6 Input      1 Bit        Muxes := 5     
Module wvb_rd_addr_ctrl__27 
Detailed RTL Component Info : 
+---Adders : 
	   2 Input      9 Bit       Adders := 1     
	   2 Input      3 Bit       Adders := 1     
+---Registers : 
	                9 Bit    Registers := 1     
	                3 Bit    Registers := 1     
+---Muxes : 
	   2 Input      9 Bit        Muxes := 3     
	   4 Input      3 Bit        Muxes := 1     
	   2 Input      3 Bit        Muxes := 4     
	   2 Input      1 Bit        Muxes := 2     
Module wvb_overflow_ctrl__27 
Detailed RTL Component Info : 
+---Adders : 
	   2 Input     49 Bit       Adders := 1     
	   2 Input      9 Bit       Adders := 1     
	   3 Input      9 Bit       Adders := 1     
	   2 Input      3 Bit       Adders := 1     
+---Registers : 
	               49 Bit    Registers := 3     
	                9 Bit    Registers := 3     
	                3 Bit    Registers := 1     
	                1 Bit    Registers := 5     
+---Muxes : 
	   2 Input      3 Bit        Muxes := 5     
	   5 Input      3 Bit        Muxes := 1     
	   5 Input      1 Bit        Muxes := 4     
	   2 Input      1 Bit        Muxes := 1     
Module waveform_buffer__xdcDup__22 
Detailed RTL Component Info : 
+---Registers : 
	                1 Bit    Registers := 1     
Module waveform_acquisition__xdcDup__22 
Detailed RTL Component Info : 
+---Registers : 
	               45 Bit    Registers := 1     
	               40 Bit    Registers := 1     
	               20 Bit    Registers := 1     
	               12 Bit    Registers := 1     
	                8 Bit    Registers := 2     
	                3 Bit    Registers := 1     
	                2 Bit    Registers := 1     
	                1 Bit    Registers := 6     
Module posedge_detector__46 
Detailed RTL Component Info : 
+---Registers : 
	                1 Bit    Registers := 1     
Module posedge_detector__47 
Detailed RTL Component Info : 
+---Registers : 
	                1 Bit    Registers := 1     
Module posedge_detector__51 
Detailed RTL Component Info : 
+---Registers : 
	                1 Bit    Registers := 1     
Module mdom_trigger__30 
Detailed RTL Component Info : 
+---Registers : 
	               12 Bit    Registers := 1     
	                8 Bit    Registers := 1     
	                2 Bit    Registers := 1     
	                1 Bit    Registers := 4     
+---Muxes : 
	   5 Input      2 Bit        Muxes := 1     
	   2 Input      1 Bit        Muxes := 3     
Module deviation_detector__30 
Detailed RTL Component Info : 
+---Adders : 
	   4 Input     14 Bit       Adders := 2     
+---Registers : 
	                1 Bit    Registers := 1     
Module pulse_extender__30 
Detailed RTL Component Info : 
+---Adders : 
	   2 Input     32 Bit       Adders := 2     
+---Registers : 
	               32 Bit    Registers := 1     
	                1 Bit    Registers := 1     
+---Muxes : 
	   3 Input     32 Bit        Muxes := 1     
	   3 Input      2 Bit        Muxes := 1     
	   2 Input      2 Bit        Muxes := 3     
	   2 Input      1 Bit        Muxes := 3     
	   3 Input      1 Bit        Muxes := 2     
Module delay_n__parameterized0__30 
Detailed RTL Component Info : 
+---Registers : 
	               60 Bit    Registers := 1     
Module rollingsum_lutram__xdcDup__11 
Detailed RTL Component Info : 
+---Adders : 
	   2 Input     32 Bit       Adders := 1     
	   4 Input     19 Bit       Adders := 1     
	   2 Input      7 Bit       Adders := 1     
	   3 Input      7 Bit       Adders := 1     
+---Registers : 
	               19 Bit    Registers := 1     
	               12 Bit    Registers := 1     
	                8 Bit    Registers := 2     
	                7 Bit    Registers := 1     
	                1 Bit    Registers := 1     
+---Muxes : 
	   2 Input     19 Bit        Muxes := 1     
	   2 Input     12 Bit        Muxes := 2     
	   2 Input      8 Bit        Muxes := 2     
	   2 Input      1 Bit        Muxes := 2     
Module pretrigger_buffer__xdcDup__11 
Detailed RTL Component Info : 
+---Adders : 
	   2 Input      6 Bit       Adders := 1     
	   2 Input      5 Bit       Adders := 1     
	   3 Input      5 Bit       Adders := 1     
+---Registers : 
	                6 Bit    Registers := 1     
	                5 Bit    Registers := 1     
+---Muxes : 
	   2 Input      5 Bit        Muxes := 1     
Module distributed_hdr_fifo__xdcDup__11 
Detailed RTL Component Info : 
+---Registers : 
	              108 Bit    Registers := 1     
Module waveform_buffer_storage__xdcDup__11 
Detailed RTL Component Info : 
+---Registers : 
	               21 Bit    Registers := 7     
+---Muxes : 
	   2 Input      8 Bit        Muxes := 1     
Module wvb_wr_ctrl__30 
Detailed RTL Component Info : 
+---Adders : 
	   2 Input     32 Bit       Adders := 5     
	   2 Input     12 Bit       Adders := 2     
	   2 Input      9 Bit       Adders := 3     
	   2 Input      8 Bit       Adders := 1     
	   2 Input      5 Bit       Adders := 1     
	   2 Input      3 Bit       Adders := 1     
+---Registers : 
	               49 Bit    Registers := 1     
	               32 Bit    Registers := 1     
	               19 Bit    Registers := 1     
	               12 Bit    Registers := 4     
	                9 Bit    Registers := 4     
	                8 Bit    Registers := 2     
	                5 Bit    Registers := 2     
	                3 Bit    Registers := 2     
	                2 Bit    Registers := 1     
	                1 Bit    Registers := 13    
+---Muxes : 
	   2 Input     32 Bit        Muxes := 7     
	   6 Input     32 Bit        Muxes := 1     
	   2 Input     12 Bit        Muxes := 2     
	   6 Input      9 Bit        Muxes := 1     
	   2 Input      9 Bit        Muxes := 3     
	   2 Input      8 Bit        Muxes := 1     
	   2 Input      5 Bit        Muxes := 1     
	   6 Input      3 Bit        Muxes := 1     
	   2 Input      3 Bit        Muxes := 3     
	   2 Input      1 Bit        Muxes := 7     
	   6 Input      1 Bit        Muxes := 5     
Module wvb_rd_addr_ctrl__30 
Detailed RTL Component Info : 
+---Adders : 
	   2 Input      9 Bit       Adders := 1     
	   2 Input      3 Bit       Adders := 1     
+---Registers : 
	                9 Bit    Registers := 1     
	                3 Bit    Registers := 1     
+---Muxes : 
	   2 Input      9 Bit        Muxes := 3     
	   4 Input      3 Bit        Muxes := 1     
	   2 Input      3 Bit        Muxes := 4     
	   2 Input      1 Bit        Muxes := 2     
Module wvb_overflow_ctrl__30 
Detailed RTL Component Info : 
+---Adders : 
	   2 Input     49 Bit       Adders := 1     
	   2 Input      9 Bit       Adders := 1     
	   3 Input      9 Bit       Adders := 1     
	   2 Input      3 Bit       Adders := 1     
+---Registers : 
	               49 Bit    Registers := 3     
	                9 Bit    Registers := 3     
	                3 Bit    Registers := 1     
	                1 Bit    Registers := 5     
+---Muxes : 
	   2 Input      3 Bit        Muxes := 5     
	   5 Input      3 Bit        Muxes := 1     
	   5 Input      1 Bit        Muxes := 4     
	   2 Input      1 Bit        Muxes := 1     
Module waveform_buffer__xdcDup__11 
Detailed RTL Component Info : 
+---Registers : 
	                1 Bit    Registers := 1     
Module waveform_acquisition__xdcDup__11 
Detailed RTL Component Info : 
+---Registers : 
	               45 Bit    Registers := 1     
	               40 Bit    Registers := 1     
	               20 Bit    Registers := 1     
	               12 Bit    Registers := 1     
	                8 Bit    Registers := 2     
	                3 Bit    Registers := 1     
	                2 Bit    Registers := 1     
	                1 Bit    Registers := 6     
Module posedge_detector__50 
Detailed RTL Component Info : 
+---Registers : 
	                1 Bit    Registers := 1     
Module posedge_detector__49 
Detailed RTL Component Info : 
+---Registers : 
	                1 Bit    Registers := 1     
Module posedge_detector__48 
Detailed RTL Component Info : 
+---Registers : 
	                1 Bit    Registers := 1     
Module mdom_trigger__29 
Detailed RTL Component Info : 
+---Registers : 
	               12 Bit    Registers := 1     
	                8 Bit    Registers := 1     
	                2 Bit    Registers := 1     
	                1 Bit    Registers := 4     
+---Muxes : 
	   5 Input      2 Bit        Muxes := 1     
	   2 Input      1 Bit        Muxes := 3     
Module deviation_detector__29 
Detailed RTL Component Info : 
+---Adders : 
	   4 Input     14 Bit       Adders := 2     
+---Registers : 
	                1 Bit    Registers := 1     
Module pulse_extender__29 
Detailed RTL Component Info : 
+---Adders : 
	   2 Input     32 Bit       Adders := 2     
+---Registers : 
	               32 Bit    Registers := 1     
	                1 Bit    Registers := 1     
+---Muxes : 
	   3 Input     32 Bit        Muxes := 1     
	   3 Input      2 Bit        Muxes := 1     
	   2 Input      2 Bit        Muxes := 3     
	   2 Input      1 Bit        Muxes := 3     
	   3 Input      1 Bit        Muxes := 2     
Module delay_n__parameterized0__29 
Detailed RTL Component Info : 
+---Registers : 
	               60 Bit    Registers := 1     
Module rollingsum_lutram__xdcDup__17 
Detailed RTL Component Info : 
+---Adders : 
	   2 Input     32 Bit       Adders := 1     
	   4 Input     19 Bit       Adders := 1     
	   2 Input      7 Bit       Adders := 1     
	   3 Input      7 Bit       Adders := 1     
+---Registers : 
	               19 Bit    Registers := 1     
	               12 Bit    Registers := 1     
	                8 Bit    Registers := 2     
	                7 Bit    Registers := 1     
	                1 Bit    Registers := 1     
+---Muxes : 
	   2 Input     19 Bit        Muxes := 1     
	   2 Input     12 Bit        Muxes := 2     
	   2 Input      8 Bit        Muxes := 2     
	   2 Input      1 Bit        Muxes := 2     
Module pretrigger_buffer__xdcDup__17 
Detailed RTL Component Info : 
+---Adders : 
	   2 Input      6 Bit       Adders := 1     
	   2 Input      5 Bit       Adders := 1     
	   3 Input      5 Bit       Adders := 1     
+---Registers : 
	                6 Bit    Registers := 1     
	                5 Bit    Registers := 1     
+---Muxes : 
	   2 Input      5 Bit        Muxes := 1     
Module distributed_hdr_fifo__xdcDup__17 
Detailed RTL Component Info : 
+---Registers : 
	              108 Bit    Registers := 1     
Module waveform_buffer_storage__xdcDup__17 
Detailed RTL Component Info : 
+---Registers : 
	               21 Bit    Registers := 7     
+---Muxes : 
	   2 Input      8 Bit        Muxes := 1     
Module wvb_wr_ctrl__29 
Detailed RTL Component Info : 
+---Adders : 
	   2 Input     32 Bit       Adders := 5     
	   2 Input     12 Bit       Adders := 2     
	   2 Input      9 Bit       Adders := 3     
	   2 Input      8 Bit       Adders := 1     
	   2 Input      5 Bit       Adders := 1     
	   2 Input      3 Bit       Adders := 1     
+---Registers : 
	               49 Bit    Registers := 1     
	               32 Bit    Registers := 1     
	               19 Bit    Registers := 1     
	               12 Bit    Registers := 4     
	                9 Bit    Registers := 4     
	                8 Bit    Registers := 2     
	                5 Bit    Registers := 2     
	                3 Bit    Registers := 2     
	                2 Bit    Registers := 1     
	                1 Bit    Registers := 13    
+---Muxes : 
	   2 Input     32 Bit        Muxes := 7     
	   6 Input     32 Bit        Muxes := 1     
	   2 Input     12 Bit        Muxes := 2     
	   6 Input      9 Bit        Muxes := 1     
	   2 Input      9 Bit        Muxes := 3     
	   2 Input      8 Bit        Muxes := 1     
	   2 Input      5 Bit        Muxes := 1     
	   6 Input      3 Bit        Muxes := 1     
	   2 Input      3 Bit        Muxes := 3     
	   2 Input      1 Bit        Muxes := 7     
	   6 Input      1 Bit        Muxes := 5     
Module wvb_rd_addr_ctrl__29 
Detailed RTL Component Info : 
+---Adders : 
	   2 Input      9 Bit       Adders := 1     
	   2 Input      3 Bit       Adders := 1     
+---Registers : 
	                9 Bit    Registers := 1     
	                3 Bit    Registers := 1     
+---Muxes : 
	   2 Input      9 Bit        Muxes := 3     
	   4 Input      3 Bit        Muxes := 1     
	   2 Input      3 Bit        Muxes := 4     
	   2 Input      1 Bit        Muxes := 2     
Module wvb_overflow_ctrl__29 
Detailed RTL Component Info : 
+---Adders : 
	   2 Input     49 Bit       Adders := 1     
	   2 Input      9 Bit       Adders := 1     
	   3 Input      9 Bit       Adders := 1     
	   2 Input      3 Bit       Adders := 1     
+---Registers : 
	               49 Bit    Registers := 3     
	                9 Bit    Registers := 3     
	                3 Bit    Registers := 1     
	                1 Bit    Registers := 5     
+---Muxes : 
	   2 Input      3 Bit        Muxes := 5     
	   5 Input      3 Bit        Muxes := 1     
	   5 Input      1 Bit        Muxes := 4     
	   2 Input      1 Bit        Muxes := 1     
Module waveform_buffer__xdcDup__17 
Detailed RTL Component Info : 
+---Registers : 
	                1 Bit    Registers := 1     
Module waveform_acquisition__xdcDup__17 
Detailed RTL Component Info : 
+---Registers : 
	               45 Bit    Registers := 1     
	               40 Bit    Registers := 1     
	               20 Bit    Registers := 1     
	               12 Bit    Registers := 1     
	                8 Bit    Registers := 2     
	                3 Bit    Registers := 1     
	                2 Bit    Registers := 1     
	                1 Bit    Registers := 6     
Module posedge_detector__52 
Detailed RTL Component Info : 
+---Registers : 
	                1 Bit    Registers := 1     
Module posedge_detector__53 
Detailed RTL Component Info : 
+---Registers : 
	                1 Bit    Registers := 1     
Module posedge_detector__60 
Detailed RTL Component Info : 
+---Registers : 
	                1 Bit    Registers := 1     
Module mdom_trigger__33 
Detailed RTL Component Info : 
+---Registers : 
	               12 Bit    Registers := 1     
	                8 Bit    Registers := 1     
	                2 Bit    Registers := 1     
	                1 Bit    Registers := 4     
+---Muxes : 
	   5 Input      2 Bit        Muxes := 1     
	   2 Input      1 Bit        Muxes := 3     
Module deviation_detector__33 
Detailed RTL Component Info : 
+---Adders : 
	   4 Input     14 Bit       Adders := 2     
+---Registers : 
	                1 Bit    Registers := 1     
Module pulse_extender__33 
Detailed RTL Component Info : 
+---Adders : 
	   2 Input     32 Bit       Adders := 2     
+---Registers : 
	               32 Bit    Registers := 1     
	                1 Bit    Registers := 1     
+---Muxes : 
	   3 Input     32 Bit        Muxes := 1     
	   3 Input      2 Bit        Muxes := 1     
	   2 Input      2 Bit        Muxes := 3     
	   2 Input      1 Bit        Muxes := 3     
	   3 Input      1 Bit        Muxes := 2     
Module delay_n__parameterized0__33 
Detailed RTL Component Info : 
+---Registers : 
	               60 Bit    Registers := 1     
Module rollingsum_lutram__xdcDup__10 
Detailed RTL Component Info : 
+---Adders : 
	   2 Input     32 Bit       Adders := 1     
	   4 Input     19 Bit       Adders := 1     
	   2 Input      7 Bit       Adders := 1     
	   3 Input      7 Bit       Adders := 1     
+---Registers : 
	               19 Bit    Registers := 1     
	               12 Bit    Registers := 1     
	                8 Bit    Registers := 2     
	                7 Bit    Registers := 1     
	                1 Bit    Registers := 1     
+---Muxes : 
	   2 Input     19 Bit        Muxes := 1     
	   2 Input     12 Bit        Muxes := 2     
	   2 Input      8 Bit        Muxes := 2     
	   2 Input      1 Bit        Muxes := 2     
Module pretrigger_buffer__xdcDup__10 
Detailed RTL Component Info : 
+---Adders : 
	   2 Input      6 Bit       Adders := 1     
	   2 Input      5 Bit       Adders := 1     
	   3 Input      5 Bit       Adders := 1     
+---Registers : 
	                6 Bit    Registers := 1     
	                5 Bit    Registers := 1     
+---Muxes : 
	   2 Input      5 Bit        Muxes := 1     
Module distributed_hdr_fifo__xdcDup__10 
Detailed RTL Component Info : 
+---Registers : 
	              108 Bit    Registers := 1     
Module waveform_buffer_storage__xdcDup__10 
Detailed RTL Component Info : 
+---Registers : 
	               21 Bit    Registers := 7     
+---Muxes : 
	   2 Input      8 Bit        Muxes := 1     
Module wvb_wr_ctrl__33 
Detailed RTL Component Info : 
+---Adders : 
	   2 Input     32 Bit       Adders := 5     
	   2 Input     12 Bit       Adders := 2     
	   2 Input      9 Bit       Adders := 3     
	   2 Input      8 Bit       Adders := 1     
	   2 Input      5 Bit       Adders := 1     
	   2 Input      3 Bit       Adders := 1     
+---Registers : 
	               49 Bit    Registers := 1     
	               32 Bit    Registers := 1     
	               19 Bit    Registers := 1     
	               12 Bit    Registers := 4     
	                9 Bit    Registers := 4     
	                8 Bit    Registers := 2     
	                5 Bit    Registers := 2     
	                3 Bit    Registers := 2     
	                2 Bit    Registers := 1     
	                1 Bit    Registers := 13    
+---Muxes : 
	   2 Input     32 Bit        Muxes := 7     
	   6 Input     32 Bit        Muxes := 1     
	   2 Input     12 Bit        Muxes := 2     
	   6 Input      9 Bit        Muxes := 1     
	   2 Input      9 Bit        Muxes := 3     
	   2 Input      8 Bit        Muxes := 1     
	   2 Input      5 Bit        Muxes := 1     
	   6 Input      3 Bit        Muxes := 1     
	   2 Input      3 Bit        Muxes := 3     
	   2 Input      1 Bit        Muxes := 7     
	   6 Input      1 Bit        Muxes := 5     
Module wvb_rd_addr_ctrl__33 
Detailed RTL Component Info : 
+---Adders : 
	   2 Input      9 Bit       Adders := 1     
	   2 Input      3 Bit       Adders := 1     
+---Registers : 
	                9 Bit    Registers := 1     
	                3 Bit    Registers := 1     
+---Muxes : 
	   2 Input      9 Bit        Muxes := 3     
	   4 Input      3 Bit        Muxes := 1     
	   2 Input      3 Bit        Muxes := 4     
	   2 Input      1 Bit        Muxes := 2     
Module wvb_overflow_ctrl__33 
Detailed RTL Component Info : 
+---Adders : 
	   2 Input     49 Bit       Adders := 1     
	   2 Input      9 Bit       Adders := 1     
	   3 Input      9 Bit       Adders := 1     
	   2 Input      3 Bit       Adders := 1     
+---Registers : 
	               49 Bit    Registers := 3     
	                9 Bit    Registers := 3     
	                3 Bit    Registers := 1     
	                1 Bit    Registers := 5     
+---Muxes : 
	   2 Input      3 Bit        Muxes := 5     
	   5 Input      3 Bit        Muxes := 1     
	   5 Input      1 Bit        Muxes := 4     
	   2 Input      1 Bit        Muxes := 1     
Module waveform_buffer__xdcDup__10 
Detailed RTL Component Info : 
+---Registers : 
	                1 Bit    Registers := 1     
Module waveform_acquisition__xdcDup__10 
Detailed RTL Component Info : 
+---Registers : 
	               45 Bit    Registers := 1     
	               40 Bit    Registers := 1     
	               20 Bit    Registers := 1     
	               12 Bit    Registers := 1     
	                8 Bit    Registers := 2     
	                3 Bit    Registers := 1     
	                2 Bit    Registers := 1     
	                1 Bit    Registers := 6     
Module posedge_detector__59 
Detailed RTL Component Info : 
+---Registers : 
	                1 Bit    Registers := 1     
Module posedge_detector__58 
Detailed RTL Component Info : 
+---Registers : 
	                1 Bit    Registers := 1     
Module posedge_detector__57 
Detailed RTL Component Info : 
+---Registers : 
	                1 Bit    Registers := 1     
Module mdom_trigger__32 
Detailed RTL Component Info : 
+---Registers : 
	               12 Bit    Registers := 1     
	                8 Bit    Registers := 1     
	                2 Bit    Registers := 1     
	                1 Bit    Registers := 4     
+---Muxes : 
	   5 Input      2 Bit        Muxes := 1     
	   2 Input      1 Bit        Muxes := 3     
Module deviation_detector__32 
Detailed RTL Component Info : 
+---Adders : 
	   4 Input     14 Bit       Adders := 2     
+---Registers : 
	                1 Bit    Registers := 1     
Module pulse_extender__32 
Detailed RTL Component Info : 
+---Adders : 
	   2 Input     32 Bit       Adders := 2     
+---Registers : 
	               32 Bit    Registers := 1     
	                1 Bit    Registers := 1     
+---Muxes : 
	   3 Input     32 Bit        Muxes := 1     
	   3 Input      2 Bit        Muxes := 1     
	   2 Input      2 Bit        Muxes := 3     
	   2 Input      1 Bit        Muxes := 3     
	   3 Input      1 Bit        Muxes := 2     
Module delay_n__parameterized0__32 
Detailed RTL Component Info : 
+---Registers : 
	               60 Bit    Registers := 1     
Module rollingsum_lutram__xdcDup__9 
Detailed RTL Component Info : 
+---Adders : 
	   2 Input     32 Bit       Adders := 1     
	   4 Input     19 Bit       Adders := 1     
	   2 Input      7 Bit       Adders := 1     
	   3 Input      7 Bit       Adders := 1     
+---Registers : 
	               19 Bit    Registers := 1     
	               12 Bit    Registers := 1     
	                8 Bit    Registers := 2     
	                7 Bit    Registers := 1     
	                1 Bit    Registers := 1     
+---Muxes : 
	   2 Input     19 Bit        Muxes := 1     
	   2 Input     12 Bit        Muxes := 2     
	   2 Input      8 Bit        Muxes := 2     
	   2 Input      1 Bit        Muxes := 2     
Module pretrigger_buffer__xdcDup__9 
Detailed RTL Component Info : 
+---Adders : 
	   2 Input      6 Bit       Adders := 1     
	   2 Input      5 Bit       Adders := 1     
	   3 Input      5 Bit       Adders := 1     
+---Registers : 
	                6 Bit    Registers := 1     
	                5 Bit    Registers := 1     
+---Muxes : 
	   2 Input      5 Bit        Muxes := 1     
Module distributed_hdr_fifo__xdcDup__9 
Detailed RTL Component Info : 
+---Registers : 
	              108 Bit    Registers := 1     
Module waveform_buffer_storage__xdcDup__9 
Detailed RTL Component Info : 
+---Registers : 
	               21 Bit    Registers := 7     
+---Muxes : 
	   2 Input      8 Bit        Muxes := 1     
Module wvb_wr_ctrl__32 
Detailed RTL Component Info : 
+---Adders : 
	   2 Input     32 Bit       Adders := 5     
	   2 Input     12 Bit       Adders := 2     
	   2 Input      9 Bit       Adders := 3     
	   2 Input      8 Bit       Adders := 1     
	   2 Input      5 Bit       Adders := 1     
	   2 Input      3 Bit       Adders := 1     
+---Registers : 
	               49 Bit    Registers := 1     
	               32 Bit    Registers := 1     
	               19 Bit    Registers := 1     
	               12 Bit    Registers := 4     
	                9 Bit    Registers := 4     
	                8 Bit    Registers := 2     
	                5 Bit    Registers := 2     
	                3 Bit    Registers := 2     
	                2 Bit    Registers := 1     
	                1 Bit    Registers := 13    
+---Muxes : 
	   2 Input     32 Bit        Muxes := 7     
	   6 Input     32 Bit        Muxes := 1     
	   2 Input     12 Bit        Muxes := 2     
	   6 Input      9 Bit        Muxes := 1     
	   2 Input      9 Bit        Muxes := 3     
	   2 Input      8 Bit        Muxes := 1     
	   2 Input      5 Bit        Muxes := 1     
	   6 Input      3 Bit        Muxes := 1     
	   2 Input      3 Bit        Muxes := 3     
	   2 Input      1 Bit        Muxes := 7     
	   6 Input      1 Bit        Muxes := 5     
Module wvb_rd_addr_ctrl__32 
Detailed RTL Component Info : 
+---Adders : 
	   2 Input      9 Bit       Adders := 1     
	   2 Input      3 Bit       Adders := 1     
+---Registers : 
	                9 Bit    Registers := 1     
	                3 Bit    Registers := 1     
+---Muxes : 
	   2 Input      9 Bit        Muxes := 3     
	   4 Input      3 Bit        Muxes := 1     
	   2 Input      3 Bit        Muxes := 4     
	   2 Input      1 Bit        Muxes := 2     
Module wvb_overflow_ctrl__32 
Detailed RTL Component Info : 
+---Adders : 
	   2 Input     49 Bit       Adders := 1     
	   2 Input      9 Bit       Adders := 1     
	   3 Input      9 Bit       Adders := 1     
	   2 Input      3 Bit       Adders := 1     
+---Registers : 
	               49 Bit    Registers := 3     
	                9 Bit    Registers := 3     
	                3 Bit    Registers := 1     
	                1 Bit    Registers := 5     
+---Muxes : 
	   2 Input      3 Bit        Muxes := 5     
	   5 Input      3 Bit        Muxes := 1     
	   5 Input      1 Bit        Muxes := 4     
	   2 Input      1 Bit        Muxes := 1     
Module waveform_buffer__xdcDup__9 
Detailed RTL Component Info : 
+---Registers : 
	                1 Bit    Registers := 1     
Module waveform_acquisition__xdcDup__9 
Detailed RTL Component Info : 
+---Registers : 
	               45 Bit    Registers := 1     
	               40 Bit    Registers := 1     
	               20 Bit    Registers := 1     
	               12 Bit    Registers := 1     
	                8 Bit    Registers := 2     
	                3 Bit    Registers := 1     
	                2 Bit    Registers := 1     
	                1 Bit    Registers := 6     
Module posedge_detector__56 
Detailed RTL Component Info : 
+---Registers : 
	                1 Bit    Registers := 1     
Module posedge_detector__55 
Detailed RTL Component Info : 
+---Registers : 
	                1 Bit    Registers := 1     
Module posedge_detector__54 
Detailed RTL Component Info : 
+---Registers : 
	                1 Bit    Registers := 1     
Module mdom_trigger__31 
Detailed RTL Component Info : 
+---Registers : 
	               12 Bit    Registers := 1     
	                8 Bit    Registers := 1     
	                2 Bit    Registers := 1     
	                1 Bit    Registers := 4     
+---Muxes : 
	   5 Input      2 Bit        Muxes := 1     
	   2 Input      1 Bit        Muxes := 3     
Module deviation_detector__31 
Detailed RTL Component Info : 
+---Adders : 
	   4 Input     14 Bit       Adders := 2     
+---Registers : 
	                1 Bit    Registers := 1     
Module pulse_extender__31 
Detailed RTL Component Info : 
+---Adders : 
	   2 Input     32 Bit       Adders := 2     
+---Registers : 
	               32 Bit    Registers := 1     
	                1 Bit    Registers := 1     
+---Muxes : 
	   3 Input     32 Bit        Muxes := 1     
	   3 Input      2 Bit        Muxes := 1     
	   2 Input      2 Bit        Muxes := 3     
	   2 Input      1 Bit        Muxes := 3     
	   3 Input      1 Bit        Muxes := 2     
Module delay_n__parameterized0__31 
Detailed RTL Component Info : 
+---Registers : 
	               60 Bit    Registers := 1     
Module rollingsum_lutram__xdcDup__20 
Detailed RTL Component Info : 
+---Adders : 
	   2 Input     32 Bit       Adders := 1     
	   4 Input     19 Bit       Adders := 1     
	   2 Input      7 Bit       Adders := 1     
	   3 Input      7 Bit       Adders := 1     
+---Registers : 
	               19 Bit    Registers := 1     
	               12 Bit    Registers := 1     
	                8 Bit    Registers := 2     
	                7 Bit    Registers := 1     
	                1 Bit    Registers := 1     
+---Muxes : 
	   2 Input     19 Bit        Muxes := 1     
	   2 Input     12 Bit        Muxes := 2     
	   2 Input      8 Bit        Muxes := 2     
	   2 Input      1 Bit        Muxes := 2     
Module pretrigger_buffer__xdcDup__20 
Detailed RTL Component Info : 
+---Adders : 
	   2 Input      6 Bit       Adders := 1     
	   2 Input      5 Bit       Adders := 1     
	   3 Input      5 Bit       Adders := 1     
+---Registers : 
	                6 Bit    Registers := 1     
	                5 Bit    Registers := 1     
+---Muxes : 
	   2 Input      5 Bit        Muxes := 1     
Module distributed_hdr_fifo__xdcDup__20 
Detailed RTL Component Info : 
+---Registers : 
	              108 Bit    Registers := 1     
Module waveform_buffer_storage__xdcDup__20 
Detailed RTL Component Info : 
+---Registers : 
	               21 Bit    Registers := 7     
+---Muxes : 
	   2 Input      8 Bit        Muxes := 1     
Module wvb_wr_ctrl__31 
Detailed RTL Component Info : 
+---Adders : 
	   2 Input     32 Bit       Adders := 5     
	   2 Input     12 Bit       Adders := 2     
	   2 Input      9 Bit       Adders := 3     
	   2 Input      8 Bit       Adders := 1     
	   2 Input      5 Bit       Adders := 1     
	   2 Input      3 Bit       Adders := 1     
+---Registers : 
	               49 Bit    Registers := 1     
	               32 Bit    Registers := 1     
	               19 Bit    Registers := 1     
	               12 Bit    Registers := 4     
	                9 Bit    Registers := 4     
	                8 Bit    Registers := 2     
	                5 Bit    Registers := 2     
	                3 Bit    Registers := 2     
	                2 Bit    Registers := 1     
	                1 Bit    Registers := 13    
+---Muxes : 
	   2 Input     32 Bit        Muxes := 7     
	   6 Input     32 Bit        Muxes := 1     
	   2 Input     12 Bit        Muxes := 2     
	   6 Input      9 Bit        Muxes := 1     
	   2 Input      9 Bit        Muxes := 3     
	   2 Input      8 Bit        Muxes := 1     
	   2 Input      5 Bit        Muxes := 1     
	   6 Input      3 Bit        Muxes := 1     
	   2 Input      3 Bit        Muxes := 3     
	   2 Input      1 Bit        Muxes := 7     
	   6 Input      1 Bit        Muxes := 5     
Module wvb_rd_addr_ctrl__31 
Detailed RTL Component Info : 
+---Adders : 
	   2 Input      9 Bit       Adders := 1     
	   2 Input      3 Bit       Adders := 1     
+---Registers : 
	                9 Bit    Registers := 1     
	                3 Bit    Registers := 1     
+---Muxes : 
	   2 Input      9 Bit        Muxes := 3     
	   4 Input      3 Bit        Muxes := 1     
	   2 Input      3 Bit        Muxes := 4     
	   2 Input      1 Bit        Muxes := 2     
Module wvb_overflow_ctrl__31 
Detailed RTL Component Info : 
+---Adders : 
	   2 Input     49 Bit       Adders := 1     
	   2 Input      9 Bit       Adders := 1     
	   3 Input      9 Bit       Adders := 1     
	   2 Input      3 Bit       Adders := 1     
+---Registers : 
	               49 Bit    Registers := 3     
	                9 Bit    Registers := 3     
	                3 Bit    Registers := 1     
	                1 Bit    Registers := 5     
+---Muxes : 
	   2 Input      3 Bit        Muxes := 5     
	   5 Input      3 Bit        Muxes := 1     
	   5 Input      1 Bit        Muxes := 4     
	   2 Input      1 Bit        Muxes := 1     
Module waveform_buffer__xdcDup__20 
Detailed RTL Component Info : 
+---Registers : 
	                1 Bit    Registers := 1     
Module waveform_acquisition__xdcDup__20 
Detailed RTL Component Info : 
+---Registers : 
	               45 Bit    Registers := 1     
	               40 Bit    Registers := 1     
	               20 Bit    Registers := 1     
	               12 Bit    Registers := 1     
	                8 Bit    Registers := 2     
	                3 Bit    Registers := 1     
	                2 Bit    Registers := 1     
	                1 Bit    Registers := 6     
Module posedge_detector__62 
Detailed RTL Component Info : 
+---Registers : 
	                1 Bit    Registers := 1     
Module posedge_detector__63 
Detailed RTL Component Info : 
+---Registers : 
	                1 Bit    Registers := 1     
Module posedge_detector__67 
Detailed RTL Component Info : 
+---Registers : 
	                1 Bit    Registers := 1     
Module mdom_trigger__35 
Detailed RTL Component Info : 
+---Registers : 
	               12 Bit    Registers := 1     
	                8 Bit    Registers := 1     
	                2 Bit    Registers := 1     
	                1 Bit    Registers := 4     
+---Muxes : 
	   5 Input      2 Bit        Muxes := 1     
	   2 Input      1 Bit        Muxes := 3     
Module deviation_detector__35 
Detailed RTL Component Info : 
+---Adders : 
	   4 Input     14 Bit       Adders := 2     
+---Registers : 
	                1 Bit    Registers := 1     
Module pulse_extender__35 
Detailed RTL Component Info : 
+---Adders : 
	   2 Input     32 Bit       Adders := 2     
+---Registers : 
	               32 Bit    Registers := 1     
	                1 Bit    Registers := 1     
+---Muxes : 
	   3 Input     32 Bit        Muxes := 1     
	   3 Input      2 Bit        Muxes := 1     
	   2 Input      2 Bit        Muxes := 3     
	   2 Input      1 Bit        Muxes := 3     
	   3 Input      1 Bit        Muxes := 2     
Module delay_n__parameterized0__35 
Detailed RTL Component Info : 
+---Registers : 
	               60 Bit    Registers := 1     
Module rollingsum_lutram__xdcDup__15 
Detailed RTL Component Info : 
+---Adders : 
	   2 Input     32 Bit       Adders := 1     
	   4 Input     19 Bit       Adders := 1     
	   2 Input      7 Bit       Adders := 1     
	   3 Input      7 Bit       Adders := 1     
+---Registers : 
	               19 Bit    Registers := 1     
	               12 Bit    Registers := 1     
	                8 Bit    Registers := 2     
	                7 Bit    Registers := 1     
	                1 Bit    Registers := 1     
+---Muxes : 
	   2 Input     19 Bit        Muxes := 1     
	   2 Input     12 Bit        Muxes := 2     
	   2 Input      8 Bit        Muxes := 2     
	   2 Input      1 Bit        Muxes := 2     
Module pretrigger_buffer__xdcDup__15 
Detailed RTL Component Info : 
+---Adders : 
	   2 Input      6 Bit       Adders := 1     
	   2 Input      5 Bit       Adders := 1     
	   3 Input      5 Bit       Adders := 1     
+---Registers : 
	                6 Bit    Registers := 1     
	                5 Bit    Registers := 1     
+---Muxes : 
	   2 Input      5 Bit        Muxes := 1     
Module distributed_hdr_fifo__xdcDup__15 
Detailed RTL Component Info : 
+---Registers : 
	              108 Bit    Registers := 1     
Module waveform_buffer_storage__xdcDup__15 
Detailed RTL Component Info : 
+---Registers : 
	               21 Bit    Registers := 7     
+---Muxes : 
	   2 Input      8 Bit        Muxes := 1     
Module wvb_wr_ctrl__35 
Detailed RTL Component Info : 
+---Adders : 
	   2 Input     32 Bit       Adders := 5     
	   2 Input     12 Bit       Adders := 2     
	   2 Input      9 Bit       Adders := 3     
	   2 Input      8 Bit       Adders := 1     
	   2 Input      5 Bit       Adders := 1     
	   2 Input      3 Bit       Adders := 1     
+---Registers : 
	               49 Bit    Registers := 1     
	               32 Bit    Registers := 1     
	               19 Bit    Registers := 1     
	               12 Bit    Registers := 4     
	                9 Bit    Registers := 4     
	                8 Bit    Registers := 2     
	                5 Bit    Registers := 2     
	                3 Bit    Registers := 2     
	                2 Bit    Registers := 1     
	                1 Bit    Registers := 13    
+---Muxes : 
	   2 Input     32 Bit        Muxes := 7     
	   6 Input     32 Bit        Muxes := 1     
	   2 Input     12 Bit        Muxes := 2     
	   6 Input      9 Bit        Muxes := 1     
	   2 Input      9 Bit        Muxes := 3     
	   2 Input      8 Bit        Muxes := 1     
	   2 Input      5 Bit        Muxes := 1     
	   6 Input      3 Bit        Muxes := 1     
	   2 Input      3 Bit        Muxes := 3     
	   2 Input      1 Bit        Muxes := 7     
	   6 Input      1 Bit        Muxes := 5     
Module wvb_rd_addr_ctrl__35 
Detailed RTL Component Info : 
+---Adders : 
	   2 Input      9 Bit       Adders := 1     
	   2 Input      3 Bit       Adders := 1     
+---Registers : 
	                9 Bit    Registers := 1     
	                3 Bit    Registers := 1     
+---Muxes : 
	   2 Input      9 Bit        Muxes := 3     
	   4 Input      3 Bit        Muxes := 1     
	   2 Input      3 Bit        Muxes := 4     
	   2 Input      1 Bit        Muxes := 2     
Module wvb_overflow_ctrl__35 
Detailed RTL Component Info : 
+---Adders : 
	   2 Input     49 Bit       Adders := 1     
	   2 Input      9 Bit       Adders := 1     
	   3 Input      9 Bit       Adders := 1     
	   2 Input      3 Bit       Adders := 1     
+---Registers : 
	               49 Bit    Registers := 3     
	                9 Bit    Registers := 3     
	                3 Bit    Registers := 1     
	                1 Bit    Registers := 5     
+---Muxes : 
	   2 Input      3 Bit        Muxes := 5     
	   5 Input      3 Bit        Muxes := 1     
	   5 Input      1 Bit        Muxes := 4     
	   2 Input      1 Bit        Muxes := 1     
Module waveform_buffer__xdcDup__15 
Detailed RTL Component Info : 
+---Registers : 
	                1 Bit    Registers := 1     
Module waveform_acquisition__xdcDup__15 
Detailed RTL Component Info : 
+---Registers : 
	               45 Bit    Registers := 1     
	               40 Bit    Registers := 1     
	               20 Bit    Registers := 1     
	               12 Bit    Registers := 1     
	                8 Bit    Registers := 2     
	                3 Bit    Registers := 1     
	                2 Bit    Registers := 1     
	                1 Bit    Registers := 6     
Module posedge_detector__66 
Detailed RTL Component Info : 
+---Registers : 
	                1 Bit    Registers := 1     
Module posedge_detector__65 
Detailed RTL Component Info : 
+---Registers : 
	                1 Bit    Registers := 1     
Module posedge_detector__64 
Detailed RTL Component Info : 
+---Registers : 
	                1 Bit    Registers := 1     
Module mdom_trigger__34 
Detailed RTL Component Info : 
+---Registers : 
	               12 Bit    Registers := 1     
	                8 Bit    Registers := 1     
	                2 Bit    Registers := 1     
	                1 Bit    Registers := 4     
+---Muxes : 
	   5 Input      2 Bit        Muxes := 1     
	   2 Input      1 Bit        Muxes := 3     
Module deviation_detector__34 
Detailed RTL Component Info : 
+---Adders : 
	   4 Input     14 Bit       Adders := 2     
+---Registers : 
	                1 Bit    Registers := 1     
Module pulse_extender__34 
Detailed RTL Component Info : 
+---Adders : 
	   2 Input     32 Bit       Adders := 2     
+---Registers : 
	               32 Bit    Registers := 1     
	                1 Bit    Registers := 1     
+---Muxes : 
	   3 Input     32 Bit        Muxes := 1     
	   3 Input      2 Bit        Muxes := 1     
	   2 Input      2 Bit        Muxes := 3     
	   2 Input      1 Bit        Muxes := 3     
	   3 Input      1 Bit        Muxes := 2     
Module delay_n__parameterized0__34 
Detailed RTL Component Info : 
+---Registers : 
	               60 Bit    Registers := 1     
Module rollingsum_lutram__xdcDup__14 
Detailed RTL Component Info : 
+---Adders : 
	   2 Input     32 Bit       Adders := 1     
	   4 Input     19 Bit       Adders := 1     
	   2 Input      7 Bit       Adders := 1     
	   3 Input      7 Bit       Adders := 1     
+---Registers : 
	               19 Bit    Registers := 1     
	               12 Bit    Registers := 1     
	                8 Bit    Registers := 2     
	                7 Bit    Registers := 1     
	                1 Bit    Registers := 1     
+---Muxes : 
	   2 Input     19 Bit        Muxes := 1     
	   2 Input     12 Bit        Muxes := 2     
	   2 Input      8 Bit        Muxes := 2     
	   2 Input      1 Bit        Muxes := 2     
Module pretrigger_buffer__xdcDup__14 
Detailed RTL Component Info : 
+---Adders : 
	   2 Input      6 Bit       Adders := 1     
	   2 Input      5 Bit       Adders := 1     
	   3 Input      5 Bit       Adders := 1     
+---Registers : 
	                6 Bit    Registers := 1     
	                5 Bit    Registers := 1     
+---Muxes : 
	   2 Input      5 Bit        Muxes := 1     
Module distributed_hdr_fifo__xdcDup__14 
Detailed RTL Component Info : 
+---Registers : 
	              108 Bit    Registers := 1     
Module waveform_buffer_storage__xdcDup__14 
Detailed RTL Component Info : 
+---Registers : 
	               21 Bit    Registers := 7     
+---Muxes : 
	   2 Input      8 Bit        Muxes := 1     
Module wvb_wr_ctrl__34 
Detailed RTL Component Info : 
+---Adders : 
	   2 Input     32 Bit       Adders := 5     
	   2 Input     12 Bit       Adders := 2     
	   2 Input      9 Bit       Adders := 3     
	   2 Input      8 Bit       Adders := 1     
	   2 Input      5 Bit       Adders := 1     
	   2 Input      3 Bit       Adders := 1     
+---Registers : 
	               49 Bit    Registers := 1     
	               32 Bit    Registers := 1     
	               19 Bit    Registers := 1     
	               12 Bit    Registers := 4     
	                9 Bit    Registers := 4     
	                8 Bit    Registers := 2     
	                5 Bit    Registers := 2     
	                3 Bit    Registers := 2     
	                2 Bit    Registers := 1     
	                1 Bit    Registers := 13    
+---Muxes : 
	   2 Input     32 Bit        Muxes := 7     
	   6 Input     32 Bit        Muxes := 1     
	   2 Input     12 Bit        Muxes := 2     
	   6 Input      9 Bit        Muxes := 1     
	   2 Input      9 Bit        Muxes := 3     
	   2 Input      8 Bit        Muxes := 1     
	   2 Input      5 Bit        Muxes := 1     
	   6 Input      3 Bit        Muxes := 1     
	   2 Input      3 Bit        Muxes := 3     
	   2 Input      1 Bit        Muxes := 7     
	   6 Input      1 Bit        Muxes := 5     
Module wvb_rd_addr_ctrl__34 
Detailed RTL Component Info : 
+---Adders : 
	   2 Input      9 Bit       Adders := 1     
	   2 Input      3 Bit       Adders := 1     
+---Registers : 
	                9 Bit    Registers := 1     
	                3 Bit    Registers := 1     
+---Muxes : 
	   2 Input      9 Bit        Muxes := 3     
	   4 Input      3 Bit        Muxes := 1     
	   2 Input      3 Bit        Muxes := 4     
	   2 Input      1 Bit        Muxes := 2     
Module wvb_overflow_ctrl__34 
Detailed RTL Component Info : 
+---Adders : 
	   2 Input     49 Bit       Adders := 1     
	   2 Input      9 Bit       Adders := 1     
	   3 Input      9 Bit       Adders := 1     
	   2 Input      3 Bit       Adders := 1     
+---Registers : 
	               49 Bit    Registers := 3     
	                9 Bit    Registers := 3     
	                3 Bit    Registers := 1     
	                1 Bit    Registers := 5     
+---Muxes : 
	   2 Input      3 Bit        Muxes := 5     
	   5 Input      3 Bit        Muxes := 1     
	   5 Input      1 Bit        Muxes := 4     
	   2 Input      1 Bit        Muxes := 1     
Module waveform_buffer__xdcDup__14 
Detailed RTL Component Info : 
+---Registers : 
	                1 Bit    Registers := 1     
Module waveform_acquisition__xdcDup__14 
Detailed RTL Component Info : 
+---Registers : 
	               45 Bit    Registers := 1     
	               40 Bit    Registers := 1     
	               20 Bit    Registers := 1     
	               12 Bit    Registers := 1     
	                8 Bit    Registers := 2     
	                3 Bit    Registers := 1     
	                2 Bit    Registers := 1     
	                1 Bit    Registers := 6     
Module wvb_rd_ctrl_fmt_3 
Detailed RTL Component Info : 
+---Adders : 
	   2 Input     32 Bit       Adders := 1     
	   2 Input     12 Bit       Adders := 1     
	   3 Input     11 Bit       Adders := 1     
	   2 Input      9 Bit       Adders := 1     
	   2 Input      8 Bit       Adders := 1     
+---Registers : 
	              128 Bit    Registers := 1     
	               32 Bit    Registers := 1     
	               16 Bit    Registers := 2     
	                8 Bit    Registers := 1     
	                1 Bit    Registers := 4     
+---Muxes : 
	   6 Input    128 Bit        Muxes := 1     
	   6 Input     32 Bit        Muxes := 1     
	   6 Input     16 Bit        Muxes := 2     
	   6 Input      8 Bit        Muxes := 1     
	   6 Input      3 Bit        Muxes := 1     
	   2 Input      3 Bit        Muxes := 3     
	   6 Input      1 Bit        Muxes := 8     
Module n_channel_mux__parameterized4 
Detailed RTL Component Info : 
+---Muxes : 
	   3 Input     85 Bit        Muxes := 1     
Module n_channel_mux__parameterized5 
Detailed RTL Component Info : 
+---Muxes : 
	   3 Input    111 Bit        Muxes := 1     
Module n_channel_mux__parameterized6 
Detailed RTL Component Info : 
+---Muxes : 
	   3 Input      1 Bit        Muxes := 1     
Module posedge_detector__61 
Detailed RTL Component Info : 
+---Registers : 
	                1 Bit    Registers := 1     
Module wvb_reader 
Detailed RTL Component Info : 
+---Adders : 
	   2 Input      6 Bit       Adders := 1     
+---Registers : 
	              333 Bit    Registers := 1     
	              255 Bit    Registers := 1     
	              111 Bit    Registers := 1     
	               85 Bit    Registers := 1     
	                5 Bit    Registers := 1     
	                1 Bit    Registers := 2     
+---Muxes : 
	   2 Input      5 Bit        Muxes := 3     
	   5 Input      5 Bit        Muxes := 1     
	   5 Input      3 Bit        Muxes := 1     
	   2 Input      3 Bit        Muxes := 2     
	   5 Input      1 Bit        Muxes := 5     
Module overflow_fifo_ctrl 
Detailed RTL Component Info : 
+---Adders : 
	   2 Input      6 Bit       Adders := 1     
+---Registers : 
	              103 Bit    Registers := 1     
	               49 Bit    Registers := 2     
	               24 Bit    Registers := 2     
	                5 Bit    Registers := 1     
	                1 Bit    Registers := 2     
+---Muxes : 
	   5 Input    103 Bit        Muxes := 1     
	   2 Input     24 Bit        Muxes := 1     
	   5 Input     24 Bit        Muxes := 1     
	   5 Input      5 Bit        Muxes := 1     
	   2 Input      5 Bit        Muxes := 5     
	   5 Input      1 Bit        Muxes := 1     
Module secondary_buffer__parameterized0 
Detailed RTL Component Info : 
+---Adders : 
	   2 Input     32 Bit       Adders := 3     
	   2 Input     12 Bit       Adders := 2     
	   3 Input     12 Bit       Adders := 1     
	   2 Input     11 Bit       Adders := 3     
	   3 Input     11 Bit       Adders := 1     
	   3 Input      9 Bit       Adders := 1     
	   2 Input      5 Bit       Adders := 5     
	   2 Input      3 Bit       Adders := 1     
+---Registers : 
	              170 Bit    Registers := 5     
	              117 Bit    Registers := 1     
	              102 Bit    Registers := 1     
	               32 Bit    Registers := 3     
	               16 Bit    Registers := 2     
	               12 Bit    Registers := 1     
	               11 Bit    Registers := 5     
	                8 Bit    Registers := 3     
	                5 Bit    Registers := 6     
	                3 Bit    Registers := 1     
	                1 Bit    Registers := 8     
+---Muxes : 
	   8 Input    170 Bit        Muxes := 2     
	   2 Input     32 Bit        Muxes := 4     
	   8 Input     32 Bit        Muxes := 3     
	   3 Input     16 Bit        Muxes := 1     
	   2 Input     12 Bit        Muxes := 3     
	   2 Input     11 Bit        Muxes := 1     
	   2 Input      8 Bit        Muxes := 1     
	   8 Input      8 Bit        Muxes := 3     
	   2 Input      5 Bit        Muxes := 4     
	   3 Input      5 Bit        Muxes := 2     
	   8 Input      3 Bit        Muxes := 1     
	   2 Input      3 Bit        Muxes := 14    
	   4 Input      3 Bit        Muxes := 1     
	   3 Input      2 Bit        Muxes := 1     
	   2 Input      2 Bit        Muxes := 3     
	   2 Input      1 Bit        Muxes := 6     
	   3 Input      1 Bit        Muxes := 2     
	   8 Input      1 Bit        Muxes := 10    
Module posedge_detector__68 
Detailed RTL Component Info : 
+---Registers : 
	                1 Bit    Registers := 1     
Module posedge_detector__69 
Detailed RTL Component Info : 
+---Registers : 
	                1 Bit    Registers := 1     
Module posedge_detector__73 
Detailed RTL Component Info : 
+---Registers : 
	                1 Bit    Registers := 1     
Module mdom_trigger__37 
Detailed RTL Component Info : 
+---Registers : 
	               12 Bit    Registers := 1     
	                8 Bit    Registers := 1     
	                2 Bit    Registers := 1     
	                1 Bit    Registers := 4     
+---Muxes : 
	   5 Input      2 Bit        Muxes := 1     
	   2 Input      1 Bit        Muxes := 3     
Module deviation_detector__37 
Detailed RTL Component Info : 
+---Adders : 
	   4 Input     14 Bit       Adders := 2     
+---Registers : 
	                1 Bit    Registers := 1     
Module pulse_extender__37 
Detailed RTL Component Info : 
+---Adders : 
	   2 Input     32 Bit       Adders := 2     
+---Registers : 
	               32 Bit    Registers := 1     
	                1 Bit    Registers := 1     
+---Muxes : 
	   3 Input     32 Bit        Muxes := 1     
	   3 Input      2 Bit        Muxes := 1     
	   2 Input      2 Bit        Muxes := 3     
	   2 Input      1 Bit        Muxes := 3     
	   3 Input      1 Bit        Muxes := 2     
Module delay_n__parameterized0__37 
Detailed RTL Component Info : 
+---Registers : 
	               60 Bit    Registers := 1     
Module rollingsum_lutram__xdcDup__12 
Detailed RTL Component Info : 
+---Adders : 
	   2 Input     32 Bit       Adders := 1     
	   4 Input     19 Bit       Adders := 1     
	   2 Input      7 Bit       Adders := 1     
	   3 Input      7 Bit       Adders := 1     
+---Registers : 
	               19 Bit    Registers := 1     
	               12 Bit    Registers := 1     
	                8 Bit    Registers := 2     
	                7 Bit    Registers := 1     
	                1 Bit    Registers := 1     
+---Muxes : 
	   2 Input     19 Bit        Muxes := 1     
	   2 Input     12 Bit        Muxes := 2     
	   2 Input      8 Bit        Muxes := 2     
	   2 Input      1 Bit        Muxes := 2     
Module pretrigger_buffer__xdcDup__12 
Detailed RTL Component Info : 
+---Adders : 
	   2 Input      6 Bit       Adders := 1     
	   2 Input      5 Bit       Adders := 1     
	   3 Input      5 Bit       Adders := 1     
+---Registers : 
	                6 Bit    Registers := 1     
	                5 Bit    Registers := 1     
+---Muxes : 
	   2 Input      5 Bit        Muxes := 1     
Module distributed_hdr_fifo__xdcDup__12 
Detailed RTL Component Info : 
+---Registers : 
	              108 Bit    Registers := 1     
Module waveform_buffer_storage__xdcDup__12 
Detailed RTL Component Info : 
+---Registers : 
	               21 Bit    Registers := 7     
+---Muxes : 
	   2 Input      8 Bit        Muxes := 1     
Module wvb_wr_ctrl__37 
Detailed RTL Component Info : 
+---Adders : 
	   2 Input     32 Bit       Adders := 5     
	   2 Input     12 Bit       Adders := 2     
	   2 Input      9 Bit       Adders := 3     
	   2 Input      8 Bit       Adders := 1     
	   2 Input      5 Bit       Adders := 1     
	   2 Input      3 Bit       Adders := 1     
+---Registers : 
	               49 Bit    Registers := 1     
	               32 Bit    Registers := 1     
	               19 Bit    Registers := 1     
	               12 Bit    Registers := 4     
	                9 Bit    Registers := 4     
	                8 Bit    Registers := 2     
	                5 Bit    Registers := 2     
	                3 Bit    Registers := 2     
	                2 Bit    Registers := 1     
	                1 Bit    Registers := 13    
+---Muxes : 
	   2 Input     32 Bit        Muxes := 7     
	   6 Input     32 Bit        Muxes := 1     
	   2 Input     12 Bit        Muxes := 2     
	   6 Input      9 Bit        Muxes := 1     
	   2 Input      9 Bit        Muxes := 3     
	   2 Input      8 Bit        Muxes := 1     
	   2 Input      5 Bit        Muxes := 1     
	   6 Input      3 Bit        Muxes := 1     
	   2 Input      3 Bit        Muxes := 3     
	   2 Input      1 Bit        Muxes := 7     
	   6 Input      1 Bit        Muxes := 5     
Module wvb_rd_addr_ctrl__37 
Detailed RTL Component Info : 
+---Adders : 
	   2 Input      9 Bit       Adders := 1     
	   2 Input      3 Bit       Adders := 1     
+---Registers : 
	                9 Bit    Registers := 1     
	                3 Bit    Registers := 1     
+---Muxes : 
	   2 Input      9 Bit        Muxes := 3     
	   4 Input      3 Bit        Muxes := 1     
	   2 Input      3 Bit        Muxes := 4     
	   2 Input      1 Bit        Muxes := 2     
Module wvb_overflow_ctrl__37 
Detailed RTL Component Info : 
+---Adders : 
	   2 Input     49 Bit       Adders := 1     
	   2 Input      9 Bit       Adders := 1     
	   3 Input      9 Bit       Adders := 1     
	   2 Input      3 Bit       Adders := 1     
+---Registers : 
	               49 Bit    Registers := 3     
	                9 Bit    Registers := 3     
	                3 Bit    Registers := 1     
	                1 Bit    Registers := 5     
+---Muxes : 
	   2 Input      3 Bit        Muxes := 5     
	   5 Input      3 Bit        Muxes := 1     
	   5 Input      1 Bit        Muxes := 4     
	   2 Input      1 Bit        Muxes := 1     
Module waveform_buffer__xdcDup__12 
Detailed RTL Component Info : 
+---Registers : 
	                1 Bit    Registers := 1     
Module waveform_acquisition__xdcDup__12 
Detailed RTL Component Info : 
+---Registers : 
	               45 Bit    Registers := 1     
	               40 Bit    Registers := 1     
	               20 Bit    Registers := 1     
	               12 Bit    Registers := 1     
	                8 Bit    Registers := 2     
	                3 Bit    Registers := 1     
	                2 Bit    Registers := 1     
	                1 Bit    Registers := 6     
Module posedge_detector__72 
Detailed RTL Component Info : 
+---Registers : 
	                1 Bit    Registers := 1     
Module posedge_detector__71 
Detailed RTL Component Info : 
+---Registers : 
	                1 Bit    Registers := 1     
Module posedge_detector__70 
Detailed RTL Component Info : 
+---Registers : 
	                1 Bit    Registers := 1     
Module mdom_trigger__36 
Detailed RTL Component Info : 
+---Registers : 
	               12 Bit    Registers := 1     
	                8 Bit    Registers := 1     
	                2 Bit    Registers := 1     
	                1 Bit    Registers := 4     
+---Muxes : 
	   5 Input      2 Bit        Muxes := 1     
	   2 Input      1 Bit        Muxes := 3     
Module deviation_detector__36 
Detailed RTL Component Info : 
+---Adders : 
	   4 Input     14 Bit       Adders := 2     
+---Registers : 
	                1 Bit    Registers := 1     
Module pulse_extender__36 
Detailed RTL Component Info : 
+---Adders : 
	   2 Input     32 Bit       Adders := 2     
+---Registers : 
	               32 Bit    Registers := 1     
	                1 Bit    Registers := 1     
+---Muxes : 
	   3 Input     32 Bit        Muxes := 1     
	   3 Input      2 Bit        Muxes := 1     
	   2 Input      2 Bit        Muxes := 3     
	   2 Input      1 Bit        Muxes := 3     
	   3 Input      1 Bit        Muxes := 2     
Module delay_n__parameterized0__36 
Detailed RTL Component Info : 
+---Registers : 
	               60 Bit    Registers := 1     
Module rollingsum_lutram__xdcDup__13 
Detailed RTL Component Info : 
+---Adders : 
	   2 Input     32 Bit       Adders := 1     
	   4 Input     19 Bit       Adders := 1     
	   2 Input      7 Bit       Adders := 1     
	   3 Input      7 Bit       Adders := 1     
+---Registers : 
	               19 Bit    Registers := 1     
	               12 Bit    Registers := 1     
	                8 Bit    Registers := 2     
	                7 Bit    Registers := 1     
	                1 Bit    Registers := 1     
+---Muxes : 
	   2 Input     19 Bit        Muxes := 1     
	   2 Input     12 Bit        Muxes := 2     
	   2 Input      8 Bit        Muxes := 2     
	   2 Input      1 Bit        Muxes := 2     
Module pretrigger_buffer__xdcDup__13 
Detailed RTL Component Info : 
+---Adders : 
	   2 Input      6 Bit       Adders := 1     
	   2 Input      5 Bit       Adders := 1     
	   3 Input      5 Bit       Adders := 1     
+---Registers : 
	                6 Bit    Registers := 1     
	                5 Bit    Registers := 1     
+---Muxes : 
	   2 Input      5 Bit        Muxes := 1     
Module distributed_hdr_fifo__xdcDup__13 
Detailed RTL Component Info : 
+---Registers : 
	              108 Bit    Registers := 1     
Module waveform_buffer_storage__xdcDup__13 
Detailed RTL Component Info : 
+---Registers : 
	               21 Bit    Registers := 7     
+---Muxes : 
	   2 Input      8 Bit        Muxes := 1     
Module wvb_wr_ctrl__36 
Detailed RTL Component Info : 
+---Adders : 
	   2 Input     32 Bit       Adders := 5     
	   2 Input     12 Bit       Adders := 2     
	   2 Input      9 Bit       Adders := 3     
	   2 Input      8 Bit       Adders := 1     
	   2 Input      5 Bit       Adders := 1     
	   2 Input      3 Bit       Adders := 1     
+---Registers : 
	               49 Bit    Registers := 1     
	               32 Bit    Registers := 1     
	               19 Bit    Registers := 1     
	               12 Bit    Registers := 4     
	                9 Bit    Registers := 4     
	                8 Bit    Registers := 2     
	                5 Bit    Registers := 2     
	                3 Bit    Registers := 2     
	                2 Bit    Registers := 1     
	                1 Bit    Registers := 13    
+---Muxes : 
	   2 Input     32 Bit        Muxes := 7     
	   6 Input     32 Bit        Muxes := 1     
	   2 Input     12 Bit        Muxes := 2     
	   6 Input      9 Bit        Muxes := 1     
	   2 Input      9 Bit        Muxes := 3     
	   2 Input      8 Bit        Muxes := 1     
	   2 Input      5 Bit        Muxes := 1     
	   6 Input      3 Bit        Muxes := 1     
	   2 Input      3 Bit        Muxes := 3     
	   2 Input      1 Bit        Muxes := 7     
	   6 Input      1 Bit        Muxes := 5     
Module wvb_rd_addr_ctrl__36 
Detailed RTL Component Info : 
+---Adders : 
	   2 Input      9 Bit       Adders := 1     
	   2 Input      3 Bit       Adders := 1     
+---Registers : 
	                9 Bit    Registers := 1     
	                3 Bit    Registers := 1     
+---Muxes : 
	   2 Input      9 Bit        Muxes := 3     
	   4 Input      3 Bit        Muxes := 1     
	   2 Input      3 Bit        Muxes := 4     
	   2 Input      1 Bit        Muxes := 2     
Module wvb_overflow_ctrl__36 
Detailed RTL Component Info : 
+---Adders : 
	   2 Input     49 Bit       Adders := 1     
	   2 Input      9 Bit       Adders := 1     
	   3 Input      9 Bit       Adders := 1     
	   2 Input      3 Bit       Adders := 1     
+---Registers : 
	               49 Bit    Registers := 3     
	                9 Bit    Registers := 3     
	                3 Bit    Registers := 1     
	                1 Bit    Registers := 5     
+---Muxes : 
	   2 Input      3 Bit        Muxes := 5     
	   5 Input      3 Bit        Muxes := 1     
	   5 Input      1 Bit        Muxes := 4     
	   2 Input      1 Bit        Muxes := 1     
Module waveform_buffer__xdcDup__13 
Detailed RTL Component Info : 
+---Registers : 
	                1 Bit    Registers := 1     
Module waveform_acquisition__xdcDup__13 
Detailed RTL Component Info : 
+---Registers : 
	               45 Bit    Registers := 1     
	               40 Bit    Registers := 1     
	               20 Bit    Registers := 1     
	               12 Bit    Registers := 1     
	                8 Bit    Registers := 2     
	                3 Bit    Registers := 1     
	                2 Bit    Registers := 1     
	                1 Bit    Registers := 6     
Module posedge_detector__74 
Detailed RTL Component Info : 
+---Registers : 
	                1 Bit    Registers := 1     
Module posedge_detector__75 
Detailed RTL Component Info : 
+---Registers : 
	                1 Bit    Registers := 1     
Module posedge_detector__82 
Detailed RTL Component Info : 
+---Registers : 
	                1 Bit    Registers := 1     
Module mdom_trigger__40 
Detailed RTL Component Info : 
+---Registers : 
	               12 Bit    Registers := 1     
	                8 Bit    Registers := 1     
	                2 Bit    Registers := 1     
	                1 Bit    Registers := 4     
+---Muxes : 
	   5 Input      2 Bit        Muxes := 1     
	   2 Input      1 Bit        Muxes := 3     
Module deviation_detector__40 
Detailed RTL Component Info : 
+---Adders : 
	   4 Input     14 Bit       Adders := 2     
+---Registers : 
	                1 Bit    Registers := 1     
Module pulse_extender__40 
Detailed RTL Component Info : 
+---Adders : 
	   2 Input     32 Bit       Adders := 2     
+---Registers : 
	               32 Bit    Registers := 1     
	                1 Bit    Registers := 1     
+---Muxes : 
	   3 Input     32 Bit        Muxes := 1     
	   3 Input      2 Bit        Muxes := 1     
	   2 Input      2 Bit        Muxes := 3     
	   2 Input      1 Bit        Muxes := 3     
	   3 Input      1 Bit        Muxes := 2     
Module delay_n__parameterized0__40 
Detailed RTL Component Info : 
+---Registers : 
	               60 Bit    Registers := 1     
Module rollingsum_lutram__xdcDup__6 
Detailed RTL Component Info : 
+---Adders : 
	   2 Input     32 Bit       Adders := 1     
	   4 Input     19 Bit       Adders := 1     
	   2 Input      7 Bit       Adders := 1     
	   3 Input      7 Bit       Adders := 1     
+---Registers : 
	               19 Bit    Registers := 1     
	               12 Bit    Registers := 1     
	                8 Bit    Registers := 2     
	                7 Bit    Registers := 1     
	                1 Bit    Registers := 1     
+---Muxes : 
	   2 Input     19 Bit        Muxes := 1     
	   2 Input     12 Bit        Muxes := 2     
	   2 Input      8 Bit        Muxes := 2     
	   2 Input      1 Bit        Muxes := 2     
Module pretrigger_buffer__xdcDup__6 
Detailed RTL Component Info : 
+---Adders : 
	   2 Input      6 Bit       Adders := 1     
	   2 Input      5 Bit       Adders := 1     
	   3 Input      5 Bit       Adders := 1     
+---Registers : 
	                6 Bit    Registers := 1     
	                5 Bit    Registers := 1     
+---Muxes : 
	   2 Input      5 Bit        Muxes := 1     
Module distributed_hdr_fifo__xdcDup__6 
Detailed RTL Component Info : 
+---Registers : 
	              108 Bit    Registers := 1     
Module waveform_buffer_storage__xdcDup__6 
Detailed RTL Component Info : 
+---Registers : 
	               21 Bit    Registers := 7     
+---Muxes : 
	   2 Input      8 Bit        Muxes := 1     
Module wvb_wr_ctrl__40 
Detailed RTL Component Info : 
+---Adders : 
	   2 Input     32 Bit       Adders := 5     
	   2 Input     12 Bit       Adders := 2     
	   2 Input      9 Bit       Adders := 3     
	   2 Input      8 Bit       Adders := 1     
	   2 Input      5 Bit       Adders := 1     
	   2 Input      3 Bit       Adders := 1     
+---Registers : 
	               49 Bit    Registers := 1     
	               32 Bit    Registers := 1     
	               19 Bit    Registers := 1     
	               12 Bit    Registers := 4     
	                9 Bit    Registers := 4     
	                8 Bit    Registers := 2     
	                5 Bit    Registers := 2     
	                3 Bit    Registers := 2     
	                2 Bit    Registers := 1     
	                1 Bit    Registers := 13    
+---Muxes : 
	   2 Input     32 Bit        Muxes := 7     
	   6 Input     32 Bit        Muxes := 1     
	   2 Input     12 Bit        Muxes := 2     
	   6 Input      9 Bit        Muxes := 1     
	   2 Input      9 Bit        Muxes := 3     
	   2 Input      8 Bit        Muxes := 1     
	   2 Input      5 Bit        Muxes := 1     
	   6 Input      3 Bit        Muxes := 1     
	   2 Input      3 Bit        Muxes := 3     
	   2 Input      1 Bit        Muxes := 7     
	   6 Input      1 Bit        Muxes := 5     
Module wvb_rd_addr_ctrl__40 
Detailed RTL Component Info : 
+---Adders : 
	   2 Input      9 Bit       Adders := 1     
	   2 Input      3 Bit       Adders := 1     
+---Registers : 
	                9 Bit    Registers := 1     
	                3 Bit    Registers := 1     
+---Muxes : 
	   2 Input      9 Bit        Muxes := 3     
	   4 Input      3 Bit        Muxes := 1     
	   2 Input      3 Bit        Muxes := 4     
	   2 Input      1 Bit        Muxes := 2     
Module wvb_overflow_ctrl__40 
Detailed RTL Component Info : 
+---Adders : 
	   2 Input     49 Bit       Adders := 1     
	   2 Input      9 Bit       Adders := 1     
	   3 Input      9 Bit       Adders := 1     
	   2 Input      3 Bit       Adders := 1     
+---Registers : 
	               49 Bit    Registers := 3     
	                9 Bit    Registers := 3     
	                3 Bit    Registers := 1     
	                1 Bit    Registers := 5     
+---Muxes : 
	   2 Input      3 Bit        Muxes := 5     
	   5 Input      3 Bit        Muxes := 1     
	   5 Input      1 Bit        Muxes := 4     
	   2 Input      1 Bit        Muxes := 1     
Module waveform_buffer__xdcDup__6 
Detailed RTL Component Info : 
+---Registers : 
	                1 Bit    Registers := 1     
Module waveform_acquisition__xdcDup__6 
Detailed RTL Component Info : 
+---Registers : 
	               45 Bit    Registers := 1     
	               40 Bit    Registers := 1     
	               20 Bit    Registers := 1     
	               12 Bit    Registers := 1     
	                8 Bit    Registers := 2     
	                3 Bit    Registers := 1     
	                2 Bit    Registers := 1     
	                1 Bit    Registers := 6     
Module posedge_detector__81 
Detailed RTL Component Info : 
+---Registers : 
	                1 Bit    Registers := 1     
Module posedge_detector__80 
Detailed RTL Component Info : 
+---Registers : 
	                1 Bit    Registers := 1     
Module posedge_detector__79 
Detailed RTL Component Info : 
+---Registers : 
	                1 Bit    Registers := 1     
Module mdom_trigger__39 
Detailed RTL Component Info : 
+---Registers : 
	               12 Bit    Registers := 1     
	                8 Bit    Registers := 1     
	                2 Bit    Registers := 1     
	                1 Bit    Registers := 4     
+---Muxes : 
	   5 Input      2 Bit        Muxes := 1     
	   2 Input      1 Bit        Muxes := 3     
Module deviation_detector__39 
Detailed RTL Component Info : 
+---Adders : 
	   4 Input     14 Bit       Adders := 2     
+---Registers : 
	                1 Bit    Registers := 1     
Module pulse_extender__39 
Detailed RTL Component Info : 
+---Adders : 
	   2 Input     32 Bit       Adders := 2     
+---Registers : 
	               32 Bit    Registers := 1     
	                1 Bit    Registers := 1     
+---Muxes : 
	   3 Input     32 Bit        Muxes := 1     
	   3 Input      2 Bit        Muxes := 1     
	   2 Input      2 Bit        Muxes := 3     
	   2 Input      1 Bit        Muxes := 3     
	   3 Input      1 Bit        Muxes := 2     
Module delay_n__parameterized0__39 
Detailed RTL Component Info : 
+---Registers : 
	               60 Bit    Registers := 1     
Module rollingsum_lutram__xdcDup__7 
Detailed RTL Component Info : 
+---Adders : 
	   2 Input     32 Bit       Adders := 1     
	   4 Input     19 Bit       Adders := 1     
	   2 Input      7 Bit       Adders := 1     
	   3 Input      7 Bit       Adders := 1     
+---Registers : 
	               19 Bit    Registers := 1     
	               12 Bit    Registers := 1     
	                8 Bit    Registers := 2     
	                7 Bit    Registers := 1     
	                1 Bit    Registers := 1     
+---Muxes : 
	   2 Input     19 Bit        Muxes := 1     
	   2 Input     12 Bit        Muxes := 2     
	   2 Input      8 Bit        Muxes := 2     
	   2 Input      1 Bit        Muxes := 2     
Module pretrigger_buffer__xdcDup__7 
Detailed RTL Component Info : 
+---Adders : 
	   2 Input      6 Bit       Adders := 1     
	   2 Input      5 Bit       Adders := 1     
	   3 Input      5 Bit       Adders := 1     
+---Registers : 
	                6 Bit    Registers := 1     
	                5 Bit    Registers := 1     
+---Muxes : 
	   2 Input      5 Bit        Muxes := 1     
Module distributed_hdr_fifo__xdcDup__7 
Detailed RTL Component Info : 
+---Registers : 
	              108 Bit    Registers := 1     
Module waveform_buffer_storage__xdcDup__7 
Detailed RTL Component Info : 
+---Registers : 
	               21 Bit    Registers := 7     
+---Muxes : 
	   2 Input      8 Bit        Muxes := 1     
Module wvb_wr_ctrl__39 
Detailed RTL Component Info : 
+---Adders : 
	   2 Input     32 Bit       Adders := 5     
	   2 Input     12 Bit       Adders := 2     
	   2 Input      9 Bit       Adders := 3     
	   2 Input      8 Bit       Adders := 1     
	   2 Input      5 Bit       Adders := 1     
	   2 Input      3 Bit       Adders := 1     
+---Registers : 
	               49 Bit    Registers := 1     
	               32 Bit    Registers := 1     
	               19 Bit    Registers := 1     
	               12 Bit    Registers := 4     
	                9 Bit    Registers := 4     
	                8 Bit    Registers := 2     
	                5 Bit    Registers := 2     
	                3 Bit    Registers := 2     
	                2 Bit    Registers := 1     
	                1 Bit    Registers := 13    
+---Muxes : 
	   2 Input     32 Bit        Muxes := 7     
	   6 Input     32 Bit        Muxes := 1     
	   2 Input     12 Bit        Muxes := 2     
	   6 Input      9 Bit        Muxes := 1     
	   2 Input      9 Bit        Muxes := 3     
	   2 Input      8 Bit        Muxes := 1     
	   2 Input      5 Bit        Muxes := 1     
	   6 Input      3 Bit        Muxes := 1     
	   2 Input      3 Bit        Muxes := 3     
	   2 Input      1 Bit        Muxes := 7     
	   6 Input      1 Bit        Muxes := 5     
Module wvb_rd_addr_ctrl__39 
Detailed RTL Component Info : 
+---Adders : 
	   2 Input      9 Bit       Adders := 1     
	   2 Input      3 Bit       Adders := 1     
+---Registers : 
	                9 Bit    Registers := 1     
	                3 Bit    Registers := 1     
+---Muxes : 
	   2 Input      9 Bit        Muxes := 3     
	   4 Input      3 Bit        Muxes := 1     
	   2 Input      3 Bit        Muxes := 4     
	   2 Input      1 Bit        Muxes := 2     
Module wvb_overflow_ctrl__39 
Detailed RTL Component Info : 
+---Adders : 
	   2 Input     49 Bit       Adders := 1     
	   2 Input      9 Bit       Adders := 1     
	   3 Input      9 Bit       Adders := 1     
	   2 Input      3 Bit       Adders := 1     
+---Registers : 
	               49 Bit    Registers := 3     
	                9 Bit    Registers := 3     
	                3 Bit    Registers := 1     
	                1 Bit    Registers := 5     
+---Muxes : 
	   2 Input      3 Bit        Muxes := 5     
	   5 Input      3 Bit        Muxes := 1     
	   5 Input      1 Bit        Muxes := 4     
	   2 Input      1 Bit        Muxes := 1     
Module waveform_buffer__xdcDup__7 
Detailed RTL Component Info : 
+---Registers : 
	                1 Bit    Registers := 1     
Module waveform_acquisition__xdcDup__7 
Detailed RTL Component Info : 
+---Registers : 
	               45 Bit    Registers := 1     
	               40 Bit    Registers := 1     
	               20 Bit    Registers := 1     
	               12 Bit    Registers := 1     
	                8 Bit    Registers := 2     
	                3 Bit    Registers := 1     
	                2 Bit    Registers := 1     
	                1 Bit    Registers := 6     
Module posedge_detector__78 
Detailed RTL Component Info : 
+---Registers : 
	                1 Bit    Registers := 1     
Module posedge_detector__77 
Detailed RTL Component Info : 
+---Registers : 
	                1 Bit    Registers := 1     
Module posedge_detector__76 
Detailed RTL Component Info : 
+---Registers : 
	                1 Bit    Registers := 1     
Module mdom_trigger__38 
Detailed RTL Component Info : 
+---Registers : 
	               12 Bit    Registers := 1     
	                8 Bit    Registers := 1     
	                2 Bit    Registers := 1     
	                1 Bit    Registers := 4     
+---Muxes : 
	   5 Input      2 Bit        Muxes := 1     
	   2 Input      1 Bit        Muxes := 3     
Module deviation_detector__38 
Detailed RTL Component Info : 
+---Adders : 
	   4 Input     14 Bit       Adders := 2     
+---Registers : 
	                1 Bit    Registers := 1     
Module pulse_extender__38 
Detailed RTL Component Info : 
+---Adders : 
	   2 Input     32 Bit       Adders := 2     
+---Registers : 
	               32 Bit    Registers := 1     
	                1 Bit    Registers := 1     
+---Muxes : 
	   3 Input     32 Bit        Muxes := 1     
	   3 Input      2 Bit        Muxes := 1     
	   2 Input      2 Bit        Muxes := 3     
	   2 Input      1 Bit        Muxes := 3     
	   3 Input      1 Bit        Muxes := 2     
Module delay_n__parameterized0__38 
Detailed RTL Component Info : 
+---Registers : 
	               60 Bit    Registers := 1     
Module rollingsum_lutram__xdcDup__8 
Detailed RTL Component Info : 
+---Adders : 
	   2 Input     32 Bit       Adders := 1     
	   4 Input     19 Bit       Adders := 1     
	   2 Input      7 Bit       Adders := 1     
	   3 Input      7 Bit       Adders := 1     
+---Registers : 
	               19 Bit    Registers := 1     
	               12 Bit    Registers := 1     
	                8 Bit    Registers := 2     
	                7 Bit    Registers := 1     
	                1 Bit    Registers := 1     
+---Muxes : 
	   2 Input     19 Bit        Muxes := 1     
	   2 Input     12 Bit        Muxes := 2     
	   2 Input      8 Bit        Muxes := 2     
	   2 Input      1 Bit        Muxes := 2     
Module pretrigger_buffer__xdcDup__8 
Detailed RTL Component Info : 
+---Adders : 
	   2 Input      6 Bit       Adders := 1     
	   2 Input      5 Bit       Adders := 1     
	   3 Input      5 Bit       Adders := 1     
+---Registers : 
	                6 Bit    Registers := 1     
	                5 Bit    Registers := 1     
+---Muxes : 
	   2 Input      5 Bit        Muxes := 1     
Module distributed_hdr_fifo__xdcDup__8 
Detailed RTL Component Info : 
+---Registers : 
	              108 Bit    Registers := 1     
Module waveform_buffer_storage__xdcDup__8 
Detailed RTL Component Info : 
+---Registers : 
	               21 Bit    Registers := 7     
+---Muxes : 
	   2 Input      8 Bit        Muxes := 1     
Module wvb_wr_ctrl__38 
Detailed RTL Component Info : 
+---Adders : 
	   2 Input     32 Bit       Adders := 5     
	   2 Input     12 Bit       Adders := 2     
	   2 Input      9 Bit       Adders := 3     
	   2 Input      8 Bit       Adders := 1     
	   2 Input      5 Bit       Adders := 1     
	   2 Input      3 Bit       Adders := 1     
+---Registers : 
	               49 Bit    Registers := 1     
	               32 Bit    Registers := 1     
	               19 Bit    Registers := 1     
	               12 Bit    Registers := 4     
	                9 Bit    Registers := 4     
	                8 Bit    Registers := 2     
	                5 Bit    Registers := 2     
	                3 Bit    Registers := 2     
	                2 Bit    Registers := 1     
	                1 Bit    Registers := 13    
+---Muxes : 
	   2 Input     32 Bit        Muxes := 7     
	   6 Input     32 Bit        Muxes := 1     
	   2 Input     12 Bit        Muxes := 2     
	   6 Input      9 Bit        Muxes := 1     
	   2 Input      9 Bit        Muxes := 3     
	   2 Input      8 Bit        Muxes := 1     
	   2 Input      5 Bit        Muxes := 1     
	   6 Input      3 Bit        Muxes := 1     
	   2 Input      3 Bit        Muxes := 3     
	   2 Input      1 Bit        Muxes := 7     
	   6 Input      1 Bit        Muxes := 5     
Module wvb_rd_addr_ctrl__38 
Detailed RTL Component Info : 
+---Adders : 
	   2 Input      9 Bit       Adders := 1     
	   2 Input      3 Bit       Adders := 1     
+---Registers : 
	                9 Bit    Registers := 1     
	                3 Bit    Registers := 1     
+---Muxes : 
	   2 Input      9 Bit        Muxes := 3     
	   4 Input      3 Bit        Muxes := 1     
	   2 Input      3 Bit        Muxes := 4     
	   2 Input      1 Bit        Muxes := 2     
Module wvb_overflow_ctrl__38 
Detailed RTL Component Info : 
+---Adders : 
	   2 Input     49 Bit       Adders := 1     
	   2 Input      9 Bit       Adders := 1     
	   3 Input      9 Bit       Adders := 1     
	   2 Input      3 Bit       Adders := 1     
+---Registers : 
	               49 Bit    Registers := 3     
	                9 Bit    Registers := 3     
	                3 Bit    Registers := 1     
	                1 Bit    Registers := 5     
+---Muxes : 
	   2 Input      3 Bit        Muxes := 5     
	   5 Input      3 Bit        Muxes := 1     
	   5 Input      1 Bit        Muxes := 4     
	   2 Input      1 Bit        Muxes := 1     
Module waveform_buffer__xdcDup__8 
Detailed RTL Component Info : 
+---Registers : 
	                1 Bit    Registers := 1     
Module waveform_acquisition__xdcDup__8 
Detailed RTL Component Info : 
+---Registers : 
	               45 Bit    Registers := 1     
	               40 Bit    Registers := 1     
	               20 Bit    Registers := 1     
	               12 Bit    Registers := 1     
	                8 Bit    Registers := 2     
	                3 Bit    Registers := 1     
	                2 Bit    Registers := 1     
	                1 Bit    Registers := 6     
Module secondary_buffer 
Detailed RTL Component Info : 
+---Adders : 
	   2 Input     32 Bit       Adders := 3     
	   2 Input     12 Bit       Adders := 2     
	   3 Input     12 Bit       Adders := 1     
	   2 Input     11 Bit       Adders := 3     
	   3 Input     11 Bit       Adders := 1     
	   3 Input      9 Bit       Adders := 1     
	   2 Input      5 Bit       Adders := 4     
	   2 Input      3 Bit       Adders := 1     
+---Registers : 
	              170 Bit    Registers := 5     
	              117 Bit    Registers := 1     
	              102 Bit    Registers := 1     
	               32 Bit    Registers := 3     
	               16 Bit    Registers := 2     
	               12 Bit    Registers := 1     
	               11 Bit    Registers := 5     
	                8 Bit    Registers := 3     
	                5 Bit    Registers := 6     
	                3 Bit    Registers := 1     
	                1 Bit    Registers := 8     
+---Muxes : 
	   8 Input    170 Bit        Muxes := 2     
	   2 Input     32 Bit        Muxes := 4     
	   8 Input     32 Bit        Muxes := 3     
	   3 Input     16 Bit        Muxes := 1     
	   2 Input     12 Bit        Muxes := 3     
	   2 Input     11 Bit        Muxes := 1     
	   2 Input      8 Bit        Muxes := 1     
	   8 Input      8 Bit        Muxes := 3     
	   2 Input      5 Bit        Muxes := 4     
	   3 Input      5 Bit        Muxes := 2     
	   8 Input      3 Bit        Muxes := 1     
	   2 Input      3 Bit        Muxes := 14    
	   4 Input      3 Bit        Muxes := 1     
	   3 Input      2 Bit        Muxes := 1     
	   2 Input      2 Bit        Muxes := 3     
	   2 Input      1 Bit        Muxes := 6     
	   3 Input      1 Bit        Muxes := 2     
	   8 Input      1 Bit        Muxes := 10    
Module sync__10 
Detailed RTL Component Info : 
+---Registers : 
	                2 Bit    Registers := 1     
Module sync__9 
Detailed RTL Component Info : 
+---Registers : 
	                2 Bit    Registers := 1     
Module fpga_temp_sync__1 
Detailed RTL Component Info : 
+---Adders : 
	   2 Input     16 Bit       Adders := 1     
+---Registers : 
	               16 Bit    Registers := 1     
	               12 Bit    Registers := 2     
	                1 Bit    Registers := 2     
+---Muxes : 
	   2 Input     16 Bit        Muxes := 1     
	   2 Input      1 Bit        Muxes := 4     
Module delay_n__25 
Detailed RTL Component Info : 
+---Registers : 
	               80 Bit    Registers := 1     
Module adc_discr_channel__xdcDup__2 
Detailed RTL Component Info : 
+---Registers : 
	               12 Bit    Registers := 2     
	                8 Bit    Registers := 2     
Module posedge_detector__83 
Detailed RTL Component Info : 
+---Registers : 
	                1 Bit    Registers := 1     
Module posedge_detector__84 
Detailed RTL Component Info : 
+---Registers : 
	                1 Bit    Registers := 1     
Module posedge_detector__91 
Detailed RTL Component Info : 
+---Registers : 
	                1 Bit    Registers := 1     
Module mdom_trigger__43 
Detailed RTL Component Info : 
+---Registers : 
	               12 Bit    Registers := 1     
	                8 Bit    Registers := 1     
	                2 Bit    Registers := 1     
	                1 Bit    Registers := 4     
+---Muxes : 
	   5 Input      2 Bit        Muxes := 1     
	   2 Input      1 Bit        Muxes := 3     
Module deviation_detector__43 
Detailed RTL Component Info : 
+---Adders : 
	   4 Input     14 Bit       Adders := 2     
+---Registers : 
	                1 Bit    Registers := 1     
Module pulse_extender__43 
Detailed RTL Component Info : 
+---Adders : 
	   2 Input     32 Bit       Adders := 2     
+---Registers : 
	               32 Bit    Registers := 1     
	                1 Bit    Registers := 1     
+---Muxes : 
	   3 Input     32 Bit        Muxes := 1     
	   3 Input      2 Bit        Muxes := 1     
	   2 Input      2 Bit        Muxes := 3     
	   2 Input      1 Bit        Muxes := 3     
	   3 Input      1 Bit        Muxes := 2     
Module delay_n__parameterized0__43 
Detailed RTL Component Info : 
+---Registers : 
	               60 Bit    Registers := 1     
Module rollingsum_lutram__xdcDup__3 
Detailed RTL Component Info : 
+---Adders : 
	   2 Input     32 Bit       Adders := 1     
	   4 Input     19 Bit       Adders := 1     
	   2 Input      7 Bit       Adders := 1     
	   3 Input      7 Bit       Adders := 1     
+---Registers : 
	               19 Bit    Registers := 1     
	               12 Bit    Registers := 1     
	                8 Bit    Registers := 2     
	                7 Bit    Registers := 1     
	                1 Bit    Registers := 1     
+---Muxes : 
	   2 Input     19 Bit        Muxes := 1     
	   2 Input     12 Bit        Muxes := 2     
	   2 Input      8 Bit        Muxes := 2     
	   2 Input      1 Bit        Muxes := 2     
Module pretrigger_buffer__xdcDup__3 
Detailed RTL Component Info : 
+---Adders : 
	   2 Input      6 Bit       Adders := 1     
	   2 Input      5 Bit       Adders := 1     
	   3 Input      5 Bit       Adders := 1     
+---Registers : 
	                6 Bit    Registers := 1     
	                5 Bit    Registers := 1     
+---Muxes : 
	   2 Input      5 Bit        Muxes := 1     
Module distributed_hdr_fifo__xdcDup__3 
Detailed RTL Component Info : 
+---Registers : 
	              108 Bit    Registers := 1     
Module waveform_buffer_storage__xdcDup__3 
Detailed RTL Component Info : 
+---Registers : 
	               21 Bit    Registers := 7     
+---Muxes : 
	   2 Input      8 Bit        Muxes := 1     
Module wvb_wr_ctrl__43 
Detailed RTL Component Info : 
+---Adders : 
	   2 Input     32 Bit       Adders := 5     
	   2 Input     12 Bit       Adders := 2     
	   2 Input      9 Bit       Adders := 3     
	   2 Input      8 Bit       Adders := 1     
	   2 Input      5 Bit       Adders := 1     
	   2 Input      3 Bit       Adders := 1     
+---Registers : 
	               49 Bit    Registers := 1     
	               32 Bit    Registers := 1     
	               19 Bit    Registers := 1     
	               12 Bit    Registers := 4     
	                9 Bit    Registers := 4     
	                8 Bit    Registers := 2     
	                5 Bit    Registers := 2     
	                3 Bit    Registers := 2     
	                2 Bit    Registers := 1     
	                1 Bit    Registers := 13    
+---Muxes : 
	   2 Input     32 Bit        Muxes := 7     
	   6 Input     32 Bit        Muxes := 1     
	   2 Input     12 Bit        Muxes := 2     
	   6 Input      9 Bit        Muxes := 1     
	   2 Input      9 Bit        Muxes := 3     
	   2 Input      8 Bit        Muxes := 1     
	   2 Input      5 Bit        Muxes := 1     
	   6 Input      3 Bit        Muxes := 1     
	   2 Input      3 Bit        Muxes := 3     
	   2 Input      1 Bit        Muxes := 7     
	   6 Input      1 Bit        Muxes := 5     
Module wvb_rd_addr_ctrl__43 
Detailed RTL Component Info : 
+---Adders : 
	   2 Input      9 Bit       Adders := 1     
	   2 Input      3 Bit       Adders := 1     
+---Registers : 
	                9 Bit    Registers := 1     
	                3 Bit    Registers := 1     
+---Muxes : 
	   2 Input      9 Bit        Muxes := 3     
	   4 Input      3 Bit        Muxes := 1     
	   2 Input      3 Bit        Muxes := 4     
	   2 Input      1 Bit        Muxes := 2     
Module wvb_overflow_ctrl__43 
Detailed RTL Component Info : 
+---Adders : 
	   2 Input     49 Bit       Adders := 1     
	   2 Input      9 Bit       Adders := 1     
	   3 Input      9 Bit       Adders := 1     
	   2 Input      3 Bit       Adders := 1     
+---Registers : 
	               49 Bit    Registers := 3     
	                9 Bit    Registers := 3     
	                3 Bit    Registers := 1     
	                1 Bit    Registers := 5     
+---Muxes : 
	   2 Input      3 Bit        Muxes := 5     
	   5 Input      3 Bit        Muxes := 1     
	   5 Input      1 Bit        Muxes := 4     
	   2 Input      1 Bit        Muxes := 1     
Module waveform_buffer__xdcDup__3 
Detailed RTL Component Info : 
+---Registers : 
	                1 Bit    Registers := 1     
Module waveform_acquisition__xdcDup__3 
Detailed RTL Component Info : 
+---Registers : 
	               45 Bit    Registers := 1     
	               40 Bit    Registers := 1     
	               20 Bit    Registers := 1     
	               12 Bit    Registers := 1     
	                8 Bit    Registers := 2     
	                3 Bit    Registers := 1     
	                2 Bit    Registers := 1     
	                1 Bit    Registers := 6     
Module posedge_detector__90 
Detailed RTL Component Info : 
+---Registers : 
	                1 Bit    Registers := 1     
Module posedge_detector__89 
Detailed RTL Component Info : 
+---Registers : 
	                1 Bit    Registers := 1     
Module posedge_detector__88 
Detailed RTL Component Info : 
+---Registers : 
	                1 Bit    Registers := 1     
Module mdom_trigger__42 
Detailed RTL Component Info : 
+---Registers : 
	               12 Bit    Registers := 1     
	                8 Bit    Registers := 1     
	                2 Bit    Registers := 1     
	                1 Bit    Registers := 4     
+---Muxes : 
	   5 Input      2 Bit        Muxes := 1     
	   2 Input      1 Bit        Muxes := 3     
Module deviation_detector__42 
Detailed RTL Component Info : 
+---Adders : 
	   4 Input     14 Bit       Adders := 2     
+---Registers : 
	                1 Bit    Registers := 1     
Module pulse_extender__42 
Detailed RTL Component Info : 
+---Adders : 
	   2 Input     32 Bit       Adders := 2     
+---Registers : 
	               32 Bit    Registers := 1     
	                1 Bit    Registers := 1     
+---Muxes : 
	   3 Input     32 Bit        Muxes := 1     
	   3 Input      2 Bit        Muxes := 1     
	   2 Input      2 Bit        Muxes := 3     
	   2 Input      1 Bit        Muxes := 3     
	   3 Input      1 Bit        Muxes := 2     
Module delay_n__parameterized0__42 
Detailed RTL Component Info : 
+---Registers : 
	               60 Bit    Registers := 1     
Module rollingsum_lutram__xdcDup__4 
Detailed RTL Component Info : 
+---Adders : 
	   2 Input     32 Bit       Adders := 1     
	   4 Input     19 Bit       Adders := 1     
	   2 Input      7 Bit       Adders := 1     
	   3 Input      7 Bit       Adders := 1     
+---Registers : 
	               19 Bit    Registers := 1     
	               12 Bit    Registers := 1     
	                8 Bit    Registers := 2     
	                7 Bit    Registers := 1     
	                1 Bit    Registers := 1     
+---Muxes : 
	   2 Input     19 Bit        Muxes := 1     
	   2 Input     12 Bit        Muxes := 2     
	   2 Input      8 Bit        Muxes := 2     
	   2 Input      1 Bit        Muxes := 2     
Module pretrigger_buffer__xdcDup__4 
Detailed RTL Component Info : 
+---Adders : 
	   2 Input      6 Bit       Adders := 1     
	   2 Input      5 Bit       Adders := 1     
	   3 Input      5 Bit       Adders := 1     
+---Registers : 
	                6 Bit    Registers := 1     
	                5 Bit    Registers := 1     
+---Muxes : 
	   2 Input      5 Bit        Muxes := 1     
Module distributed_hdr_fifo__xdcDup__4 
Detailed RTL Component Info : 
+---Registers : 
	              108 Bit    Registers := 1     
Module waveform_buffer_storage__xdcDup__4 
Detailed RTL Component Info : 
+---Registers : 
	               21 Bit    Registers := 7     
+---Muxes : 
	   2 Input      8 Bit        Muxes := 1     
Module wvb_wr_ctrl__42 
Detailed RTL Component Info : 
+---Adders : 
	   2 Input     32 Bit       Adders := 5     
	   2 Input     12 Bit       Adders := 2     
	   2 Input      9 Bit       Adders := 3     
	   2 Input      8 Bit       Adders := 1     
	   2 Input      5 Bit       Adders := 1     
	   2 Input      3 Bit       Adders := 1     
+---Registers : 
	               49 Bit    Registers := 1     
	               32 Bit    Registers := 1     
	               19 Bit    Registers := 1     
	               12 Bit    Registers := 4     
	                9 Bit    Registers := 4     
	                8 Bit    Registers := 2     
	                5 Bit    Registers := 2     
	                3 Bit    Registers := 2     
	                2 Bit    Registers := 1     
	                1 Bit    Registers := 13    
+---Muxes : 
	   2 Input     32 Bit        Muxes := 7     
	   6 Input     32 Bit        Muxes := 1     
	   2 Input     12 Bit        Muxes := 2     
	   6 Input      9 Bit        Muxes := 1     
	   2 Input      9 Bit        Muxes := 3     
	   2 Input      8 Bit        Muxes := 1     
	   2 Input      5 Bit        Muxes := 1     
	   6 Input      3 Bit        Muxes := 1     
	   2 Input      3 Bit        Muxes := 3     
	   2 Input      1 Bit        Muxes := 7     
	   6 Input      1 Bit        Muxes := 5     
Module wvb_rd_addr_ctrl__42 
Detailed RTL Component Info : 
+---Adders : 
	   2 Input      9 Bit       Adders := 1     
	   2 Input      3 Bit       Adders := 1     
+---Registers : 
	                9 Bit    Registers := 1     
	                3 Bit    Registers := 1     
+---Muxes : 
	   2 Input      9 Bit        Muxes := 3     
	   4 Input      3 Bit        Muxes := 1     
	   2 Input      3 Bit        Muxes := 4     
	   2 Input      1 Bit        Muxes := 2     
Module wvb_overflow_ctrl__42 
Detailed RTL Component Info : 
+---Adders : 
	   2 Input     49 Bit       Adders := 1     
	   2 Input      9 Bit       Adders := 1     
	   3 Input      9 Bit       Adders := 1     
	   2 Input      3 Bit       Adders := 1     
+---Registers : 
	               49 Bit    Registers := 3     
	                9 Bit    Registers := 3     
	                3 Bit    Registers := 1     
	                1 Bit    Registers := 5     
+---Muxes : 
	   2 Input      3 Bit        Muxes := 5     
	   5 Input      3 Bit        Muxes := 1     
	   5 Input      1 Bit        Muxes := 4     
	   2 Input      1 Bit        Muxes := 1     
Module waveform_buffer__xdcDup__4 
Detailed RTL Component Info : 
+---Registers : 
	                1 Bit    Registers := 1     
Module waveform_acquisition__xdcDup__4 
Detailed RTL Component Info : 
+---Registers : 
	               45 Bit    Registers := 1     
	               40 Bit    Registers := 1     
	               20 Bit    Registers := 1     
	               12 Bit    Registers := 1     
	                8 Bit    Registers := 2     
	                3 Bit    Registers := 1     
	                2 Bit    Registers := 1     
	                1 Bit    Registers := 6     
Module delay_n__24 
Detailed RTL Component Info : 
+---Registers : 
	               80 Bit    Registers := 1     
Module adc_discr_channel__xdcDup__16 
Detailed RTL Component Info : 
+---Registers : 
	               12 Bit    Registers := 2     
	                8 Bit    Registers := 2     
Module sync__8 
Detailed RTL Component Info : 
+---Registers : 
	                2 Bit    Registers := 1     
Module sync__11 
Detailed RTL Component Info : 
+---Registers : 
	                2 Bit    Registers := 1     
Module fpga_temp_sync 
Detailed RTL Component Info : 
+---Adders : 
	   2 Input     16 Bit       Adders := 1     
+---Registers : 
	               16 Bit    Registers := 1     
	               12 Bit    Registers := 2     
	                1 Bit    Registers := 2     
+---Muxes : 
	   2 Input     16 Bit        Muxes := 1     
	   2 Input      1 Bit        Muxes := 4     
Module thermal_shutdown 
Detailed RTL Component Info : 
+---Registers : 
	                2 Bit    Registers := 1     
	                1 Bit    Registers := 1     
Module posedge_detector__87 
Detailed RTL Component Info : 
+---Registers : 
	                1 Bit    Registers := 1     
Module posedge_detector__86 
Detailed RTL Component Info : 
+---Registers : 
	                1 Bit    Registers := 1     
Module posedge_detector__85 
Detailed RTL Component Info : 
+---Registers : 
	                1 Bit    Registers := 1     
Module mdom_trigger__41 
Detailed RTL Component Info : 
+---Registers : 
	               12 Bit    Registers := 1     
	                8 Bit    Registers := 1     
	                2 Bit    Registers := 1     
	                1 Bit    Registers := 4     
+---Muxes : 
	   5 Input      2 Bit        Muxes := 1     
	   2 Input      1 Bit        Muxes := 3     
Module deviation_detector__41 
Detailed RTL Component Info : 
+---Adders : 
	   4 Input     14 Bit       Adders := 2     
+---Registers : 
	                1 Bit    Registers := 1     
Module pulse_extender__41 
Detailed RTL Component Info : 
+---Adders : 
	   2 Input     32 Bit       Adders := 2     
+---Registers : 
	               32 Bit    Registers := 1     
	                1 Bit    Registers := 1     
+---Muxes : 
	   3 Input     32 Bit        Muxes := 1     
	   3 Input      2 Bit        Muxes := 1     
	   2 Input      2 Bit        Muxes := 3     
	   2 Input      1 Bit        Muxes := 3     
	   3 Input      1 Bit        Muxes := 2     
Module delay_n__parameterized0__41 
Detailed RTL Component Info : 
+---Registers : 
	               60 Bit    Registers := 1     
Module rollingsum_lutram__xdcDup__5 
Detailed RTL Component Info : 
+---Adders : 
	   2 Input     32 Bit       Adders := 1     
	   4 Input     19 Bit       Adders := 1     
	   2 Input      7 Bit       Adders := 1     
	   3 Input      7 Bit       Adders := 1     
+---Registers : 
	               19 Bit    Registers := 1     
	               12 Bit    Registers := 1     
	                8 Bit    Registers := 2     
	                7 Bit    Registers := 1     
	                1 Bit    Registers := 1     
+---Muxes : 
	   2 Input     19 Bit        Muxes := 1     
	   2 Input     12 Bit        Muxes := 2     
	   2 Input      8 Bit        Muxes := 2     
	   2 Input      1 Bit        Muxes := 2     
Module pretrigger_buffer__xdcDup__5 
Detailed RTL Component Info : 
+---Adders : 
	   2 Input      6 Bit       Adders := 1     
	   2 Input      5 Bit       Adders := 1     
	   3 Input      5 Bit       Adders := 1     
+---Registers : 
	                6 Bit    Registers := 1     
	                5 Bit    Registers := 1     
+---Muxes : 
	   2 Input      5 Bit        Muxes := 1     
Module distributed_hdr_fifo__xdcDup__5 
Detailed RTL Component Info : 
+---Registers : 
	              108 Bit    Registers := 1     
Module waveform_buffer_storage__xdcDup__5 
Detailed RTL Component Info : 
+---Registers : 
	               21 Bit    Registers := 7     
+---Muxes : 
	   2 Input      8 Bit        Muxes := 1     
Module wvb_wr_ctrl__41 
Detailed RTL Component Info : 
+---Adders : 
	   2 Input     32 Bit       Adders := 5     
	   2 Input     12 Bit       Adders := 2     
	   2 Input      9 Bit       Adders := 3     
	   2 Input      8 Bit       Adders := 1     
	   2 Input      5 Bit       Adders := 1     
	   2 Input      3 Bit       Adders := 1     
+---Registers : 
	               49 Bit    Registers := 1     
	               32 Bit    Registers := 1     
	               19 Bit    Registers := 1     
	               12 Bit    Registers := 4     
	                9 Bit    Registers := 4     
	                8 Bit    Registers := 2     
	                5 Bit    Registers := 2     
	                3 Bit    Registers := 2     
	                2 Bit    Registers := 1     
	                1 Bit    Registers := 13    
+---Muxes : 
	   2 Input     32 Bit        Muxes := 7     
	   6 Input     32 Bit        Muxes := 1     
	   2 Input     12 Bit        Muxes := 2     
	   6 Input      9 Bit        Muxes := 1     
	   2 Input      9 Bit        Muxes := 3     
	   2 Input      8 Bit        Muxes := 1     
	   2 Input      5 Bit        Muxes := 1     
	   6 Input      3 Bit        Muxes := 1     
	   2 Input      3 Bit        Muxes := 3     
	   2 Input      1 Bit        Muxes := 7     
	   6 Input      1 Bit        Muxes := 5     
Module wvb_rd_addr_ctrl__41 
Detailed RTL Component Info : 
+---Adders : 
	   2 Input      9 Bit       Adders := 1     
	   2 Input      3 Bit       Adders := 1     
+---Registers : 
	                9 Bit    Registers := 1     
	                3 Bit    Registers := 1     
+---Muxes : 
	   2 Input      9 Bit        Muxes := 3     
	   4 Input      3 Bit        Muxes := 1     
	   2 Input      3 Bit        Muxes := 4     
	   2 Input      1 Bit        Muxes := 2     
Module wvb_overflow_ctrl__41 
Detailed RTL Component Info : 
+---Adders : 
	   2 Input     49 Bit       Adders := 1     
	   2 Input      9 Bit       Adders := 1     
	   3 Input      9 Bit       Adders := 1     
	   2 Input      3 Bit       Adders := 1     
+---Registers : 
	               49 Bit    Registers := 3     
	                9 Bit    Registers := 3     
	                3 Bit    Registers := 1     
	                1 Bit    Registers := 5     
+---Muxes : 
	   2 Input      3 Bit        Muxes := 5     
	   5 Input      3 Bit        Muxes := 1     
	   5 Input      1 Bit        Muxes := 4     
	   2 Input      1 Bit        Muxes := 1     
Module waveform_buffer__xdcDup__5 
Detailed RTL Component Info : 
+---Registers : 
	                1 Bit    Registers := 1     
Module waveform_acquisition__xdcDup__5 
Detailed RTL Component Info : 
+---Registers : 
	               45 Bit    Registers := 1     
	               40 Bit    Registers := 1     
	               20 Bit    Registers := 1     
	               12 Bit    Registers := 1     
	                8 Bit    Registers := 2     
	                3 Bit    Registers := 1     
	                2 Bit    Registers := 1     
	                1 Bit    Registers := 6     
Module posedge_detector__92 
Detailed RTL Component Info : 
+---Registers : 
	                1 Bit    Registers := 1     
Module posedge_detector__93 
Detailed RTL Component Info : 
+---Registers : 
	                1 Bit    Registers := 1     
Module posedge_detector__103 
Detailed RTL Component Info : 
+---Registers : 
	                1 Bit    Registers := 1     
Module mdom_trigger 
Detailed RTL Component Info : 
+---Registers : 
	               12 Bit    Registers := 1     
	                8 Bit    Registers := 1     
	                2 Bit    Registers := 1     
	                1 Bit    Registers := 4     
+---Muxes : 
	   5 Input      2 Bit        Muxes := 1     
	   2 Input      1 Bit        Muxes := 3     
Module deviation_detector 
Detailed RTL Component Info : 
+---Adders : 
	   4 Input     14 Bit       Adders := 2     
+---Registers : 
	                1 Bit    Registers := 1     
Module pulse_extender__47 
Detailed RTL Component Info : 
+---Adders : 
	   2 Input     32 Bit       Adders := 2     
+---Registers : 
	               32 Bit    Registers := 1     
	                1 Bit    Registers := 1     
+---Muxes : 
	   3 Input     32 Bit        Muxes := 1     
	   3 Input      2 Bit        Muxes := 1     
	   2 Input      2 Bit        Muxes := 3     
	   2 Input      1 Bit        Muxes := 3     
	   3 Input      1 Bit        Muxes := 2     
Module delay_n__parameterized0 
Detailed RTL Component Info : 
+---Registers : 
	               60 Bit    Registers := 1     
Module rollingsum_lutram__xdcDup__16 
Detailed RTL Component Info : 
+---Adders : 
	   2 Input     32 Bit       Adders := 1     
	   4 Input     19 Bit       Adders := 1     
	   2 Input      7 Bit       Adders := 1     
	   3 Input      7 Bit       Adders := 1     
+---Registers : 
	               19 Bit    Registers := 1     
	               12 Bit    Registers := 1     
	                8 Bit    Registers := 2     
	                7 Bit    Registers := 1     
	                1 Bit    Registers := 1     
+---Muxes : 
	   2 Input     19 Bit        Muxes := 1     
	   2 Input     12 Bit        Muxes := 2     
	   2 Input      8 Bit        Muxes := 2     
	   2 Input      1 Bit        Muxes := 2     
Module pretrigger_buffer__xdcDup__16 
Detailed RTL Component Info : 
+---Adders : 
	   2 Input      6 Bit       Adders := 1     
	   2 Input      5 Bit       Adders := 1     
	   3 Input      5 Bit       Adders := 1     
+---Registers : 
	                6 Bit    Registers := 1     
	                5 Bit    Registers := 1     
+---Muxes : 
	   2 Input      5 Bit        Muxes := 1     
Module distributed_hdr_fifo__xdcDup__16 
Detailed RTL Component Info : 
+---Registers : 
	              108 Bit    Registers := 1     
Module waveform_buffer_storage__xdcDup__16 
Detailed RTL Component Info : 
+---Registers : 
	               21 Bit    Registers := 7     
+---Muxes : 
	   2 Input      8 Bit        Muxes := 1     
Module wvb_wr_ctrl 
Detailed RTL Component Info : 
+---Adders : 
	   2 Input     32 Bit       Adders := 5     
	   2 Input     12 Bit       Adders := 2     
	   2 Input      9 Bit       Adders := 3     
	   2 Input      8 Bit       Adders := 1     
	   2 Input      5 Bit       Adders := 1     
	   2 Input      3 Bit       Adders := 1     
+---Registers : 
	               49 Bit    Registers := 1     
	               32 Bit    Registers := 1     
	               19 Bit    Registers := 1     
	               12 Bit    Registers := 4     
	                9 Bit    Registers := 4     
	                8 Bit    Registers := 2     
	                5 Bit    Registers := 2     
	                3 Bit    Registers := 2     
	                2 Bit    Registers := 1     
	                1 Bit    Registers := 13    
+---Muxes : 
	   2 Input     32 Bit        Muxes := 7     
	   6 Input     32 Bit        Muxes := 1     
	   2 Input     12 Bit        Muxes := 2     
	   6 Input      9 Bit        Muxes := 1     
	   2 Input      9 Bit        Muxes := 3     
	   2 Input      8 Bit        Muxes := 1     
	   2 Input      5 Bit        Muxes := 1     
	   6 Input      3 Bit        Muxes := 1     
	   2 Input      3 Bit        Muxes := 3     
	   2 Input      1 Bit        Muxes := 7     
	   6 Input      1 Bit        Muxes := 5     
Module wvb_rd_addr_ctrl 
Detailed RTL Component Info : 
+---Adders : 
	   2 Input      9 Bit       Adders := 1     
	   2 Input      3 Bit       Adders := 1     
+---Registers : 
	                9 Bit    Registers := 1     
	                3 Bit    Registers := 1     
+---Muxes : 
	   2 Input      9 Bit        Muxes := 3     
	   4 Input      3 Bit        Muxes := 1     
	   2 Input      3 Bit        Muxes := 4     
	   2 Input      1 Bit        Muxes := 2     
Module wvb_overflow_ctrl 
Detailed RTL Component Info : 
+---Adders : 
	   2 Input     49 Bit       Adders := 1     
	   2 Input      9 Bit       Adders := 1     
	   3 Input      9 Bit       Adders := 1     
	   2 Input      3 Bit       Adders := 1     
+---Registers : 
	               49 Bit    Registers := 3     
	                9 Bit    Registers := 3     
	                3 Bit    Registers := 1     
	                1 Bit    Registers := 5     
+---Muxes : 
	   2 Input      3 Bit        Muxes := 5     
	   5 Input      3 Bit        Muxes := 1     
	   5 Input      1 Bit        Muxes := 4     
	   2 Input      1 Bit        Muxes := 1     
Module waveform_buffer__xdcDup__16 
Detailed RTL Component Info : 
+---Registers : 
	                1 Bit    Registers := 1     
Module waveform_acquisition__xdcDup__16 
Detailed RTL Component Info : 
+---Registers : 
	               45 Bit    Registers := 1     
	               40 Bit    Registers := 1     
	               20 Bit    Registers := 1     
	               12 Bit    Registers := 1     
	                8 Bit    Registers := 2     
	                3 Bit    Registers := 1     
	                2 Bit    Registers := 1     
	                1 Bit    Registers := 6     
Module posedge_detector__102 
Detailed RTL Component Info : 
+---Registers : 
	                1 Bit    Registers := 1     
Module posedge_detector__101 
Detailed RTL Component Info : 
+---Registers : 
	                1 Bit    Registers := 1     
Module posedge_detector__100 
Detailed RTL Component Info : 
+---Registers : 
	                1 Bit    Registers := 1     
Module mdom_trigger__46 
Detailed RTL Component Info : 
+---Registers : 
	               12 Bit    Registers := 1     
	                8 Bit    Registers := 1     
	                2 Bit    Registers := 1     
	                1 Bit    Registers := 4     
+---Muxes : 
	   5 Input      2 Bit        Muxes := 1     
	   2 Input      1 Bit        Muxes := 3     
Module deviation_detector__46 
Detailed RTL Component Info : 
+---Adders : 
	   4 Input     14 Bit       Adders := 2     
+---Registers : 
	                1 Bit    Registers := 1     
Module pulse_extender__46 
Detailed RTL Component Info : 
+---Adders : 
	   2 Input     32 Bit       Adders := 2     
+---Registers : 
	               32 Bit    Registers := 1     
	                1 Bit    Registers := 1     
+---Muxes : 
	   3 Input     32 Bit        Muxes := 1     
	   3 Input      2 Bit        Muxes := 1     
	   2 Input      2 Bit        Muxes := 3     
	   2 Input      1 Bit        Muxes := 3     
	   3 Input      1 Bit        Muxes := 2     
Module delay_n__parameterized0__46 
Detailed RTL Component Info : 
+---Registers : 
	               60 Bit    Registers := 1     
Module rollingsum_lutram__xdcDup__1 
Detailed RTL Component Info : 
+---Adders : 
	   2 Input     32 Bit       Adders := 1     
	   4 Input     19 Bit       Adders := 1     
	   2 Input      7 Bit       Adders := 1     
	   3 Input      7 Bit       Adders := 1     
+---Registers : 
	               19 Bit    Registers := 1     
	               12 Bit    Registers := 1     
	                8 Bit    Registers := 2     
	                7 Bit    Registers := 1     
	                1 Bit    Registers := 1     
+---Muxes : 
	   2 Input     19 Bit        Muxes := 1     
	   2 Input     12 Bit        Muxes := 2     
	   2 Input      8 Bit        Muxes := 2     
	   2 Input      1 Bit        Muxes := 2     
Module pretrigger_buffer__xdcDup__1 
Detailed RTL Component Info : 
+---Adders : 
	   2 Input      6 Bit       Adders := 1     
	   2 Input      5 Bit       Adders := 1     
	   3 Input      5 Bit       Adders := 1     
+---Registers : 
	                6 Bit    Registers := 1     
	                5 Bit    Registers := 1     
+---Muxes : 
	   2 Input      5 Bit        Muxes := 1     
Module distributed_hdr_fifo__xdcDup__1 
Detailed RTL Component Info : 
+---Registers : 
	              108 Bit    Registers := 1     
Module waveform_buffer_storage__xdcDup__1 
Detailed RTL Component Info : 
+---Registers : 
	               21 Bit    Registers := 7     
+---Muxes : 
	   2 Input      8 Bit        Muxes := 1     
Module wvb_wr_ctrl__46 
Detailed RTL Component Info : 
+---Adders : 
	   2 Input     32 Bit       Adders := 5     
	   2 Input     12 Bit       Adders := 2     
	   2 Input      9 Bit       Adders := 3     
	   2 Input      8 Bit       Adders := 1     
	   2 Input      5 Bit       Adders := 1     
	   2 Input      3 Bit       Adders := 1     
+---Registers : 
	               49 Bit    Registers := 1     
	               32 Bit    Registers := 1     
	               19 Bit    Registers := 1     
	               12 Bit    Registers := 4     
	                9 Bit    Registers := 4     
	                8 Bit    Registers := 2     
	                5 Bit    Registers := 2     
	                3 Bit    Registers := 2     
	                2 Bit    Registers := 1     
	                1 Bit    Registers := 13    
+---Muxes : 
	   2 Input     32 Bit        Muxes := 7     
	   6 Input     32 Bit        Muxes := 1     
	   2 Input     12 Bit        Muxes := 2     
	   6 Input      9 Bit        Muxes := 1     
	   2 Input      9 Bit        Muxes := 3     
	   2 Input      8 Bit        Muxes := 1     
	   2 Input      5 Bit        Muxes := 1     
	   6 Input      3 Bit        Muxes := 1     
	   2 Input      3 Bit        Muxes := 3     
	   2 Input      1 Bit        Muxes := 7     
	   6 Input      1 Bit        Muxes := 5     
Module wvb_rd_addr_ctrl__46 
Detailed RTL Component Info : 
+---Adders : 
	   2 Input      9 Bit       Adders := 1     
	   2 Input      3 Bit       Adders := 1     
+---Registers : 
	                9 Bit    Registers := 1     
	                3 Bit    Registers := 1     
+---Muxes : 
	   2 Input      9 Bit        Muxes := 3     
	   4 Input      3 Bit        Muxes := 1     
	   2 Input      3 Bit        Muxes := 4     
	   2 Input      1 Bit        Muxes := 2     
Module wvb_overflow_ctrl__46 
Detailed RTL Component Info : 
+---Adders : 
	   2 Input     49 Bit       Adders := 1     
	   2 Input      9 Bit       Adders := 1     
	   3 Input      9 Bit       Adders := 1     
	   2 Input      3 Bit       Adders := 1     
+---Registers : 
	               49 Bit    Registers := 3     
	                9 Bit    Registers := 3     
	                3 Bit    Registers := 1     
	                1 Bit    Registers := 5     
+---Muxes : 
	   2 Input      3 Bit        Muxes := 5     
	   5 Input      3 Bit        Muxes := 1     
	   5 Input      1 Bit        Muxes := 4     
	   2 Input      1 Bit        Muxes := 1     
Module waveform_buffer__xdcDup__1 
Detailed RTL Component Info : 
+---Registers : 
	                1 Bit    Registers := 1     
Module waveform_acquisition__xdcDup__1 
Detailed RTL Component Info : 
+---Registers : 
	               45 Bit    Registers := 1     
	               40 Bit    Registers := 1     
	               20 Bit    Registers := 1     
	               12 Bit    Registers := 1     
	                8 Bit    Registers := 2     
	                3 Bit    Registers := 1     
	                2 Bit    Registers := 1     
	                1 Bit    Registers := 6     
Module posedge_detector__99 
Detailed RTL Component Info : 
+---Registers : 
	                1 Bit    Registers := 1     
Module posedge_detector__98 
Detailed RTL Component Info : 
+---Registers : 
	                1 Bit    Registers := 1     
Module posedge_detector__97 
Detailed RTL Component Info : 
+---Registers : 
	                1 Bit    Registers := 1     
Module mdom_trigger__45 
Detailed RTL Component Info : 
+---Registers : 
	               12 Bit    Registers := 1     
	                8 Bit    Registers := 1     
	                2 Bit    Registers := 1     
	                1 Bit    Registers := 4     
+---Muxes : 
	   5 Input      2 Bit        Muxes := 1     
	   2 Input      1 Bit        Muxes := 3     
Module deviation_detector__45 
Detailed RTL Component Info : 
+---Adders : 
	   4 Input     14 Bit       Adders := 2     
+---Registers : 
	                1 Bit    Registers := 1     
Module pulse_extender__45 
Detailed RTL Component Info : 
+---Adders : 
	   2 Input     32 Bit       Adders := 2     
+---Registers : 
	               32 Bit    Registers := 1     
	                1 Bit    Registers := 1     
+---Muxes : 
	   3 Input     32 Bit        Muxes := 1     
	   3 Input      2 Bit        Muxes := 1     
	   2 Input      2 Bit        Muxes := 3     
	   2 Input      1 Bit        Muxes := 3     
	   3 Input      1 Bit        Muxes := 2     
Module delay_n__parameterized0__45 
Detailed RTL Component Info : 
+---Registers : 
	               60 Bit    Registers := 1     
Module rollingsum_lutram__xdcDup__2 
Detailed RTL Component Info : 
+---Adders : 
	   2 Input     32 Bit       Adders := 1     
	   4 Input     19 Bit       Adders := 1     
	   2 Input      7 Bit       Adders := 1     
	   3 Input      7 Bit       Adders := 1     
+---Registers : 
	               19 Bit    Registers := 1     
	               12 Bit    Registers := 1     
	                8 Bit    Registers := 2     
	                7 Bit    Registers := 1     
	                1 Bit    Registers := 1     
+---Muxes : 
	   2 Input     19 Bit        Muxes := 1     
	   2 Input     12 Bit        Muxes := 2     
	   2 Input      8 Bit        Muxes := 2     
	   2 Input      1 Bit        Muxes := 2     
Module pretrigger_buffer__xdcDup__2 
Detailed RTL Component Info : 
+---Adders : 
	   2 Input      6 Bit       Adders := 1     
	   2 Input      5 Bit       Adders := 1     
	   3 Input      5 Bit       Adders := 1     
+---Registers : 
	                6 Bit    Registers := 1     
	                5 Bit    Registers := 1     
+---Muxes : 
	   2 Input      5 Bit        Muxes := 1     
Module distributed_hdr_fifo__xdcDup__2 
Detailed RTL Component Info : 
+---Registers : 
	              108 Bit    Registers := 1     
Module waveform_buffer_storage__xdcDup__2 
Detailed RTL Component Info : 
+---Registers : 
	               21 Bit    Registers := 7     
+---Muxes : 
	   2 Input      8 Bit        Muxes := 1     
Module wvb_wr_ctrl__45 
Detailed RTL Component Info : 
+---Adders : 
	   2 Input     32 Bit       Adders := 5     
	   2 Input     12 Bit       Adders := 2     
	   2 Input      9 Bit       Adders := 3     
	   2 Input      8 Bit       Adders := 1     
	   2 Input      5 Bit       Adders := 1     
	   2 Input      3 Bit       Adders := 1     
+---Registers : 
	               49 Bit    Registers := 1     
	               32 Bit    Registers := 1     
	               19 Bit    Registers := 1     
	               12 Bit    Registers := 4     
	                9 Bit    Registers := 4     
	                8 Bit    Registers := 2     
	                5 Bit    Registers := 2     
	                3 Bit    Registers := 2     
	                2 Bit    Registers := 1     
	                1 Bit    Registers := 13    
+---Muxes : 
	   2 Input     32 Bit        Muxes := 7     
	   6 Input     32 Bit        Muxes := 1     
	   2 Input     12 Bit        Muxes := 2     
	   6 Input      9 Bit        Muxes := 1     
	   2 Input      9 Bit        Muxes := 3     
	   2 Input      8 Bit        Muxes := 1     
	   2 Input      5 Bit        Muxes := 1     
	   6 Input      3 Bit        Muxes := 1     
	   2 Input      3 Bit        Muxes := 3     
	   2 Input      1 Bit        Muxes := 7     
	   6 Input      1 Bit        Muxes := 5     
Module wvb_rd_addr_ctrl__45 
Detailed RTL Component Info : 
+---Adders : 
	   2 Input      9 Bit       Adders := 1     
	   2 Input      3 Bit       Adders := 1     
+---Registers : 
	                9 Bit    Registers := 1     
	                3 Bit    Registers := 1     
+---Muxes : 
	   2 Input      9 Bit        Muxes := 3     
	   4 Input      3 Bit        Muxes := 1     
	   2 Input      3 Bit        Muxes := 4     
	   2 Input      1 Bit        Muxes := 2     
Module wvb_overflow_ctrl__45 
Detailed RTL Component Info : 
+---Adders : 
	   2 Input     49 Bit       Adders := 1     
	   2 Input      9 Bit       Adders := 1     
	   3 Input      9 Bit       Adders := 1     
	   2 Input      3 Bit       Adders := 1     
+---Registers : 
	               49 Bit    Registers := 3     
	                9 Bit    Registers := 3     
	                3 Bit    Registers := 1     
	                1 Bit    Registers := 5     
+---Muxes : 
	   2 Input      3 Bit        Muxes := 5     
	   5 Input      3 Bit        Muxes := 1     
	   5 Input      1 Bit        Muxes := 4     
	   2 Input      1 Bit        Muxes := 1     
Module waveform_buffer__xdcDup__2 
Detailed RTL Component Info : 
+---Registers : 
	                1 Bit    Registers := 1     
Module waveform_acquisition__xdcDup__2 
Detailed RTL Component Info : 
+---Registers : 
	               45 Bit    Registers := 1     
	               40 Bit    Registers := 1     
	               20 Bit    Registers := 1     
	               12 Bit    Registers := 1     
	                8 Bit    Registers := 2     
	                3 Bit    Registers := 1     
	                2 Bit    Registers := 1     
	                1 Bit    Registers := 6     
Module posedge_detector__96 
Detailed RTL Component Info : 
+---Registers : 
	                1 Bit    Registers := 1     
Module posedge_detector__95 
Detailed RTL Component Info : 
+---Registers : 
	                1 Bit    Registers := 1     
Module posedge_detector__94 
Detailed RTL Component Info : 
+---Registers : 
	                1 Bit    Registers := 1     
Module mdom_trigger__44 
Detailed RTL Component Info : 
+---Registers : 
	               12 Bit    Registers := 1     
	                8 Bit    Registers := 1     
	                2 Bit    Registers := 1     
	                1 Bit    Registers := 4     
+---Muxes : 
	   5 Input      2 Bit        Muxes := 1     
	   2 Input      1 Bit        Muxes := 3     
Module deviation_detector__44 
Detailed RTL Component Info : 
+---Adders : 
	   4 Input     14 Bit       Adders := 2     
+---Registers : 
	                1 Bit    Registers := 1     
Module pulse_extender__44 
Detailed RTL Component Info : 
+---Adders : 
	   2 Input     32 Bit       Adders := 2     
+---Registers : 
	               32 Bit    Registers := 1     
	                1 Bit    Registers := 1     
+---Muxes : 
	   3 Input     32 Bit        Muxes := 1     
	   3 Input      2 Bit        Muxes := 1     
	   2 Input      2 Bit        Muxes := 3     
	   2 Input      1 Bit        Muxes := 3     
	   3 Input      1 Bit        Muxes := 2     
Module delay_n__parameterized0__44 
Detailed RTL Component Info : 
+---Registers : 
	               60 Bit    Registers := 1     
Module rollingsum_lutram 
Detailed RTL Component Info : 
+---Adders : 
	   2 Input     32 Bit       Adders := 1     
	   4 Input     19 Bit       Adders := 1     
	   2 Input      7 Bit       Adders := 1     
	   3 Input      7 Bit       Adders := 1     
+---Registers : 
	               19 Bit    Registers := 1     
	               12 Bit    Registers := 1     
	                8 Bit    Registers := 2     
	                7 Bit    Registers := 1     
	                1 Bit    Registers := 1     
+---Muxes : 
	   2 Input     19 Bit        Muxes := 1     
	   2 Input     12 Bit        Muxes := 2     
	   2 Input      8 Bit        Muxes := 2     
	   2 Input      1 Bit        Muxes := 2     
Module pretrigger_buffer 
Detailed RTL Component Info : 
+---Adders : 
	   2 Input      6 Bit       Adders := 1     
	   2 Input      5 Bit       Adders := 1     
	   3 Input      5 Bit       Adders := 1     
+---Registers : 
	                6 Bit    Registers := 1     
	                5 Bit    Registers := 1     
+---Muxes : 
	   2 Input      5 Bit        Muxes := 1     
Module distributed_hdr_fifo 
Detailed RTL Component Info : 
+---Registers : 
	              108 Bit    Registers := 1     
Module waveform_buffer_storage 
Detailed RTL Component Info : 
+---Registers : 
	               21 Bit    Registers := 7     
+---Muxes : 
	   2 Input      8 Bit        Muxes := 1     
Module wvb_wr_ctrl__44 
Detailed RTL Component Info : 
+---Adders : 
	   2 Input     32 Bit       Adders := 5     
	   2 Input     12 Bit       Adders := 2     
	   2 Input      9 Bit       Adders := 3     
	   2 Input      8 Bit       Adders := 1     
	   2 Input      5 Bit       Adders := 1     
	   2 Input      3 Bit       Adders := 1     
+---Registers : 
	               49 Bit    Registers := 1     
	               32 Bit    Registers := 1     
	               19 Bit    Registers := 1     
	               12 Bit    Registers := 4     
	                9 Bit    Registers := 4     
	                8 Bit    Registers := 2     
	                5 Bit    Registers := 2     
	                3 Bit    Registers := 2     
	                2 Bit    Registers := 1     
	                1 Bit    Registers := 13    
+---Muxes : 
	   2 Input     32 Bit        Muxes := 7     
	   6 Input     32 Bit        Muxes := 1     
	   2 Input     12 Bit        Muxes := 2     
	   6 Input      9 Bit        Muxes := 1     
	   2 Input      9 Bit        Muxes := 3     
	   2 Input      8 Bit        Muxes := 1     
	   2 Input      5 Bit        Muxes := 1     
	   6 Input      3 Bit        Muxes := 1     
	   2 Input      3 Bit        Muxes := 3     
	   2 Input      1 Bit        Muxes := 7     
	   6 Input      1 Bit        Muxes := 5     
Module wvb_rd_addr_ctrl__44 
Detailed RTL Component Info : 
+---Adders : 
	   2 Input      9 Bit       Adders := 1     
	   2 Input      3 Bit       Adders := 1     
+---Registers : 
	                9 Bit    Registers := 1     
	                3 Bit    Registers := 1     
+---Muxes : 
	   2 Input      9 Bit        Muxes := 3     
	   4 Input      3 Bit        Muxes := 1     
	   2 Input      3 Bit        Muxes := 4     
	   2 Input      1 Bit        Muxes := 2     
Module wvb_overflow_ctrl__44 
Detailed RTL Component Info : 
+---Adders : 
	   2 Input     49 Bit       Adders := 1     
	   2 Input      9 Bit       Adders := 1     
	   3 Input      9 Bit       Adders := 1     
	   2 Input      3 Bit       Adders := 1     
+---Registers : 
	               49 Bit    Registers := 3     
	                9 Bit    Registers := 3     
	                3 Bit    Registers := 1     
	                1 Bit    Registers := 5     
+---Muxes : 
	   2 Input      3 Bit        Muxes := 5     
	   5 Input      3 Bit        Muxes := 1     
	   5 Input      1 Bit        Muxes := 4     
	   2 Input      1 Bit        Muxes := 1     
Module waveform_buffer 
Detailed RTL Component Info : 
+---Registers : 
	                1 Bit    Registers := 1     
Module waveform_acquisition 
Detailed RTL Component Info : 
+---Registers : 
	               45 Bit    Registers := 1     
	               40 Bit    Registers := 1     
	               20 Bit    Registers := 1     
	               12 Bit    Registers := 1     
	                8 Bit    Registers := 2     
	                3 Bit    Registers := 1     
	                2 Bit    Registers := 1     
	                1 Bit    Registers := 6     
Module rs232_ser 
Detailed RTL Component Info : 
+---Adders : 
	   2 Input      6 Bit       Adders := 1     
	   2 Input      3 Bit       Adders := 1     
+---Registers : 
	                8 Bit    Registers := 1     
	                6 Bit    Registers := 1     
	                3 Bit    Registers := 1     
	                1 Bit    Registers := 2     
+---Muxes : 
	   4 Input      8 Bit        Muxes := 1     
	   2 Input      6 Bit        Muxes := 2     
	   4 Input      6 Bit        Muxes := 1     
	   2 Input      3 Bit        Muxes := 1     
	   4 Input      3 Bit        Muxes := 1     
	   4 Input      2 Bit        Muxes := 1     
	   2 Input      2 Bit        Muxes := 1     
	   2 Input      1 Bit        Muxes := 4     
	   4 Input      1 Bit        Muxes := 5     
Module posedge_detector__111 
Detailed RTL Component Info : 
+---Registers : 
	                1 Bit    Registers := 1     
Module sync__19 
Detailed RTL Component Info : 
+---Registers : 
	                2 Bit    Registers := 1     
Module negedge_detector__7 
Detailed RTL Component Info : 
+---Registers : 
	                1 Bit    Registers := 1     
Module rs232_des 
Detailed RTL Component Info : 
+---Adders : 
	   2 Input      6 Bit       Adders := 1     
	   2 Input      3 Bit       Adders := 1     
+---Registers : 
	                8 Bit    Registers := 1     
	                6 Bit    Registers := 1     
	                3 Bit    Registers := 1     
	                1 Bit    Registers := 1     
+---Muxes : 
	   2 Input      6 Bit        Muxes := 3     
	   4 Input      6 Bit        Muxes := 1     
	   2 Input      3 Bit        Muxes := 1     
	   4 Input      3 Bit        Muxes := 1     
	   4 Input      2 Bit        Muxes := 1     
	   2 Input      2 Bit        Muxes := 1     
	   2 Input      1 Bit        Muxes := 4     
	   4 Input      1 Bit        Muxes := 3     
Module negedge_detector__18 
Detailed RTL Component Info : 
+---Registers : 
	                1 Bit    Registers := 1     
Module ft232r_hs 
Detailed RTL Component Info : 
+---Registers : 
	                1 Bit    Registers := 2     
+---Muxes : 
	   3 Input      2 Bit        Muxes := 1     
	   2 Input      2 Bit        Muxes := 1     
	   2 Input      1 Bit        Muxes := 1     
	   3 Input      1 Bit        Muxes := 5     
Module negedge_detector__5 
Detailed RTL Component Info : 
+---Registers : 
	                1 Bit    Registers := 1     
Module negedge_detector__6 
Detailed RTL Component Info : 
+---Registers : 
	                1 Bit    Registers := 1     
Module crc 
Detailed RTL Component Info : 
+---XORs : 
	   2 Input      1 Bit         XORs := 12    
	   5 Input      1 Bit         XORs := 1     
	   8 Input      1 Bit         XORs := 1     
	   4 Input      1 Bit         XORs := 1     
	   3 Input      1 Bit         XORs := 3     
	   6 Input      1 Bit         XORs := 1     
	   7 Input      1 Bit         XORs := 1     
+---Registers : 
	               16 Bit    Registers := 1     
Module negedge_detector__4 
Detailed RTL Component Info : 
+---Registers : 
	                1 Bit    Registers := 1     
Module err_mngr 
Detailed RTL Component Info : 
+---Registers : 
	               32 Bit    Registers := 1     
	                1 Bit    Registers := 2     
+---Muxes : 
	   2 Input      1 Bit        Muxes := 5     
Module uart_proc_hs 
Detailed RTL Component Info : 
+---Adders : 
	   2 Input     16 Bit       Adders := 1     
	   2 Input     12 Bit       Adders := 2     
+---Registers : 
	               32 Bit    Registers := 1     
	               16 Bit    Registers := 3     
	               12 Bit    Registers := 1     
	                8 Bit    Registers := 2     
	                5 Bit    Registers := 1     
	                1 Bit    Registers := 10    
+---Muxes : 
	  24 Input     32 Bit        Muxes := 1     
	  24 Input     16 Bit        Muxes := 6     
	   3 Input     12 Bit        Muxes := 1     
	  24 Input     12 Bit        Muxes := 2     
	  24 Input      8 Bit        Muxes := 2     
	  24 Input      5 Bit        Muxes := 2     
	   2 Input      5 Bit        Muxes := 9     
	   3 Input      5 Bit        Muxes := 2     
	   2 Input      2 Bit        Muxes := 1     
	   2 Input      1 Bit        Muxes := 9     
	   3 Input      1 Bit        Muxes := 1     
	  24 Input      1 Bit        Muxes := 18    
Module rs232_ser__4 
Detailed RTL Component Info : 
+---Adders : 
	   2 Input      6 Bit       Adders := 1     
	   2 Input      3 Bit       Adders := 1     
+---Registers : 
	                8 Bit    Registers := 1     
	                6 Bit    Registers := 1     
	                3 Bit    Registers := 1     
	                1 Bit    Registers := 2     
+---Muxes : 
	   4 Input      8 Bit        Muxes := 1     
	   2 Input      6 Bit        Muxes := 2     
	   4 Input      6 Bit        Muxes := 1     
	   2 Input      3 Bit        Muxes := 1     
	   4 Input      3 Bit        Muxes := 1     
	   4 Input      2 Bit        Muxes := 1     
	   2 Input      2 Bit        Muxes := 1     
	   2 Input      1 Bit        Muxes := 4     
	   4 Input      1 Bit        Muxes := 5     
Module posedge_detector__110 
Detailed RTL Component Info : 
+---Registers : 
	                1 Bit    Registers := 1     
Module sync__22 
Detailed RTL Component Info : 
+---Registers : 
	                2 Bit    Registers := 1     
Module negedge_detector__17 
Detailed RTL Component Info : 
+---Registers : 
	                1 Bit    Registers := 1     
Module rs232_des__4 
Detailed RTL Component Info : 
+---Adders : 
	   2 Input      6 Bit       Adders := 1     
	   2 Input      3 Bit       Adders := 1     
+---Registers : 
	                8 Bit    Registers := 1     
	                6 Bit    Registers := 1     
	                3 Bit    Registers := 1     
	                1 Bit    Registers := 1     
+---Muxes : 
	   2 Input      6 Bit        Muxes := 3     
	   4 Input      6 Bit        Muxes := 1     
	   2 Input      3 Bit        Muxes := 1     
	   4 Input      3 Bit        Muxes := 1     
	   4 Input      2 Bit        Muxes := 1     
	   2 Input      2 Bit        Muxes := 1     
	   2 Input      1 Bit        Muxes := 4     
	   4 Input      1 Bit        Muxes := 3     
Module negedge_detector__16 
Detailed RTL Component Info : 
+---Registers : 
	                1 Bit    Registers := 1     
Module ft232r_hs__4 
Detailed RTL Component Info : 
+---Registers : 
	                1 Bit    Registers := 2     
+---Muxes : 
	   3 Input      2 Bit        Muxes := 1     
	   2 Input      2 Bit        Muxes := 1     
	   2 Input      1 Bit        Muxes := 1     
	   3 Input      1 Bit        Muxes := 5     
Module negedge_detector__13 
Detailed RTL Component Info : 
+---Registers : 
	                1 Bit    Registers := 1     
Module negedge_detector__12 
Detailed RTL Component Info : 
+---Registers : 
	                1 Bit    Registers := 1     
Module crc__4 
Detailed RTL Component Info : 
+---XORs : 
	   2 Input      1 Bit         XORs := 12    
	   5 Input      1 Bit         XORs := 1     
	   8 Input      1 Bit         XORs := 1     
	   4 Input      1 Bit         XORs := 1     
	   3 Input      1 Bit         XORs := 3     
	   6 Input      1 Bit         XORs := 1     
	   7 Input      1 Bit         XORs := 1     
+---Registers : 
	               16 Bit    Registers := 1     
Module negedge_detector__11 
Detailed RTL Component Info : 
+---Registers : 
	                1 Bit    Registers := 1     
Module err_mngr__4 
Detailed RTL Component Info : 
+---Registers : 
	               32 Bit    Registers := 1     
	                1 Bit    Registers := 2     
+---Muxes : 
	   2 Input      1 Bit        Muxes := 5     
Module uart_proc_hs__4 
Detailed RTL Component Info : 
+---Adders : 
	   2 Input     16 Bit       Adders := 1     
	   2 Input     12 Bit       Adders := 2     
+---Registers : 
	               32 Bit    Registers := 1     
	               16 Bit    Registers := 3     
	               12 Bit    Registers := 1     
	                8 Bit    Registers := 2     
	                5 Bit    Registers := 1     
	                1 Bit    Registers := 10    
+---Muxes : 
	  24 Input     32 Bit        Muxes := 1     
	  24 Input     16 Bit        Muxes := 6     
	   3 Input     12 Bit        Muxes := 1     
	  24 Input     12 Bit        Muxes := 2     
	  24 Input      8 Bit        Muxes := 2     
	  24 Input      5 Bit        Muxes := 2     
	   2 Input      5 Bit        Muxes := 9     
	   3 Input      5 Bit        Muxes := 2     
	   2 Input      2 Bit        Muxes := 1     
	   2 Input      1 Bit        Muxes := 9     
	   3 Input      1 Bit        Muxes := 1     
	  24 Input      1 Bit        Muxes := 18    
Module rs232_ser__3 
Detailed RTL Component Info : 
+---Adders : 
	   2 Input      6 Bit       Adders := 1     
	   2 Input      3 Bit       Adders := 1     
+---Registers : 
	                8 Bit    Registers := 1     
	                6 Bit    Registers := 1     
	                3 Bit    Registers := 1     
	                1 Bit    Registers := 2     
+---Muxes : 
	   4 Input      8 Bit        Muxes := 1     
	   2 Input      6 Bit        Muxes := 2     
	   4 Input      6 Bit        Muxes := 1     
	   2 Input      3 Bit        Muxes := 1     
	   4 Input      3 Bit        Muxes := 1     
	   4 Input      2 Bit        Muxes := 1     
	   2 Input      2 Bit        Muxes := 1     
	   2 Input      1 Bit        Muxes := 4     
	   4 Input      1 Bit        Muxes := 5     
Module posedge_detector__109 
Detailed RTL Component Info : 
+---Registers : 
	                1 Bit    Registers := 1     
Module sync__21 
Detailed RTL Component Info : 
+---Registers : 
	                2 Bit    Registers := 1     
Module negedge_detector__15 
Detailed RTL Component Info : 
+---Registers : 
	                1 Bit    Registers := 1     
Module rs232_des__3 
Detailed RTL Component Info : 
+---Adders : 
	   2 Input      6 Bit       Adders := 1     
	   2 Input      3 Bit       Adders := 1     
+---Registers : 
	                8 Bit    Registers := 1     
	                6 Bit    Registers := 1     
	                3 Bit    Registers := 1     
	                1 Bit    Registers := 1     
+---Muxes : 
	   2 Input      6 Bit        Muxes := 3     
	   4 Input      6 Bit        Muxes := 1     
	   2 Input      3 Bit        Muxes := 1     
	   4 Input      3 Bit        Muxes := 1     
	   4 Input      2 Bit        Muxes := 1     
	   2 Input      2 Bit        Muxes := 1     
	   2 Input      1 Bit        Muxes := 4     
	   4 Input      1 Bit        Muxes := 3     
Module negedge_detector__14 
Detailed RTL Component Info : 
+---Registers : 
	                1 Bit    Registers := 1     
Module ft232r_hs__3 
Detailed RTL Component Info : 
+---Registers : 
	                1 Bit    Registers := 2     
+---Muxes : 
	   3 Input      2 Bit        Muxes := 1     
	   2 Input      2 Bit        Muxes := 1     
	   2 Input      1 Bit        Muxes := 1     
	   3 Input      1 Bit        Muxes := 5     
Module negedge_detector__10 
Detailed RTL Component Info : 
+---Registers : 
	                1 Bit    Registers := 1     
Module negedge_detector__9 
Detailed RTL Component Info : 
+---Registers : 
	                1 Bit    Registers := 1     
Module crc__3 
Detailed RTL Component Info : 
+---XORs : 
	   2 Input      1 Bit         XORs := 12    
	   5 Input      1 Bit         XORs := 1     
	   8 Input      1 Bit         XORs := 1     
	   4 Input      1 Bit         XORs := 1     
	   3 Input      1 Bit         XORs := 3     
	   6 Input      1 Bit         XORs := 1     
	   7 Input      1 Bit         XORs := 1     
+---Registers : 
	               16 Bit    Registers := 1     
Module negedge_detector__8 
Detailed RTL Component Info : 
+---Registers : 
	                1 Bit    Registers := 1     
Module err_mngr__3 
Detailed RTL Component Info : 
+---Registers : 
	               32 Bit    Registers := 1     
	                1 Bit    Registers := 2     
+---Muxes : 
	   2 Input      1 Bit        Muxes := 5     
Module uart_proc_hs__3 
Detailed RTL Component Info : 
+---Adders : 
	   2 Input     16 Bit       Adders := 1     
	   2 Input     12 Bit       Adders := 2     
+---Registers : 
	               32 Bit    Registers := 1     
	               16 Bit    Registers := 3     
	               12 Bit    Registers := 1     
	                8 Bit    Registers := 2     
	                5 Bit    Registers := 1     
	                1 Bit    Registers := 10    
+---Muxes : 
	  24 Input     32 Bit        Muxes := 1     
	  24 Input     16 Bit        Muxes := 6     
	   3 Input     12 Bit        Muxes := 1     
	  24 Input     12 Bit        Muxes := 2     
	  24 Input      8 Bit        Muxes := 2     
	  24 Input      5 Bit        Muxes := 2     
	   2 Input      5 Bit        Muxes := 9     
	   3 Input      5 Bit        Muxes := 2     
	   2 Input      2 Bit        Muxes := 1     
	   2 Input      1 Bit        Muxes := 9     
	   3 Input      1 Bit        Muxes := 1     
	  24 Input      1 Bit        Muxes := 18    
Module negedge_detector__3 
Detailed RTL Component Info : 
+---Registers : 
	                1 Bit    Registers := 1     
Module crs_master 
Detailed RTL Component Info : 
+---Adders : 
	   2 Input      4 Bit       Adders := 1     
+---Registers : 
	               16 Bit    Registers := 4     
	               12 Bit    Registers := 1     
	                4 Bit    Registers := 1     
	                1 Bit    Registers := 5     
+---Muxes : 
	   4 Input     28 Bit        Muxes := 1     
	   4 Input     16 Bit        Muxes := 1     
	   6 Input     16 Bit        Muxes := 1     
	   2 Input     16 Bit        Muxes := 1     
	   4 Input     12 Bit        Muxes := 1     
	   6 Input     12 Bit        Muxes := 1     
	   2 Input     12 Bit        Muxes := 1     
	   2 Input      4 Bit        Muxes := 1     
	   6 Input      4 Bit        Muxes := 1     
	   6 Input      3 Bit        Muxes := 1     
	   2 Input      3 Bit        Muxes := 3     
	   4 Input      2 Bit        Muxes := 1     
	   2 Input      2 Bit        Muxes := 1     
	   2 Input      1 Bit        Muxes := 8     
	   4 Input      1 Bit        Muxes := 17    
	   6 Input      1 Bit        Muxes := 9     
Module one_shot__6 
Detailed RTL Component Info : 
+---Adders : 
	   2 Input     32 Bit       Adders := 3     
+---Registers : 
	               32 Bit    Registers := 1     
	                1 Bit    Registers := 1     
+---Muxes : 
	   2 Input     32 Bit        Muxes := 2     
	   3 Input     32 Bit        Muxes := 1     
	   3 Input      3 Bit        Muxes := 1     
	   2 Input      3 Bit        Muxes := 2     
	   2 Input      1 Bit        Muxes := 3     
	   3 Input      1 Bit        Muxes := 2     
Module task_reg 
Detailed RTL Component Info : 
+---Registers : 
	               16 Bit    Registers := 3     
+---Muxes : 
	   2 Input     16 Bit        Muxes := 17    
	   2 Input      1 Bit        Muxes := 32    
Module task_reg__parameterized0 
Detailed RTL Component Info : 
+---Registers : 
	               16 Bit    Registers := 3     
+---Muxes : 
	   2 Input     16 Bit        Muxes := 17    
	   2 Input      1 Bit        Muxes := 32    
Module task_reg__parameterized1 
Detailed RTL Component Info : 
+---Registers : 
	               16 Bit    Registers := 3     
+---Muxes : 
	   2 Input     16 Bit        Muxes := 17    
	   2 Input      1 Bit        Muxes := 32    
Module task_reg__parameterized2 
Detailed RTL Component Info : 
+---Registers : 
	               16 Bit    Registers := 3     
+---Muxes : 
	   2 Input     16 Bit        Muxes := 17    
	   2 Input      1 Bit        Muxes := 32    
Module task_reg__parameterized3 
Detailed RTL Component Info : 
+---Registers : 
	               16 Bit    Registers := 3     
+---Muxes : 
	   2 Input     16 Bit        Muxes := 17    
	   2 Input      1 Bit        Muxes := 32    
Module sync__20 
Detailed RTL Component Info : 
+---Registers : 
	                2 Bit    Registers := 1     
Module sync__23 
Detailed RTL Component Info : 
+---Registers : 
	                2 Bit    Registers := 1     
Module periodic_trigger_gen__1 
Detailed RTL Component Info : 
+---Adders : 
	   2 Input     32 Bit       Adders := 1     
+---Registers : 
	                1 Bit    Registers := 1     
+---Muxes : 
	   2 Input      1 Bit        Muxes := 1     
Module periodic_trigger_gen 
Detailed RTL Component Info : 
+---Adders : 
	   2 Input     32 Bit       Adders := 1     
+---Registers : 
	                1 Bit    Registers := 1     
+---Muxes : 
	   2 Input      1 Bit        Muxes := 1     
Module xdom 
Detailed RTL Component Info : 
+---Registers : 
	               48 Bit    Registers := 3     
	               32 Bit    Registers := 7     
	               27 Bit    Registers := 1     
	               24 Bit    Registers := 15    
	               19 Bit    Registers := 1     
	               16 Bit    Registers := 11    
	               13 Bit    Registers := 1     
	               12 Bit    Registers := 6     
	               10 Bit    Registers := 1     
	                8 Bit    Registers := 2     
	                6 Bit    Registers := 4     
	                5 Bit    Registers := 4     
	                3 Bit    Registers := 3     
	                2 Bit    Registers := 3     
	                1 Bit    Registers := 46    
+---Muxes : 
	   2 Input     48 Bit        Muxes := 1     
	  93 Input     32 Bit        Muxes := 3     
	   3 Input     32 Bit        Muxes := 1     
	   2 Input     32 Bit        Muxes := 2     
	  93 Input     27 Bit        Muxes := 1     
	  93 Input     24 Bit        Muxes := 12    
	   2 Input     24 Bit        Muxes := 5     
	   4 Input     24 Bit        Muxes := 1     
	  93 Input     19 Bit        Muxes := 1     
	   2 Input     16 Bit        Muxes := 4     
	   6 Input     16 Bit        Muxes := 1     
	 152 Input     16 Bit        Muxes := 1     
	   2 Input     12 Bit        Muxes := 1     
	 153 Input      8 Bit        Muxes := 1     
	   2 Input      6 Bit        Muxes := 1     
	   2 Input      5 Bit        Muxes := 1     
	  92 Input      2 Bit        Muxes := 2     
	   2 Input      2 Bit        Muxes := 26    
	   2 Input      1 Bit        Muxes := 78    
Module sync__18 
Detailed RTL Component Info : 
+---Registers : 
	                2 Bit    Registers := 1     
Module posedge_detector__108 
Detailed RTL Component Info : 
+---Registers : 
	                1 Bit    Registers := 1     
Module sync__17 
Detailed RTL Component Info : 
+---Registers : 
	                2 Bit    Registers := 1     
Module icm_ltc_des 
Detailed RTL Component Info : 
+---Adders : 
	   2 Input     32 Bit       Adders := 2     
+---Registers : 
	               50 Bit    Registers := 1     
	               48 Bit    Registers := 1     
	               32 Bit    Registers := 2     
	                1 Bit    Registers := 1     
+---Muxes : 
	   6 Input     50 Bit        Muxes := 1     
	   6 Input     48 Bit        Muxes := 1     
	   2 Input     32 Bit        Muxes := 7     
	   6 Input     32 Bit        Muxes := 2     
	   6 Input      3 Bit        Muxes := 1     
	   2 Input      3 Bit        Muxes := 10    
	   2 Input      1 Bit        Muxes := 1     
	   6 Input      1 Bit        Muxes := 5     
Module icm_time_transfer 
Detailed RTL Component Info : 
+---Adders : 
	   2 Input     48 Bit       Adders := 1     
+---Registers : 
	               48 Bit    Registers := 3     
	                1 Bit    Registers := 3     
+---Muxes : 
	   4 Input     48 Bit        Muxes := 1     
	   4 Input      2 Bit        Muxes := 1     
	   2 Input      2 Bit        Muxes := 7     
	   2 Input      1 Bit        Muxes := 1     
	   4 Input      1 Bit        Muxes := 4     
Module posedge_detector__106 
Detailed RTL Component Info : 
+---Registers : 
	                1 Bit    Registers := 1     
Module posedge_detector__107 
Detailed RTL Component Info : 
+---Registers : 
	                1 Bit    Registers := 1     
Module local_time_counter 
Detailed RTL Component Info : 
+---Adders : 
	   2 Input     49 Bit       Adders := 1     
+---Registers : 
	               49 Bit    Registers := 2     
	                1 Bit    Registers := 2     
+---Muxes : 
	   2 Input     49 Bit        Muxes := 1     
Module double_buffer 
Detailed RTL Component Info : 
+---Adders : 
	   2 Input      1 Bit       Adders := 2     
+---Registers : 
	               16 Bit    Registers := 2     
	                1 Bit    Registers := 4     
+---Muxes : 
	   2 Input     16 Bit        Muxes := 3     
	   2 Input      1 Bit        Muxes := 12    
Module sync__15 
Detailed RTL Component Info : 
+---Registers : 
	                2 Bit    Registers := 1     
Module double_buffer__parameterized0 
Detailed RTL Component Info : 
+---Adders : 
	   2 Input      1 Bit       Adders := 2     
+---Registers : 
	               16 Bit    Registers := 2     
	                1 Bit    Registers := 4     
+---Muxes : 
	   2 Input     16 Bit        Muxes := 3     
	   2 Input      1 Bit        Muxes := 12    
Module posedge_detector__104 
Detailed RTL Component Info : 
+---Registers : 
	                1 Bit    Registers := 1     
Module posedge_detector__105 
Detailed RTL Component Info : 
+---Registers : 
	                1 Bit    Registers := 1     
Module crc16_64b_parallel 
Detailed RTL Component Info : 
+---XORs : 
	   7 Input      1 Bit         XORs := 2     
	   2 Input      1 Bit         XORs := 6     
	  19 Input      1 Bit         XORs := 1     
	  20 Input      1 Bit         XORs := 1     
	  14 Input      1 Bit         XORs := 1     
	  13 Input      1 Bit         XORs := 2     
	   3 Input      1 Bit         XORs := 1     
	  15 Input      1 Bit         XORs := 4     
	   6 Input      1 Bit         XORs := 2     
	  11 Input      1 Bit         XORs := 3     
	  16 Input      1 Bit         XORs := 1     
	  10 Input      1 Bit         XORs := 1     
	  12 Input      1 Bit         XORs := 2     
	  35 Input      1 Bit         XORs := 1     
+---Registers : 
	               16 Bit    Registers := 1     
Module sync__16 
Detailed RTL Component Info : 
+---Registers : 
	                2 Bit    Registers := 1     
Module hbuf_ctrl 
Detailed RTL Component Info : 
+---Adders : 
	   2 Input     32 Bit       Adders := 2     
	   2 Input     16 Bit       Adders := 3     
	   3 Input     16 Bit       Adders := 2     
	   4 Input     16 Bit       Adders := 1     
	   2 Input      9 Bit       Adders := 4     
	   3 Input      9 Bit       Adders := 1     
+---Registers : 
	               64 Bit    Registers := 1     
	               32 Bit    Registers := 2     
	               28 Bit    Registers := 1     
	               16 Bit    Registers := 8     
	                9 Bit    Registers := 3     
	                4 Bit    Registers := 3     
	                1 Bit    Registers := 15    
+---Muxes : 
	  12 Input     64 Bit        Muxes := 1     
	   2 Input     64 Bit        Muxes := 2     
	  12 Input     32 Bit        Muxes := 1     
	   6 Input     32 Bit        Muxes := 1     
	   2 Input     16 Bit        Muxes := 7     
	   6 Input     16 Bit        Muxes := 1     
	   4 Input     16 Bit        Muxes := 1     
	  12 Input      9 Bit        Muxes := 2     
	   2 Input      9 Bit        Muxes := 2     
	   2 Input      4 Bit        Muxes := 5     
	  12 Input      4 Bit        Muxes := 1     
	   6 Input      3 Bit        Muxes := 1     
	   2 Input      3 Bit        Muxes := 6     
	   3 Input      3 Bit        Muxes := 1     
	   2 Input      1 Bit        Muxes := 15    
	  12 Input      1 Bit        Muxes := 11    
	   6 Input      1 Bit        Muxes := 6     
Module sync__13 
Detailed RTL Component Info : 
+---Registers : 
	                2 Bit    Registers := 1     
Module sync__14 
Detailed RTL Component Info : 
+---Registers : 
	                2 Bit    Registers := 1     
Module DDR3_pg_transfer_mux 
Detailed RTL Component Info : 
+---Registers : 
	                1 Bit    Registers := 3     
+---Muxes : 
	   3 Input    128 Bit        Muxes := 1     
	   3 Input     28 Bit        Muxes := 1     
	   2 Input      2 Bit        Muxes := 1     
	   3 Input      1 Bit        Muxes := 4     
	   2 Input      1 Bit        Muxes := 1     
Module sync__12 
Detailed RTL Component Info : 
+---Registers : 
	                2 Bit    Registers := 1     
Module DDR3_pg_transfer_ctrl 
Detailed RTL Component Info : 
+---Adders : 
	   2 Input     32 Bit       Adders := 3     
	   2 Input     28 Bit       Adders := 1     
	   2 Input      9 Bit       Adders := 1     
	   2 Input      8 Bit       Adders := 2     
+---Registers : 
	              128 Bit    Registers := 2     
	               32 Bit    Registers := 3     
	               28 Bit    Registers := 2     
	                8 Bit    Registers := 2     
	                3 Bit    Registers := 1     
	                1 Bit    Registers := 6     
+---Muxes : 
	   5 Input     32 Bit        Muxes := 2     
	   8 Input     32 Bit        Muxes := 1     
	   2 Input     28 Bit        Muxes := 1     
	   8 Input     28 Bit        Muxes := 1     
	   2 Input      8 Bit        Muxes := 1     
	   5 Input      8 Bit        Muxes := 3     
	   5 Input      3 Bit        Muxes := 1     
	   2 Input      3 Bit        Muxes := 6     
	   8 Input      3 Bit        Muxes := 2     
	   2 Input      1 Bit        Muxes := 6     
	   3 Input      1 Bit        Muxes := 2     
	   5 Input      1 Bit        Muxes := 9     
	   8 Input      1 Bit        Muxes := 10    
Module DDR3_DPRAM_transfer 
Detailed RTL Component Info : 
+---Registers : 
	                1 Bit    Registers := 1     
Module inhibit_generator_8b__1 
Detailed RTL Component Info : 
+---Adders : 
	   2 Input     32 Bit       Adders := 2     
+---Registers : 
	               32 Bit    Registers := 2     
	                8 Bit    Registers := 3     
	                1 Bit    Registers := 1     
+---Muxes : 
	   2 Input     32 Bit        Muxes := 1     
	   2 Input      8 Bit        Muxes := 1     
	   2 Input      1 Bit        Muxes := 4     
Module discr_scaler__1 
Detailed RTL Component Info : 
+---Adders : 
	   2 Input     32 Bit       Adders := 2     
	   8 Input      4 Bit       Adders := 1     
+---Registers : 
	               32 Bit    Registers := 2     
	                8 Bit    Registers := 1     
	                1 Bit    Registers := 5     
+---Muxes : 
	   2 Input      1 Bit        Muxes := 3     
Module inhibit_generator_8b__2 
Detailed RTL Component Info : 
+---Adders : 
	   2 Input     32 Bit       Adders := 2     
+---Registers : 
	               32 Bit    Registers := 2     
	                8 Bit    Registers := 3     
	                1 Bit    Registers := 1     
+---Muxes : 
	   2 Input     32 Bit        Muxes := 1     
	   2 Input      8 Bit        Muxes := 1     
	   2 Input      1 Bit        Muxes := 4     
Module discr_scaler__2 
Detailed RTL Component Info : 
+---Adders : 
	   2 Input     32 Bit       Adders := 2     
	   8 Input      4 Bit       Adders := 1     
+---Registers : 
	               32 Bit    Registers := 2     
	                8 Bit    Registers := 1     
	                1 Bit    Registers := 5     
+---Muxes : 
	   2 Input      1 Bit        Muxes := 3     
Module inhibit_generator_8b__3 
Detailed RTL Component Info : 
+---Adders : 
	   2 Input     32 Bit       Adders := 2     
+---Registers : 
	               32 Bit    Registers := 2     
	                8 Bit    Registers := 3     
	                1 Bit    Registers := 1     
+---Muxes : 
	   2 Input     32 Bit        Muxes := 1     
	   2 Input      8 Bit        Muxes := 1     
	   2 Input      1 Bit        Muxes := 4     
Module discr_scaler__3 
Detailed RTL Component Info : 
+---Adders : 
	   2 Input     32 Bit       Adders := 2     
	   8 Input      4 Bit       Adders := 1     
+---Registers : 
	               32 Bit    Registers := 2     
	                8 Bit    Registers := 1     
	                1 Bit    Registers := 5     
+---Muxes : 
	   2 Input      1 Bit        Muxes := 3     
Module inhibit_generator_8b__4 
Detailed RTL Component Info : 
+---Adders : 
	   2 Input     32 Bit       Adders := 2     
+---Registers : 
	               32 Bit    Registers := 2     
	                8 Bit    Registers := 3     
	                1 Bit    Registers := 1     
+---Muxes : 
	   2 Input     32 Bit        Muxes := 1     
	   2 Input      8 Bit        Muxes := 1     
	   2 Input      1 Bit        Muxes := 4     
Module discr_scaler__4 
Detailed RTL Component Info : 
+---Adders : 
	   2 Input     32 Bit       Adders := 2     
	   8 Input      4 Bit       Adders := 1     
+---Registers : 
	               32 Bit    Registers := 2     
	                8 Bit    Registers := 1     
	                1 Bit    Registers := 5     
+---Muxes : 
	   2 Input      1 Bit        Muxes := 3     
Module inhibit_generator_8b__5 
Detailed RTL Component Info : 
+---Adders : 
	   2 Input     32 Bit       Adders := 2     
+---Registers : 
	               32 Bit    Registers := 2     
	                8 Bit    Registers := 3     
	                1 Bit    Registers := 1     
+---Muxes : 
	   2 Input     32 Bit        Muxes := 1     
	   2 Input      8 Bit        Muxes := 1     
	   2 Input      1 Bit        Muxes := 4     
Module discr_scaler__5 
Detailed RTL Component Info : 
+---Adders : 
	   2 Input     32 Bit       Adders := 2     
	   8 Input      4 Bit       Adders := 1     
+---Registers : 
	               32 Bit    Registers := 2     
	                8 Bit    Registers := 1     
	                1 Bit    Registers := 5     
+---Muxes : 
	   2 Input      1 Bit        Muxes := 3     
Module inhibit_generator_8b__6 
Detailed RTL Component Info : 
+---Adders : 
	   2 Input     32 Bit       Adders := 2     
+---Registers : 
	               32 Bit    Registers := 2     
	                8 Bit    Registers := 3     
	                1 Bit    Registers := 1     
+---Muxes : 
	   2 Input     32 Bit        Muxes := 1     
	   2 Input      8 Bit        Muxes := 1     
	   2 Input      1 Bit        Muxes := 4     
Module discr_scaler__6 
Detailed RTL Component Info : 
+---Adders : 
	   2 Input     32 Bit       Adders := 2     
	   8 Input      4 Bit       Adders := 1     
+---Registers : 
	               32 Bit    Registers := 2     
	                8 Bit    Registers := 1     
	                1 Bit    Registers := 5     
+---Muxes : 
	   2 Input      1 Bit        Muxes := 3     
Module inhibit_generator_8b__7 
Detailed RTL Component Info : 
+---Adders : 
	   2 Input     32 Bit       Adders := 2     
+---Registers : 
	               32 Bit    Registers := 2     
	                8 Bit    Registers := 3     
	                1 Bit    Registers := 1     
+---Muxes : 
	   2 Input     32 Bit        Muxes := 1     
	   2 Input      8 Bit        Muxes := 1     
	   2 Input      1 Bit        Muxes := 4     
Module discr_scaler__7 
Detailed RTL Component Info : 
+---Adders : 
	   2 Input     32 Bit       Adders := 2     
	   8 Input      4 Bit       Adders := 1     
+---Registers : 
	               32 Bit    Registers := 2     
	                8 Bit    Registers := 1     
	                1 Bit    Registers := 5     
+---Muxes : 
	   2 Input      1 Bit        Muxes := 3     
Module inhibit_generator_8b__8 
Detailed RTL Component Info : 
+---Adders : 
	   2 Input     32 Bit       Adders := 2     
+---Registers : 
	               32 Bit    Registers := 2     
	                8 Bit    Registers := 3     
	                1 Bit    Registers := 1     
+---Muxes : 
	   2 Input     32 Bit        Muxes := 1     
	   2 Input      8 Bit        Muxes := 1     
	   2 Input      1 Bit        Muxes := 4     
Module discr_scaler__8 
Detailed RTL Component Info : 
+---Adders : 
	   2 Input     32 Bit       Adders := 2     
	   8 Input      4 Bit       Adders := 1     
+---Registers : 
	               32 Bit    Registers := 2     
	                8 Bit    Registers := 1     
	                1 Bit    Registers := 5     
+---Muxes : 
	   2 Input      1 Bit        Muxes := 3     
Module inhibit_generator_8b__9 
Detailed RTL Component Info : 
+---Adders : 
	   2 Input     32 Bit       Adders := 2     
+---Registers : 
	               32 Bit    Registers := 2     
	                8 Bit    Registers := 3     
	                1 Bit    Registers := 1     
+---Muxes : 
	   2 Input     32 Bit        Muxes := 1     
	   2 Input      8 Bit        Muxes := 1     
	   2 Input      1 Bit        Muxes := 4     
Module discr_scaler__9 
Detailed RTL Component Info : 
+---Adders : 
	   2 Input     32 Bit       Adders := 2     
	   8 Input      4 Bit       Adders := 1     
+---Registers : 
	               32 Bit    Registers := 2     
	                8 Bit    Registers := 1     
	                1 Bit    Registers := 5     
+---Muxes : 
	   2 Input      1 Bit        Muxes := 3     
Module posedge_detector__112 
Detailed RTL Component Info : 
+---Registers : 
	                1 Bit    Registers := 1     
Module inhibit_generator_1b__1 
Detailed RTL Component Info : 
+---Adders : 
	   2 Input     32 Bit       Adders := 2     
+---Registers : 
	               32 Bit    Registers := 2     
	                1 Bit    Registers := 3     
+---Muxes : 
	   2 Input     32 Bit        Muxes := 1     
	   2 Input      1 Bit        Muxes := 5     
Module discr_scaler__parameterized0__1 
Detailed RTL Component Info : 
+---Adders : 
	   2 Input     32 Bit       Adders := 2     
+---Registers : 
	               32 Bit    Registers := 2     
	                1 Bit    Registers := 6     
+---Muxes : 
	   2 Input      1 Bit        Muxes := 3     
Module inhibit_generator_8b__10 
Detailed RTL Component Info : 
+---Adders : 
	   2 Input     32 Bit       Adders := 2     
+---Registers : 
	               32 Bit    Registers := 2     
	                8 Bit    Registers := 3     
	                1 Bit    Registers := 1     
+---Muxes : 
	   2 Input     32 Bit        Muxes := 1     
	   2 Input      8 Bit        Muxes := 1     
	   2 Input      1 Bit        Muxes := 4     
Module discr_scaler__10 
Detailed RTL Component Info : 
+---Adders : 
	   2 Input     32 Bit       Adders := 2     
	   8 Input      4 Bit       Adders := 1     
+---Registers : 
	               32 Bit    Registers := 2     
	                8 Bit    Registers := 1     
	                1 Bit    Registers := 5     
+---Muxes : 
	   2 Input      1 Bit        Muxes := 3     
Module inhibit_generator_8b__11 
Detailed RTL Component Info : 
+---Adders : 
	   2 Input     32 Bit       Adders := 2     
+---Registers : 
	               32 Bit    Registers := 2     
	                8 Bit    Registers := 3     
	                1 Bit    Registers := 1     
+---Muxes : 
	   2 Input     32 Bit        Muxes := 1     
	   2 Input      8 Bit        Muxes := 1     
	   2 Input      1 Bit        Muxes := 4     
Module discr_scaler__11 
Detailed RTL Component Info : 
+---Adders : 
	   2 Input     32 Bit       Adders := 2     
	   8 Input      4 Bit       Adders := 1     
+---Registers : 
	               32 Bit    Registers := 2     
	                8 Bit    Registers := 1     
	                1 Bit    Registers := 5     
+---Muxes : 
	   2 Input      1 Bit        Muxes := 3     
Module inhibit_generator_8b__12 
Detailed RTL Component Info : 
+---Adders : 
	   2 Input     32 Bit       Adders := 2     
+---Registers : 
	               32 Bit    Registers := 2     
	                8 Bit    Registers := 3     
	                1 Bit    Registers := 1     
+---Muxes : 
	   2 Input     32 Bit        Muxes := 1     
	   2 Input      8 Bit        Muxes := 1     
	   2 Input      1 Bit        Muxes := 4     
Module discr_scaler__12 
Detailed RTL Component Info : 
+---Adders : 
	   2 Input     32 Bit       Adders := 2     
	   8 Input      4 Bit       Adders := 1     
+---Registers : 
	               32 Bit    Registers := 2     
	                8 Bit    Registers := 1     
	                1 Bit    Registers := 5     
+---Muxes : 
	   2 Input      1 Bit        Muxes := 3     
Module inhibit_generator_8b__13 
Detailed RTL Component Info : 
+---Adders : 
	   2 Input     32 Bit       Adders := 2     
+---Registers : 
	               32 Bit    Registers := 2     
	                8 Bit    Registers := 3     
	                1 Bit    Registers := 1     
+---Muxes : 
	   2 Input     32 Bit        Muxes := 1     
	   2 Input      8 Bit        Muxes := 1     
	   2 Input      1 Bit        Muxes := 4     
Module discr_scaler__13 
Detailed RTL Component Info : 
+---Adders : 
	   2 Input     32 Bit       Adders := 2     
	   8 Input      4 Bit       Adders := 1     
+---Registers : 
	               32 Bit    Registers := 2     
	                8 Bit    Registers := 1     
	                1 Bit    Registers := 5     
+---Muxes : 
	   2 Input      1 Bit        Muxes := 3     
Module inhibit_generator_8b__14 
Detailed RTL Component Info : 
+---Adders : 
	   2 Input     32 Bit       Adders := 2     
+---Registers : 
	               32 Bit    Registers := 2     
	                8 Bit    Registers := 3     
	                1 Bit    Registers := 1     
+---Muxes : 
	   2 Input     32 Bit        Muxes := 1     
	   2 Input      8 Bit        Muxes := 1     
	   2 Input      1 Bit        Muxes := 4     
Module discr_scaler__14 
Detailed RTL Component Info : 
+---Adders : 
	   2 Input     32 Bit       Adders := 2     
	   8 Input      4 Bit       Adders := 1     
+---Registers : 
	               32 Bit    Registers := 2     
	                8 Bit    Registers := 1     
	                1 Bit    Registers := 5     
+---Muxes : 
	   2 Input      1 Bit        Muxes := 3     
Module delay_n 
Detailed RTL Component Info : 
+---Registers : 
	               80 Bit    Registers := 1     
Module adc_discr_channel__xdcDup__1 
Detailed RTL Component Info : 
+---Registers : 
	               12 Bit    Registers := 2     
	                8 Bit    Registers := 2     
Module delay_n__46 
Detailed RTL Component Info : 
+---Registers : 
	               80 Bit    Registers := 1     
Module adc_discr_channel__xdcDup__3 
Detailed RTL Component Info : 
+---Registers : 
	               12 Bit    Registers := 2     
	                8 Bit    Registers := 2     
Module delay_n__45 
Detailed RTL Component Info : 
+---Registers : 
	               80 Bit    Registers := 1     
Module adc_discr_channel__xdcDup__4 
Detailed RTL Component Info : 
+---Registers : 
	               12 Bit    Registers := 2     
	                8 Bit    Registers := 2     
Module delay_n__44 
Detailed RTL Component Info : 
+---Registers : 
	               80 Bit    Registers := 1     
Module adc_discr_channel__xdcDup__5 
Detailed RTL Component Info : 
+---Registers : 
	               12 Bit    Registers := 2     
	                8 Bit    Registers := 2     
Module delay_n__43 
Detailed RTL Component Info : 
+---Registers : 
	               80 Bit    Registers := 1     
Module adc_discr_channel__xdcDup__6 
Detailed RTL Component Info : 
+---Registers : 
	               12 Bit    Registers := 2     
	                8 Bit    Registers := 2     
Module delay_n__42 
Detailed RTL Component Info : 
+---Registers : 
	               80 Bit    Registers := 1     
Module adc_discr_channel__xdcDup__7 
Detailed RTL Component Info : 
+---Registers : 
	               12 Bit    Registers := 2     
	                8 Bit    Registers := 2     
Module delay_n__41 
Detailed RTL Component Info : 
+---Registers : 
	               80 Bit    Registers := 1     
Module adc_discr_channel__xdcDup__8 
Detailed RTL Component Info : 
+---Registers : 
	               12 Bit    Registers := 2     
	                8 Bit    Registers := 2     
Module delay_n__40 
Detailed RTL Component Info : 
+---Registers : 
	               80 Bit    Registers := 1     
Module adc_discr_channel__xdcDup__9 
Detailed RTL Component Info : 
+---Registers : 
	               12 Bit    Registers := 2     
	                8 Bit    Registers := 2     
Module delay_n__39 
Detailed RTL Component Info : 
+---Registers : 
	               80 Bit    Registers := 1     
Module adc_discr_channel__xdcDup__10 
Detailed RTL Component Info : 
+---Registers : 
	               12 Bit    Registers := 2     
	                8 Bit    Registers := 2     
Module delay_n__38 
Detailed RTL Component Info : 
+---Registers : 
	               80 Bit    Registers := 1     
Module adc_discr_channel__xdcDup__11 
Detailed RTL Component Info : 
+---Registers : 
	               12 Bit    Registers := 2     
	                8 Bit    Registers := 2     
Module delay_n__37 
Detailed RTL Component Info : 
+---Registers : 
	               80 Bit    Registers := 1     
Module adc_discr_channel__xdcDup__12 
Detailed RTL Component Info : 
+---Registers : 
	               12 Bit    Registers := 2     
	                8 Bit    Registers := 2     
Module delay_n__36 
Detailed RTL Component Info : 
+---Registers : 
	               80 Bit    Registers := 1     
Module adc_discr_channel__xdcDup__13 
Detailed RTL Component Info : 
+---Registers : 
	               12 Bit    Registers := 2     
	                8 Bit    Registers := 2     
Module delay_n__35 
Detailed RTL Component Info : 
+---Registers : 
	               80 Bit    Registers := 1     
Module adc_discr_channel__xdcDup__14 
Detailed RTL Component Info : 
+---Registers : 
	               12 Bit    Registers := 2     
	                8 Bit    Registers := 2     
Module delay_n__34 
Detailed RTL Component Info : 
+---Registers : 
	               80 Bit    Registers := 1     
Module adc_discr_channel__xdcDup__15 
Detailed RTL Component Info : 
+---Registers : 
	               12 Bit    Registers := 2     
	                8 Bit    Registers := 2     
Module delay_n__33 
Detailed RTL Component Info : 
+---Registers : 
	               80 Bit    Registers := 1     
Module adc_discr_channel__xdcDup__17 
Detailed RTL Component Info : 
+---Registers : 
	               12 Bit    Registers := 2     
	                8 Bit    Registers := 2     
Module delay_n__32 
Detailed RTL Component Info : 
+---Registers : 
	               80 Bit    Registers := 1     
Module adc_discr_channel__xdcDup__18 
Detailed RTL Component Info : 
+---Registers : 
	               12 Bit    Registers := 2     
	                8 Bit    Registers := 2     
Module delay_n__31 
Detailed RTL Component Info : 
+---Registers : 
	               80 Bit    Registers := 1     
Module adc_discr_channel__xdcDup__19 
Detailed RTL Component Info : 
+---Registers : 
	               12 Bit    Registers := 2     
	                8 Bit    Registers := 2     
Module sync__24 
Detailed RTL Component Info : 
+---Registers : 
	                2 Bit    Registers := 1     
Module sync__25 
Detailed RTL Component Info : 
+---Registers : 
	                2 Bit    Registers := 1     
Module global_trigger 
Detailed RTL Component Info : 
+---Registers : 
	               24 Bit    Registers := 3     
+---Muxes : 
	   2 Input      1 Bit        Muxes := 1     
Module delay_n__30 
Detailed RTL Component Info : 
+---Registers : 
	               80 Bit    Registers := 1     
Module adc_discr_channel__xdcDup__20 
Detailed RTL Component Info : 
+---Registers : 
	               12 Bit    Registers := 2     
	                8 Bit    Registers := 2     
Module posedge_detector__113 
Detailed RTL Component Info : 
+---Registers : 
	                1 Bit    Registers := 1     
Module delay_n__29 
Detailed RTL Component Info : 
+---Registers : 
	               80 Bit    Registers := 1     
Module adc_discr_channel__xdcDup__21 
Detailed RTL Component Info : 
+---Registers : 
	               12 Bit    Registers := 2     
	                8 Bit    Registers := 2     
Module delay_n__28 
Detailed RTL Component Info : 
+---Registers : 
	               80 Bit    Registers := 1     
Module adc_discr_channel__xdcDup__22 
Detailed RTL Component Info : 
+---Registers : 
	               12 Bit    Registers := 2     
	                8 Bit    Registers := 2     
Module negedge_detector__19 
Detailed RTL Component Info : 
+---Registers : 
	                1 Bit    Registers := 1     
Module sync__26 
Detailed RTL Component Info : 
+---Registers : 
	                2 Bit    Registers := 1     
Module negedge_detector__20 
Detailed RTL Component Info : 
+---Registers : 
	                1 Bit    Registers := 1     
Module sync__27 
Detailed RTL Component Info : 
+---Registers : 
	                2 Bit    Registers := 1     
Module delay_n__27 
Detailed RTL Component Info : 
+---Registers : 
	               80 Bit    Registers := 1     
Module adc_discr_channel__xdcDup__23 
Detailed RTL Component Info : 
+---Registers : 
	               12 Bit    Registers := 2     
	                8 Bit    Registers := 2     
Module delay_n__26 
Detailed RTL Component Info : 
+---Registers : 
	               80 Bit    Registers := 1     
Module adc_discr_channel 
Detailed RTL Component Info : 
+---Registers : 
	               12 Bit    Registers := 2     
	                8 Bit    Registers := 2     
Module posedge_detector__114 
Detailed RTL Component Info : 
+---Registers : 
	                1 Bit    Registers := 1     
Module inhibit_generator_1b__2 
Detailed RTL Component Info : 
+---Adders : 
	   2 Input     32 Bit       Adders := 2     
+---Registers : 
	               32 Bit    Registers := 2     
	                1 Bit    Registers := 3     
+---Muxes : 
	   2 Input     32 Bit        Muxes := 1     
	   2 Input      1 Bit        Muxes := 5     
Module discr_scaler__parameterized0__2 
Detailed RTL Component Info : 
+---Adders : 
	   2 Input     32 Bit       Adders := 2     
+---Registers : 
	               32 Bit    Registers := 2     
	                1 Bit    Registers := 6     
+---Muxes : 
	   2 Input      1 Bit        Muxes := 3     
Module posedge_detector__115 
Detailed RTL Component Info : 
+---Registers : 
	                1 Bit    Registers := 1     
Module inhibit_generator_1b__3 
Detailed RTL Component Info : 
+---Adders : 
	   2 Input     32 Bit       Adders := 2     
+---Registers : 
	               32 Bit    Registers := 2     
	                1 Bit    Registers := 3     
+---Muxes : 
	   2 Input     32 Bit        Muxes := 1     
	   2 Input      1 Bit        Muxes := 5     
Module discr_scaler__parameterized0__3 
Detailed RTL Component Info : 
+---Adders : 
	   2 Input     32 Bit       Adders := 2     
+---Registers : 
	               32 Bit    Registers := 2     
	                1 Bit    Registers := 6     
+---Muxes : 
	   2 Input      1 Bit        Muxes := 3     
Module posedge_detector__116 
Detailed RTL Component Info : 
+---Registers : 
	                1 Bit    Registers := 1     
Module inhibit_generator_1b__4 
Detailed RTL Component Info : 
+---Adders : 
	   2 Input     32 Bit       Adders := 2     
+---Registers : 
	               32 Bit    Registers := 2     
	                1 Bit    Registers := 3     
+---Muxes : 
	   2 Input     32 Bit        Muxes := 1     
	   2 Input      1 Bit        Muxes := 5     
Module discr_scaler__parameterized0__4 
Detailed RTL Component Info : 
+---Adders : 
	   2 Input     32 Bit       Adders := 2     
+---Registers : 
	               32 Bit    Registers := 2     
	                1 Bit    Registers := 6     
+---Muxes : 
	   2 Input      1 Bit        Muxes := 3     
Module posedge_detector__117 
Detailed RTL Component Info : 
+---Registers : 
	                1 Bit    Registers := 1     
Module inhibit_generator_1b__5 
Detailed RTL Component Info : 
+---Adders : 
	   2 Input     32 Bit       Adders := 2     
+---Registers : 
	               32 Bit    Registers := 2     
	                1 Bit    Registers := 3     
+---Muxes : 
	   2 Input     32 Bit        Muxes := 1     
	   2 Input      1 Bit        Muxes := 5     
Module discr_scaler__parameterized0__5 
Detailed RTL Component Info : 
+---Adders : 
	   2 Input     32 Bit       Adders := 2     
+---Registers : 
	               32 Bit    Registers := 2     
	                1 Bit    Registers := 6     
+---Muxes : 
	   2 Input      1 Bit        Muxes := 3     
Module posedge_detector__118 
Detailed RTL Component Info : 
+---Registers : 
	                1 Bit    Registers := 1     
Module inhibit_generator_1b__6 
Detailed RTL Component Info : 
+---Adders : 
	   2 Input     32 Bit       Adders := 2     
+---Registers : 
	               32 Bit    Registers := 2     
	                1 Bit    Registers := 3     
+---Muxes : 
	   2 Input     32 Bit        Muxes := 1     
	   2 Input      1 Bit        Muxes := 5     
Module discr_scaler__parameterized0__6 
Detailed RTL Component Info : 
+---Adders : 
	   2 Input     32 Bit       Adders := 2     
+---Registers : 
	               32 Bit    Registers := 2     
	                1 Bit    Registers := 6     
+---Muxes : 
	   2 Input      1 Bit        Muxes := 3     
Module posedge_detector__119 
Detailed RTL Component Info : 
+---Registers : 
	                1 Bit    Registers := 1     
Module inhibit_generator_1b__7 
Detailed RTL Component Info : 
+---Adders : 
	   2 Input     32 Bit       Adders := 2     
+---Registers : 
	               32 Bit    Registers := 2     
	                1 Bit    Registers := 3     
+---Muxes : 
	   2 Input     32 Bit        Muxes := 1     
	   2 Input      1 Bit        Muxes := 5     
Module discr_scaler__parameterized0__7 
Detailed RTL Component Info : 
+---Adders : 
	   2 Input     32 Bit       Adders := 2     
+---Registers : 
	               32 Bit    Registers := 2     
	                1 Bit    Registers := 6     
+---Muxes : 
	   2 Input      1 Bit        Muxes := 3     
Module posedge_detector__120 
Detailed RTL Component Info : 
+---Registers : 
	                1 Bit    Registers := 1     
Module inhibit_generator_1b__8 
Detailed RTL Component Info : 
+---Adders : 
	   2 Input     32 Bit       Adders := 2     
+---Registers : 
	               32 Bit    Registers := 2     
	                1 Bit    Registers := 3     
+---Muxes : 
	   2 Input     32 Bit        Muxes := 1     
	   2 Input      1 Bit        Muxes := 5     
Module discr_scaler__parameterized0__8 
Detailed RTL Component Info : 
+---Adders : 
	   2 Input     32 Bit       Adders := 2     
+---Registers : 
	               32 Bit    Registers := 2     
	                1 Bit    Registers := 6     
+---Muxes : 
	   2 Input      1 Bit        Muxes := 3     
Module posedge_detector__121 
Detailed RTL Component Info : 
+---Registers : 
	                1 Bit    Registers := 1     
Module inhibit_generator_1b__9 
Detailed RTL Component Info : 
+---Adders : 
	   2 Input     32 Bit       Adders := 2     
+---Registers : 
	               32 Bit    Registers := 2     
	                1 Bit    Registers := 3     
+---Muxes : 
	   2 Input     32 Bit        Muxes := 1     
	   2 Input      1 Bit        Muxes := 5     
Module discr_scaler__parameterized0__9 
Detailed RTL Component Info : 
+---Adders : 
	   2 Input     32 Bit       Adders := 2     
+---Registers : 
	               32 Bit    Registers := 2     
	                1 Bit    Registers := 6     
+---Muxes : 
	   2 Input      1 Bit        Muxes := 3     
Module posedge_detector__122 
Detailed RTL Component Info : 
+---Registers : 
	                1 Bit    Registers := 1     
Module inhibit_generator_1b__10 
Detailed RTL Component Info : 
+---Adders : 
	   2 Input     32 Bit       Adders := 2     
+---Registers : 
	               32 Bit    Registers := 2     
	                1 Bit    Registers := 3     
+---Muxes : 
	   2 Input     32 Bit        Muxes := 1     
	   2 Input      1 Bit        Muxes := 5     
Module discr_scaler__parameterized0__10 
Detailed RTL Component Info : 
+---Adders : 
	   2 Input     32 Bit       Adders := 2     
+---Registers : 
	               32 Bit    Registers := 2     
	                1 Bit    Registers := 6     
+---Muxes : 
	   2 Input      1 Bit        Muxes := 3     
Module posedge_detector__123 
Detailed RTL Component Info : 
+---Registers : 
	                1 Bit    Registers := 1     
Module inhibit_generator_1b__11 
Detailed RTL Component Info : 
+---Adders : 
	   2 Input     32 Bit       Adders := 2     
+---Registers : 
	               32 Bit    Registers := 2     
	                1 Bit    Registers := 3     
+---Muxes : 
	   2 Input     32 Bit        Muxes := 1     
	   2 Input      1 Bit        Muxes := 5     
Module discr_scaler__parameterized0__11 
Detailed RTL Component Info : 
+---Adders : 
	   2 Input     32 Bit       Adders := 2     
+---Registers : 
	               32 Bit    Registers := 2     
	                1 Bit    Registers := 6     
+---Muxes : 
	   2 Input      1 Bit        Muxes := 3     
Module posedge_detector__124 
Detailed RTL Component Info : 
+---Registers : 
	                1 Bit    Registers := 1     
Module inhibit_generator_1b__12 
Detailed RTL Component Info : 
+---Adders : 
	   2 Input     32 Bit       Adders := 2     
+---Registers : 
	               32 Bit    Registers := 2     
	                1 Bit    Registers := 3     
+---Muxes : 
	   2 Input     32 Bit        Muxes := 1     
	   2 Input      1 Bit        Muxes := 5     
Module discr_scaler__parameterized0__12 
Detailed RTL Component Info : 
+---Adders : 
	   2 Input     32 Bit       Adders := 2     
+---Registers : 
	               32 Bit    Registers := 2     
	                1 Bit    Registers := 6     
+---Muxes : 
	   2 Input      1 Bit        Muxes := 3     
Module posedge_detector__125 
Detailed RTL Component Info : 
+---Registers : 
	                1 Bit    Registers := 1     
Module inhibit_generator_1b__13 
Detailed RTL Component Info : 
+---Adders : 
	   2 Input     32 Bit       Adders := 2     
+---Registers : 
	               32 Bit    Registers := 2     
	                1 Bit    Registers := 3     
+---Muxes : 
	   2 Input     32 Bit        Muxes := 1     
	   2 Input      1 Bit        Muxes := 5     
Module discr_scaler__parameterized0__13 
Detailed RTL Component Info : 
+---Adders : 
	   2 Input     32 Bit       Adders := 2     
+---Registers : 
	               32 Bit    Registers := 2     
	                1 Bit    Registers := 6     
+---Muxes : 
	   2 Input      1 Bit        Muxes := 3     
Module posedge_detector__126 
Detailed RTL Component Info : 
+---Registers : 
	                1 Bit    Registers := 1     
Module inhibit_generator_1b__14 
Detailed RTL Component Info : 
+---Adders : 
	   2 Input     32 Bit       Adders := 2     
+---Registers : 
	               32 Bit    Registers := 2     
	                1 Bit    Registers := 3     
+---Muxes : 
	   2 Input     32 Bit        Muxes := 1     
	   2 Input      1 Bit        Muxes := 5     
Module discr_scaler__parameterized0__14 
Detailed RTL Component Info : 
+---Adders : 
	   2 Input     32 Bit       Adders := 2     
+---Registers : 
	               32 Bit    Registers := 2     
	                1 Bit    Registers := 6     
+---Muxes : 
	   2 Input      1 Bit        Muxes := 3     
Module posedge_detector__127 
Detailed RTL Component Info : 
+---Registers : 
	                1 Bit    Registers := 1     
Module inhibit_generator_1b__15 
Detailed RTL Component Info : 
+---Adders : 
	   2 Input     32 Bit       Adders := 2     
+---Registers : 
	               32 Bit    Registers := 2     
	                1 Bit    Registers := 3     
+---Muxes : 
	   2 Input     32 Bit        Muxes := 1     
	   2 Input      1 Bit        Muxes := 5     
Module discr_scaler__parameterized0__15 
Detailed RTL Component Info : 
+---Adders : 
	   2 Input     32 Bit       Adders := 2     
+---Registers : 
	               32 Bit    Registers := 2     
	                1 Bit    Registers := 6     
+---Muxes : 
	   2 Input      1 Bit        Muxes := 3     
Module posedge_detector__128 
Detailed RTL Component Info : 
+---Registers : 
	                1 Bit    Registers := 1     
Module inhibit_generator_1b__16 
Detailed RTL Component Info : 
+---Adders : 
	   2 Input     32 Bit       Adders := 2     
+---Registers : 
	               32 Bit    Registers := 2     
	                1 Bit    Registers := 3     
+---Muxes : 
	   2 Input     32 Bit        Muxes := 1     
	   2 Input      1 Bit        Muxes := 5     
Module discr_scaler__parameterized0__16 
Detailed RTL Component Info : 
+---Adders : 
	   2 Input     32 Bit       Adders := 2     
+---Registers : 
	               32 Bit    Registers := 2     
	                1 Bit    Registers := 6     
+---Muxes : 
	   2 Input      1 Bit        Muxes := 3     
Module posedge_detector__129 
Detailed RTL Component Info : 
+---Registers : 
	                1 Bit    Registers := 1     
Module inhibit_generator_1b__17 
Detailed RTL Component Info : 
+---Adders : 
	   2 Input     32 Bit       Adders := 2     
+---Registers : 
	               32 Bit    Registers := 2     
	                1 Bit    Registers := 3     
+---Muxes : 
	   2 Input     32 Bit        Muxes := 1     
	   2 Input      1 Bit        Muxes := 5     
Module discr_scaler__parameterized0__17 
Detailed RTL Component Info : 
+---Adders : 
	   2 Input     32 Bit       Adders := 2     
+---Registers : 
	               32 Bit    Registers := 2     
	                1 Bit    Registers := 6     
+---Muxes : 
	   2 Input      1 Bit        Muxes := 3     
Module posedge_detector__130 
Detailed RTL Component Info : 
+---Registers : 
	                1 Bit    Registers := 1     
Module inhibit_generator_1b__18 
Detailed RTL Component Info : 
+---Adders : 
	   2 Input     32 Bit       Adders := 2     
+---Registers : 
	               32 Bit    Registers := 2     
	                1 Bit    Registers := 3     
+---Muxes : 
	   2 Input     32 Bit        Muxes := 1     
	   2 Input      1 Bit        Muxes := 5     
Module discr_scaler__parameterized0__18 
Detailed RTL Component Info : 
+---Adders : 
	   2 Input     32 Bit       Adders := 2     
+---Registers : 
	               32 Bit    Registers := 2     
	                1 Bit    Registers := 6     
+---Muxes : 
	   2 Input      1 Bit        Muxes := 3     
Module posedge_detector__131 
Detailed RTL Component Info : 
+---Registers : 
	                1 Bit    Registers := 1     
Module inhibit_generator_1b__19 
Detailed RTL Component Info : 
+---Adders : 
	   2 Input     32 Bit       Adders := 2     
+---Registers : 
	               32 Bit    Registers := 2     
	                1 Bit    Registers := 3     
+---Muxes : 
	   2 Input     32 Bit        Muxes := 1     
	   2 Input      1 Bit        Muxes := 5     
Module discr_scaler__parameterized0__19 
Detailed RTL Component Info : 
+---Adders : 
	   2 Input     32 Bit       Adders := 2     
+---Registers : 
	               32 Bit    Registers := 2     
	                1 Bit    Registers := 6     
+---Muxes : 
	   2 Input      1 Bit        Muxes := 3     
Module posedge_detector__132 
Detailed RTL Component Info : 
+---Registers : 
	                1 Bit    Registers := 1     
Module inhibit_generator_1b__20 
Detailed RTL Component Info : 
+---Adders : 
	   2 Input     32 Bit       Adders := 2     
+---Registers : 
	               32 Bit    Registers := 2     
	                1 Bit    Registers := 3     
+---Muxes : 
	   2 Input     32 Bit        Muxes := 1     
	   2 Input      1 Bit        Muxes := 5     
Module discr_scaler__parameterized0__20 
Detailed RTL Component Info : 
+---Adders : 
	   2 Input     32 Bit       Adders := 2     
+---Registers : 
	               32 Bit    Registers := 2     
	                1 Bit    Registers := 6     
+---Muxes : 
	   2 Input      1 Bit        Muxes := 3     
Module posedge_detector__133 
Detailed RTL Component Info : 
+---Registers : 
	                1 Bit    Registers := 1     
Module inhibit_generator_1b__21 
Detailed RTL Component Info : 
+---Adders : 
	   2 Input     32 Bit       Adders := 2     
+---Registers : 
	               32 Bit    Registers := 2     
	                1 Bit    Registers := 3     
+---Muxes : 
	   2 Input     32 Bit        Muxes := 1     
	   2 Input      1 Bit        Muxes := 5     
Module discr_scaler__parameterized0__21 
Detailed RTL Component Info : 
+---Adders : 
	   2 Input     32 Bit       Adders := 2     
+---Registers : 
	               32 Bit    Registers := 2     
	                1 Bit    Registers := 6     
+---Muxes : 
	   2 Input      1 Bit        Muxes := 3     
Module posedge_detector__134 
Detailed RTL Component Info : 
+---Registers : 
	                1 Bit    Registers := 1     
Module inhibit_generator_1b__22 
Detailed RTL Component Info : 
+---Adders : 
	   2 Input     32 Bit       Adders := 2     
+---Registers : 
	               32 Bit    Registers := 2     
	                1 Bit    Registers := 3     
+---Muxes : 
	   2 Input     32 Bit        Muxes := 1     
	   2 Input      1 Bit        Muxes := 5     
Module discr_scaler__parameterized0__22 
Detailed RTL Component Info : 
+---Adders : 
	   2 Input     32 Bit       Adders := 2     
+---Registers : 
	               32 Bit    Registers := 2     
	                1 Bit    Registers := 6     
+---Muxes : 
	   2 Input      1 Bit        Muxes := 3     
Module knight_rider 
Detailed RTL Component Info : 
+---Registers : 
	                3 Bit    Registers := 1     
	                1 Bit    Registers := 1     
+---Muxes : 
	   2 Input      3 Bit        Muxes := 1     
	   2 Input      1 Bit        Muxes := 3     
Module pulse_extender__48 
Detailed RTL Component Info : 
+---Adders : 
	   2 Input     32 Bit       Adders := 2     
+---Registers : 
	               32 Bit    Registers := 1     
	                1 Bit    Registers := 1     
+---Muxes : 
	   3 Input     32 Bit        Muxes := 1     
	   3 Input      2 Bit        Muxes := 1     
	   2 Input      2 Bit        Muxes := 3     
	   2 Input      1 Bit        Muxes := 3     
	   3 Input      1 Bit        Muxes := 2     
Module pulse_extender__49 
Detailed RTL Component Info : 
+---Adders : 
	   2 Input     32 Bit       Adders := 2     
+---Registers : 
	               32 Bit    Registers := 1     
	                1 Bit    Registers := 1     
+---Muxes : 
	   3 Input     32 Bit        Muxes := 1     
	   3 Input      2 Bit        Muxes := 1     
	   2 Input      2 Bit        Muxes := 3     
	   2 Input      1 Bit        Muxes := 3     
	   3 Input      1 Bit        Muxes := 2     
Module pulse_extender__50 
Detailed RTL Component Info : 
+---Adders : 
	   2 Input     32 Bit       Adders := 2     
+---Registers : 
	               32 Bit    Registers := 1     
	                1 Bit    Registers := 1     
+---Muxes : 
	   3 Input     32 Bit        Muxes := 1     
	   3 Input      2 Bit        Muxes := 1     
	   2 Input      2 Bit        Muxes := 3     
	   2 Input      1 Bit        Muxes := 3     
	   3 Input      1 Bit        Muxes := 2     
Module pulse_extender__51 
Detailed RTL Component Info : 
+---Adders : 
	   2 Input     32 Bit       Adders := 2     
+---Registers : 
	               32 Bit    Registers := 1     
	                1 Bit    Registers := 1     
+---Muxes : 
	   3 Input     32 Bit        Muxes := 1     
	   3 Input      2 Bit        Muxes := 1     
	   2 Input      2 Bit        Muxes := 3     
	   2 Input      1 Bit        Muxes := 3     
	   3 Input      1 Bit        Muxes := 2     
Module pulse_extender__52 
Detailed RTL Component Info : 
+---Adders : 
	   2 Input     32 Bit       Adders := 2     
+---Registers : 
	               32 Bit    Registers := 1     
	                1 Bit    Registers := 1     
+---Muxes : 
	   3 Input     32 Bit        Muxes := 1     
	   3 Input      2 Bit        Muxes := 1     
	   2 Input      2 Bit        Muxes := 3     
	   2 Input      1 Bit        Muxes := 3     
	   3 Input      1 Bit        Muxes := 2     
Module pulse_extender__53 
Detailed RTL Component Info : 
+---Adders : 
	   2 Input     32 Bit       Adders := 2     
+---Registers : 
	               32 Bit    Registers := 1     
	                1 Bit    Registers := 1     
+---Muxes : 
	   3 Input     32 Bit        Muxes := 1     
	   3 Input      2 Bit        Muxes := 1     
	   2 Input      2 Bit        Muxes := 3     
	   2 Input      1 Bit        Muxes := 3     
	   3 Input      1 Bit        Muxes := 2     
Module pulse_extender__54 
Detailed RTL Component Info : 
+---Adders : 
	   2 Input     32 Bit       Adders := 2     
+---Registers : 
	               32 Bit    Registers := 1     
	                1 Bit    Registers := 1     
+---Muxes : 
	   3 Input     32 Bit        Muxes := 1     
	   3 Input      2 Bit        Muxes := 1     
	   2 Input      2 Bit        Muxes := 3     
	   2 Input      1 Bit        Muxes := 3     
	   3 Input      1 Bit        Muxes := 2     
Module pulse_extender__55 
Detailed RTL Component Info : 
+---Adders : 
	   2 Input     32 Bit       Adders := 2     
+---Registers : 
	               32 Bit    Registers := 1     
	                1 Bit    Registers := 1     
+---Muxes : 
	   3 Input     32 Bit        Muxes := 1     
	   3 Input      2 Bit        Muxes := 1     
	   2 Input      2 Bit        Muxes := 3     
	   2 Input      1 Bit        Muxes := 3     
	   3 Input      1 Bit        Muxes := 2     
Module pulse_extender__56 
Detailed RTL Component Info : 
+---Adders : 
	   2 Input     32 Bit       Adders := 2     
+---Registers : 
	               32 Bit    Registers := 1     
	                1 Bit    Registers := 1     
+---Muxes : 
	   3 Input     32 Bit        Muxes := 1     
	   3 Input      2 Bit        Muxes := 1     
	   2 Input      2 Bit        Muxes := 3     
	   2 Input      1 Bit        Muxes := 3     
	   3 Input      1 Bit        Muxes := 2     
Module pulse_extender__57 
Detailed RTL Component Info : 
+---Adders : 
	   2 Input     32 Bit       Adders := 2     
+---Registers : 
	               32 Bit    Registers := 1     
	                1 Bit    Registers := 1     
+---Muxes : 
	   3 Input     32 Bit        Muxes := 1     
	   3 Input      2 Bit        Muxes := 1     
	   2 Input      2 Bit        Muxes := 3     
	   2 Input      1 Bit        Muxes := 3     
	   3 Input      1 Bit        Muxes := 2     
Module pulse_extender__58 
Detailed RTL Component Info : 
+---Adders : 
	   2 Input     32 Bit       Adders := 2     
+---Registers : 
	               32 Bit    Registers := 1     
	                1 Bit    Registers := 1     
+---Muxes : 
	   3 Input     32 Bit        Muxes := 1     
	   3 Input      2 Bit        Muxes := 1     
	   2 Input      2 Bit        Muxes := 3     
	   2 Input      1 Bit        Muxes := 3     
	   3 Input      1 Bit        Muxes := 2     
Module pulse_extender__59 
Detailed RTL Component Info : 
+---Adders : 
	   2 Input     32 Bit       Adders := 2     
+---Registers : 
	               32 Bit    Registers := 1     
	                1 Bit    Registers := 1     
+---Muxes : 
	   3 Input     32 Bit        Muxes := 1     
	   3 Input      2 Bit        Muxes := 1     
	   2 Input      2 Bit        Muxes := 3     
	   2 Input      1 Bit        Muxes := 3     
	   3 Input      1 Bit        Muxes := 2     
Module pulse_extender__60 
Detailed RTL Component Info : 
+---Adders : 
	   2 Input     32 Bit       Adders := 2     
+---Registers : 
	               32 Bit    Registers := 1     
	                1 Bit    Registers := 1     
+---Muxes : 
	   3 Input     32 Bit        Muxes := 1     
	   3 Input      2 Bit        Muxes := 1     
	   2 Input      2 Bit        Muxes := 3     
	   2 Input      1 Bit        Muxes := 3     
	   3 Input      1 Bit        Muxes := 2     
Module pulse_extender__61 
Detailed RTL Component Info : 
+---Adders : 
	   2 Input     32 Bit       Adders := 2     
+---Registers : 
	               32 Bit    Registers := 1     
	                1 Bit    Registers := 1     
+---Muxes : 
	   3 Input     32 Bit        Muxes := 1     
	   3 Input      2 Bit        Muxes := 1     
	   2 Input      2 Bit        Muxes := 3     
	   2 Input      1 Bit        Muxes := 3     
	   3 Input      1 Bit        Muxes := 2     
Module pulse_extender__62 
Detailed RTL Component Info : 
+---Adders : 
	   2 Input     32 Bit       Adders := 2     
+---Registers : 
	               32 Bit    Registers := 1     
	                1 Bit    Registers := 1     
+---Muxes : 
	   3 Input     32 Bit        Muxes := 1     
	   3 Input      2 Bit        Muxes := 1     
	   2 Input      2 Bit        Muxes := 3     
	   2 Input      1 Bit        Muxes := 3     
	   3 Input      1 Bit        Muxes := 2     
Module pulse_extender__63 
Detailed RTL Component Info : 
+---Adders : 
	   2 Input     32 Bit       Adders := 2     
+---Registers : 
	               32 Bit    Registers := 1     
	                1 Bit    Registers := 1     
+---Muxes : 
	   3 Input     32 Bit        Muxes := 1     
	   3 Input      2 Bit        Muxes := 1     
	   2 Input      2 Bit        Muxes := 3     
	   2 Input      1 Bit        Muxes := 3     
	   3 Input      1 Bit        Muxes := 2     
Module pulse_extender__64 
Detailed RTL Component Info : 
+---Adders : 
	   2 Input     32 Bit       Adders := 2     
+---Registers : 
	               32 Bit    Registers := 1     
	                1 Bit    Registers := 1     
+---Muxes : 
	   3 Input     32 Bit        Muxes := 1     
	   3 Input      2 Bit        Muxes := 1     
	   2 Input      2 Bit        Muxes := 3     
	   2 Input      1 Bit        Muxes := 3     
	   3 Input      1 Bit        Muxes := 2     
Module pulse_extender__65 
Detailed RTL Component Info : 
+---Adders : 
	   2 Input     32 Bit       Adders := 2     
+---Registers : 
	               32 Bit    Registers := 1     
	                1 Bit    Registers := 1     
+---Muxes : 
	   3 Input     32 Bit        Muxes := 1     
	   3 Input      2 Bit        Muxes := 1     
	   2 Input      2 Bit        Muxes := 3     
	   2 Input      1 Bit        Muxes := 3     
	   3 Input      1 Bit        Muxes := 2     
Module pulse_extender__66 
Detailed RTL Component Info : 
+---Adders : 
	   2 Input     32 Bit       Adders := 2     
+---Registers : 
	               32 Bit    Registers := 1     
	                1 Bit    Registers := 1     
+---Muxes : 
	   3 Input     32 Bit        Muxes := 1     
	   3 Input      2 Bit        Muxes := 1     
	   2 Input      2 Bit        Muxes := 3     
	   2 Input      1 Bit        Muxes := 3     
	   3 Input      1 Bit        Muxes := 2     
Module pulse_extender__67 
Detailed RTL Component Info : 
+---Adders : 
	   2 Input     32 Bit       Adders := 2     
+---Registers : 
	               32 Bit    Registers := 1     
	                1 Bit    Registers := 1     
+---Muxes : 
	   3 Input     32 Bit        Muxes := 1     
	   3 Input      2 Bit        Muxes := 1     
	   2 Input      2 Bit        Muxes := 3     
	   2 Input      1 Bit        Muxes := 3     
	   3 Input      1 Bit        Muxes := 2     
Module pulse_extender__68 
Detailed RTL Component Info : 
+---Adders : 
	   2 Input     32 Bit       Adders := 2     
+---Registers : 
	               32 Bit    Registers := 1     
	                1 Bit    Registers := 1     
+---Muxes : 
	   3 Input     32 Bit        Muxes := 1     
	   3 Input      2 Bit        Muxes := 1     
	   2 Input      2 Bit        Muxes := 3     
	   2 Input      1 Bit        Muxes := 3     
	   3 Input      1 Bit        Muxes := 2     
Module pulse_extender__69 
Detailed RTL Component Info : 
+---Adders : 
	   2 Input     32 Bit       Adders := 2     
+---Registers : 
	               32 Bit    Registers := 1     
	                1 Bit    Registers := 1     
+---Muxes : 
	   3 Input     32 Bit        Muxes := 1     
	   3 Input      2 Bit        Muxes := 1     
	   2 Input      2 Bit        Muxes := 3     
	   2 Input      1 Bit        Muxes := 3     
	   3 Input      1 Bit        Muxes := 2     
Module pulse_extender__70 
Detailed RTL Component Info : 
+---Adders : 
	   2 Input     32 Bit       Adders := 2     
+---Registers : 
	               32 Bit    Registers := 1     
	                1 Bit    Registers := 1     
+---Muxes : 
	   3 Input     32 Bit        Muxes := 1     
	   3 Input      2 Bit        Muxes := 1     
	   2 Input      2 Bit        Muxes := 3     
	   2 Input      1 Bit        Muxes := 3     
	   3 Input      1 Bit        Muxes := 2     
Module pulse_extender 
Detailed RTL Component Info : 
+---Adders : 
	   2 Input     32 Bit       Adders := 2     
+---Registers : 
	               32 Bit    Registers := 1     
	                1 Bit    Registers := 1     
+---Muxes : 
	   3 Input     32 Bit        Muxes := 1     
	   3 Input      2 Bit        Muxes := 1     
	   2 Input      2 Bit        Muxes := 3     
	   2 Input      1 Bit        Muxes := 3     
	   3 Input      1 Bit        Muxes := 2     
Module local_coincidence 
Detailed RTL Component Info : 
+---Adders : 
	  24 Input      6 Bit       Adders := 1     
+---Registers : 
	               24 Bit    Registers := 2     
+---Muxes : 
	   2 Input     24 Bit        Muxes := 1     
Module posedge_detector__135 
Detailed RTL Component Info : 
+---Registers : 
	                1 Bit    Registers := 1     
Module inhibit_generator_1b__23 
Detailed RTL Component Info : 
+---Adders : 
	   2 Input     32 Bit       Adders := 2     
+---Registers : 
	               32 Bit    Registers := 2     
	                1 Bit    Registers := 3     
+---Muxes : 
	   2 Input     32 Bit        Muxes := 1     
	   2 Input      1 Bit        Muxes := 5     
Module discr_scaler__parameterized0__23 
Detailed RTL Component Info : 
+---Adders : 
	   2 Input     32 Bit       Adders := 2     
+---Registers : 
	               32 Bit    Registers := 2     
	                1 Bit    Registers := 6     
+---Muxes : 
	   2 Input      1 Bit        Muxes := 3     
Module inhibit_generator_8b__15 
Detailed RTL Component Info : 
+---Adders : 
	   2 Input     32 Bit       Adders := 2     
+---Registers : 
	               32 Bit    Registers := 2     
	                8 Bit    Registers := 3     
	                1 Bit    Registers := 1     
+---Muxes : 
	   2 Input     32 Bit        Muxes := 1     
	   2 Input      8 Bit        Muxes := 1     
	   2 Input      1 Bit        Muxes := 4     
Module discr_scaler__15 
Detailed RTL Component Info : 
+---Adders : 
	   2 Input     32 Bit       Adders := 2     
	   8 Input      4 Bit       Adders := 1     
+---Registers : 
	               32 Bit    Registers := 2     
	                8 Bit    Registers := 1     
	                1 Bit    Registers := 5     
+---Muxes : 
	   2 Input      1 Bit        Muxes := 3     
Module inhibit_generator_8b__16 
Detailed RTL Component Info : 
+---Adders : 
	   2 Input     32 Bit       Adders := 2     
+---Registers : 
	               32 Bit    Registers := 2     
	                8 Bit    Registers := 3     
	                1 Bit    Registers := 1     
+---Muxes : 
	   2 Input     32 Bit        Muxes := 1     
	   2 Input      8 Bit        Muxes := 1     
	   2 Input      1 Bit        Muxes := 4     
Module discr_scaler__16 
Detailed RTL Component Info : 
+---Adders : 
	   2 Input     32 Bit       Adders := 2     
	   8 Input      4 Bit       Adders := 1     
+---Registers : 
	               32 Bit    Registers := 2     
	                8 Bit    Registers := 1     
	                1 Bit    Registers := 5     
+---Muxes : 
	   2 Input      1 Bit        Muxes := 3     
Module inhibit_generator_8b__17 
Detailed RTL Component Info : 
+---Adders : 
	   2 Input     32 Bit       Adders := 2     
+---Registers : 
	               32 Bit    Registers := 2     
	                8 Bit    Registers := 3     
	                1 Bit    Registers := 1     
+---Muxes : 
	   2 Input     32 Bit        Muxes := 1     
	   2 Input      8 Bit        Muxes := 1     
	   2 Input      1 Bit        Muxes := 4     
Module discr_scaler__17 
Detailed RTL Component Info : 
+---Adders : 
	   2 Input     32 Bit       Adders := 2     
	   8 Input      4 Bit       Adders := 1     
+---Registers : 
	               32 Bit    Registers := 2     
	                8 Bit    Registers := 1     
	                1 Bit    Registers := 5     
+---Muxes : 
	   2 Input      1 Bit        Muxes := 3     
Module posedge_detector__136 
Detailed RTL Component Info : 
+---Registers : 
	                1 Bit    Registers := 1     
Module inhibit_generator_1b 
Detailed RTL Component Info : 
+---Adders : 
	   2 Input     32 Bit       Adders := 2     
+---Registers : 
	               32 Bit    Registers := 2     
	                1 Bit    Registers := 3     
+---Muxes : 
	   2 Input     32 Bit        Muxes := 1     
	   2 Input      1 Bit        Muxes := 5     
Module discr_scaler__parameterized0 
Detailed RTL Component Info : 
+---Adders : 
	   2 Input     32 Bit       Adders := 2     
+---Registers : 
	               32 Bit    Registers := 2     
	                1 Bit    Registers := 6     
+---Muxes : 
	   2 Input      1 Bit        Muxes := 3     
Module inhibit_generator_8b__18 
Detailed RTL Component Info : 
+---Adders : 
	   2 Input     32 Bit       Adders := 2     
+---Registers : 
	               32 Bit    Registers := 2     
	                8 Bit    Registers := 3     
	                1 Bit    Registers := 1     
+---Muxes : 
	   2 Input     32 Bit        Muxes := 1     
	   2 Input      8 Bit        Muxes := 1     
	   2 Input      1 Bit        Muxes := 4     
Module discr_scaler__18 
Detailed RTL Component Info : 
+---Adders : 
	   2 Input     32 Bit       Adders := 2     
	   8 Input      4 Bit       Adders := 1     
+---Registers : 
	               32 Bit    Registers := 2     
	                8 Bit    Registers := 1     
	                1 Bit    Registers := 5     
+---Muxes : 
	   2 Input      1 Bit        Muxes := 3     
Module inhibit_generator_8b__19 
Detailed RTL Component Info : 
+---Adders : 
	   2 Input     32 Bit       Adders := 2     
+---Registers : 
	               32 Bit    Registers := 2     
	                8 Bit    Registers := 3     
	                1 Bit    Registers := 1     
+---Muxes : 
	   2 Input     32 Bit        Muxes := 1     
	   2 Input      8 Bit        Muxes := 1     
	   2 Input      1 Bit        Muxes := 4     
Module discr_scaler__19 
Detailed RTL Component Info : 
+---Adders : 
	   2 Input     32 Bit       Adders := 2     
	   8 Input      4 Bit       Adders := 1     
+---Registers : 
	               32 Bit    Registers := 2     
	                8 Bit    Registers := 1     
	                1 Bit    Registers := 5     
+---Muxes : 
	   2 Input      1 Bit        Muxes := 3     
Module inhibit_generator_8b__20 
Detailed RTL Component Info : 
+---Adders : 
	   2 Input     32 Bit       Adders := 2     
+---Registers : 
	               32 Bit    Registers := 2     
	                8 Bit    Registers := 3     
	                1 Bit    Registers := 1     
+---Muxes : 
	   2 Input     32 Bit        Muxes := 1     
	   2 Input      8 Bit        Muxes := 1     
	   2 Input      1 Bit        Muxes := 4     
Module discr_scaler__20 
Detailed RTL Component Info : 
+---Adders : 
	   2 Input     32 Bit       Adders := 2     
	   8 Input      4 Bit       Adders := 1     
+---Registers : 
	               32 Bit    Registers := 2     
	                8 Bit    Registers := 1     
	                1 Bit    Registers := 5     
+---Muxes : 
	   2 Input      1 Bit        Muxes := 3     
Module inhibit_generator_8b__21 
Detailed RTL Component Info : 
+---Adders : 
	   2 Input     32 Bit       Adders := 2     
+---Registers : 
	               32 Bit    Registers := 2     
	                8 Bit    Registers := 3     
	                1 Bit    Registers := 1     
+---Muxes : 
	   2 Input     32 Bit        Muxes := 1     
	   2 Input      8 Bit        Muxes := 1     
	   2 Input      1 Bit        Muxes := 4     
Module discr_scaler__21 
Detailed RTL Component Info : 
+---Adders : 
	   2 Input     32 Bit       Adders := 2     
	   8 Input      4 Bit       Adders := 1     
+---Registers : 
	               32 Bit    Registers := 2     
	                8 Bit    Registers := 1     
	                1 Bit    Registers := 5     
+---Muxes : 
	   2 Input      1 Bit        Muxes := 3     
Module inhibit_generator_8b__22 
Detailed RTL Component Info : 
+---Adders : 
	   2 Input     32 Bit       Adders := 2     
+---Registers : 
	               32 Bit    Registers := 2     
	                8 Bit    Registers := 3     
	                1 Bit    Registers := 1     
+---Muxes : 
	   2 Input     32 Bit        Muxes := 1     
	   2 Input      8 Bit        Muxes := 1     
	   2 Input      1 Bit        Muxes := 4     
Module discr_scaler__22 
Detailed RTL Component Info : 
+---Adders : 
	   2 Input     32 Bit       Adders := 2     
	   8 Input      4 Bit       Adders := 1     
+---Registers : 
	               32 Bit    Registers := 2     
	                8 Bit    Registers := 1     
	                1 Bit    Registers := 5     
+---Muxes : 
	   2 Input      1 Bit        Muxes := 3     
Module inhibit_generator_8b__23 
Detailed RTL Component Info : 
+---Adders : 
	   2 Input     32 Bit       Adders := 2     
+---Registers : 
	               32 Bit    Registers := 2     
	                8 Bit    Registers := 3     
	                1 Bit    Registers := 1     
+---Muxes : 
	   2 Input     32 Bit        Muxes := 1     
	   2 Input      8 Bit        Muxes := 1     
	   2 Input      1 Bit        Muxes := 4     
Module discr_scaler__23 
Detailed RTL Component Info : 
+---Adders : 
	   2 Input     32 Bit       Adders := 2     
	   8 Input      4 Bit       Adders := 1     
+---Registers : 
	               32 Bit    Registers := 2     
	                8 Bit    Registers := 1     
	                1 Bit    Registers := 5     
+---Muxes : 
	   2 Input      1 Bit        Muxes := 3     
Module inhibit_generator_8b 
Detailed RTL Component Info : 
+---Adders : 
	   2 Input     32 Bit       Adders := 2     
+---Registers : 
	               32 Bit    Registers := 2     
	                8 Bit    Registers := 3     
	                1 Bit    Registers := 1     
+---Muxes : 
	   2 Input     32 Bit        Muxes := 1     
	   2 Input      8 Bit        Muxes := 1     
	   2 Input      1 Bit        Muxes := 4     
Module discr_scaler 
Detailed RTL Component Info : 
+---Adders : 
	   2 Input     32 Bit       Adders := 2     
	   8 Input      4 Bit       Adders := 1     
+---Registers : 
	               32 Bit    Registers := 2     
	                8 Bit    Registers := 1     
	                1 Bit    Registers := 5     
+---Muxes : 
	   2 Input      1 Bit        Muxes := 3     
Module iter_integer_linear_calc__1 
Detailed RTL Component Info : 
+---Adders : 
	   2 Input     32 Bit       Adders := 2     
+---Registers : 
	               32 Bit    Registers := 3     
	                1 Bit    Registers := 2     
+---Muxes : 
	   2 Input      1 Bit        Muxes := 4     
	   3 Input      1 Bit        Muxes := 1     
Module iter_integer_linear_calc__2 
Detailed RTL Component Info : 
+---Adders : 
	   2 Input     32 Bit       Adders := 2     
+---Registers : 
	               32 Bit    Registers := 3     
	                1 Bit    Registers := 2     
+---Muxes : 
	   2 Input      1 Bit        Muxes := 4     
	   3 Input      1 Bit        Muxes := 1     
Module iter_integer_linear_calc__3 
Detailed RTL Component Info : 
+---Adders : 
	   2 Input     32 Bit       Adders := 2     
+---Registers : 
	               32 Bit    Registers := 3     
	                1 Bit    Registers := 2     
+---Muxes : 
	   2 Input      1 Bit        Muxes := 4     
	   3 Input      1 Bit        Muxes := 1     
Module serial_ck__1 
Detailed RTL Component Info : 
+---Adders : 
	   2 Input     32 Bit       Adders := 4     
	   3 Input     32 Bit       Adders := 1     
+---Registers : 
	               32 Bit    Registers := 4     
	                1 Bit    Registers := 1     
+---Muxes : 
	   2 Input     32 Bit        Muxes := 2     
	   3 Input     32 Bit        Muxes := 3     
	   3 Input      3 Bit        Muxes := 1     
	   2 Input      3 Bit        Muxes := 1     
	   2 Input      1 Bit        Muxes := 4     
	   3 Input      1 Bit        Muxes := 6     
Module serial_rx__parameterized1 
Detailed RTL Component Info : 
+---Adders : 
	   2 Input     32 Bit       Adders := 2     
+---Registers : 
	               32 Bit    Registers := 2     
	               19 Bit    Registers := 1     
	                1 Bit    Registers := 1     
+---Muxes : 
	   2 Input     32 Bit        Muxes := 3     
	   2 Input      1 Bit        Muxes := 8     
Module serial_tx__parameterized1 
Detailed RTL Component Info : 
+---Adders : 
	   2 Input     32 Bit       Adders := 2     
	   2 Input      8 Bit       Adders := 1     
+---Registers : 
	               32 Bit    Registers := 2     
	               19 Bit    Registers := 1     
	                8 Bit    Registers := 1     
	                1 Bit    Registers := 2     
+---Muxes : 
	   2 Input     32 Bit        Muxes := 3     
	   2 Input     19 Bit        Muxes := 3     
	   2 Input      1 Bit        Muxes := 12    
Module spi_master__parameterized1 
Detailed RTL Component Info : 
+---Adders : 
	   2 Input     32 Bit       Adders := 2     
+---Registers : 
	               32 Bit    Registers := 2     
	                1 Bit    Registers := 4     
+---Muxes : 
	   2 Input     32 Bit        Muxes := 6     
	   4 Input     32 Bit        Muxes := 1     
	   4 Input      2 Bit        Muxes := 1     
	   2 Input      2 Bit        Muxes := 1     
	   4 Input      1 Bit        Muxes := 7     
Module iter_integer_linear_calc__4 
Detailed RTL Component Info : 
+---Adders : 
	   2 Input     32 Bit       Adders := 2     
+---Registers : 
	               32 Bit    Registers := 3     
	                1 Bit    Registers := 2     
+---Muxes : 
	   2 Input      1 Bit        Muxes := 4     
	   3 Input      1 Bit        Muxes := 1     
Module iter_integer_linear_calc__5 
Detailed RTL Component Info : 
+---Adders : 
	   2 Input     32 Bit       Adders := 2     
+---Registers : 
	               32 Bit    Registers := 3     
	                1 Bit    Registers := 2     
+---Muxes : 
	   2 Input      1 Bit        Muxes := 4     
	   3 Input      1 Bit        Muxes := 1     
Module iter_integer_linear_calc__6 
Detailed RTL Component Info : 
+---Adders : 
	   2 Input     32 Bit       Adders := 2     
+---Registers : 
	               32 Bit    Registers := 3     
	                1 Bit    Registers := 2     
+---Muxes : 
	   2 Input      1 Bit        Muxes := 4     
	   3 Input      1 Bit        Muxes := 1     
Module serial_ck__2 
Detailed RTL Component Info : 
+---Adders : 
	   2 Input     32 Bit       Adders := 4     
	   3 Input     32 Bit       Adders := 1     
+---Registers : 
	               32 Bit    Registers := 4     
	                1 Bit    Registers := 1     
+---Muxes : 
	   2 Input     32 Bit        Muxes := 2     
	   3 Input     32 Bit        Muxes := 3     
	   3 Input      3 Bit        Muxes := 1     
	   2 Input      3 Bit        Muxes := 1     
	   2 Input      1 Bit        Muxes := 4     
	   3 Input      1 Bit        Muxes := 6     
Module serial_rx 
Detailed RTL Component Info : 
+---Adders : 
	   2 Input     32 Bit       Adders := 2     
+---Registers : 
	               32 Bit    Registers := 2     
	               24 Bit    Registers := 1     
	                1 Bit    Registers := 1     
+---Muxes : 
	   2 Input     32 Bit        Muxes := 3     
	   2 Input      1 Bit        Muxes := 8     
Module serial_tx 
Detailed RTL Component Info : 
+---Adders : 
	   2 Input     32 Bit       Adders := 2     
	   2 Input      8 Bit       Adders := 1     
+---Registers : 
	               32 Bit    Registers := 2     
	               24 Bit    Registers := 1     
	                8 Bit    Registers := 1     
	                1 Bit    Registers := 2     
+---Muxes : 
	   2 Input     32 Bit        Muxes := 3     
	   2 Input     24 Bit        Muxes := 3     
	   2 Input      1 Bit        Muxes := 12    
Module spi_master 
Detailed RTL Component Info : 
+---Adders : 
	   2 Input     32 Bit       Adders := 2     
+---Registers : 
	               32 Bit    Registers := 2     
	                1 Bit    Registers := 4     
+---Muxes : 
	   2 Input     32 Bit        Muxes := 6     
	   4 Input     32 Bit        Muxes := 1     
	   4 Input      2 Bit        Muxes := 1     
	   2 Input      2 Bit        Muxes := 1     
	   4 Input      1 Bit        Muxes := 7     
Module i2c_byte 
Detailed RTL Component Info : 
+---Adders : 
	   2 Input     32 Bit       Adders := 14    
	   2 Input      3 Bit       Adders := 1     
+---Registers : 
	               32 Bit    Registers := 1     
	                8 Bit    Registers := 2     
	                3 Bit    Registers := 1     
	                1 Bit    Registers := 4     
+---Muxes : 
	   2 Input     32 Bit        Muxes := 13    
	  16 Input     32 Bit        Muxes := 1     
	   2 Input      8 Bit        Muxes := 1     
	  16 Input      8 Bit        Muxes := 2     
	  16 Input      4 Bit        Muxes := 1     
	   2 Input      4 Bit        Muxes := 4     
	   2 Input      3 Bit        Muxes := 1     
	  16 Input      3 Bit        Muxes := 1     
	   2 Input      1 Bit        Muxes := 2     
	  16 Input      1 Bit        Muxes := 12    
Module negedge_detector 
Detailed RTL Component Info : 
+---Registers : 
	                1 Bit    Registers := 1     
Module i2c_master 
Detailed RTL Component Info : 
+---Adders : 
	   2 Input      2 Bit       Adders := 1     
+---Registers : 
	                2 Bit    Registers := 2     
	                1 Bit    Registers := 10    
+---Muxes : 
	   4 Input      2 Bit        Muxes := 3     
	   2 Input      2 Bit        Muxes := 3     
	   2 Input      1 Bit        Muxes := 6     
	   4 Input      1 Bit        Muxes := 7     
	   5 Input      1 Bit        Muxes := 1     
Module one_shot 
Detailed RTL Component Info : 
+---Adders : 
	   2 Input     32 Bit       Adders := 3     
+---Registers : 
	               32 Bit    Registers := 1     
	                1 Bit    Registers := 1     
+---Muxes : 
	   2 Input     32 Bit        Muxes := 2     
	   3 Input     32 Bit        Muxes := 1     
	   3 Input      3 Bit        Muxes := 1     
	   2 Input      3 Bit        Muxes := 2     
	   2 Input      1 Bit        Muxes := 3     
	   3 Input      1 Bit        Muxes := 2     
Module sync 
Detailed RTL Component Info : 
+---Registers : 
	                2 Bit    Registers := 1     
Module posedge_detector 
Detailed RTL Component Info : 
+---Registers : 
	                1 Bit    Registers := 1     
Module afe_pulser 
Detailed RTL Component Info : 
+---Adders : 
	   2 Input     16 Bit       Adders := 1     
+---Registers : 
	               16 Bit    Registers := 1     
	                8 Bit    Registers := 1     
+---Muxes : 
	   2 Input     16 Bit        Muxes := 3     
	  11 Input      8 Bit        Muxes := 1     
	   2 Input      8 Bit        Muxes := 2     
	   2 Input      1 Bit        Muxes := 3     
Module one_shot__11 
Detailed RTL Component Info : 
+---Adders : 
	   2 Input     32 Bit       Adders := 3     
+---Registers : 
	               32 Bit    Registers := 1     
	                1 Bit    Registers := 1     
+---Muxes : 
	   2 Input     32 Bit        Muxes := 2     
	   3 Input     32 Bit        Muxes := 1     
	   3 Input      3 Bit        Muxes := 1     
	   2 Input      3 Bit        Muxes := 2     
	   2 Input      1 Bit        Muxes := 3     
	   3 Input      1 Bit        Muxes := 2     
Module sync__32 
Detailed RTL Component Info : 
+---Registers : 
	                2 Bit    Registers := 1     
Module posedge_detector__141 
Detailed RTL Component Info : 
+---Registers : 
	                1 Bit    Registers := 1     
Module afe_pulser__xdcDup__5 
Detailed RTL Component Info : 
+---Adders : 
	   2 Input     16 Bit       Adders := 1     
+---Registers : 
	               16 Bit    Registers := 1     
	                8 Bit    Registers := 1     
+---Muxes : 
	   2 Input     16 Bit        Muxes := 3     
	  11 Input      8 Bit        Muxes := 1     
	   2 Input      8 Bit        Muxes := 2     
	   2 Input      1 Bit        Muxes := 3     
Module one_shot__10 
Detailed RTL Component Info : 
+---Adders : 
	   2 Input     32 Bit       Adders := 3     
+---Registers : 
	               32 Bit    Registers := 1     
	                1 Bit    Registers := 1     
+---Muxes : 
	   2 Input     32 Bit        Muxes := 2     
	   3 Input     32 Bit        Muxes := 1     
	   3 Input      3 Bit        Muxes := 1     
	   2 Input      3 Bit        Muxes := 2     
	   2 Input      1 Bit        Muxes := 3     
	   3 Input      1 Bit        Muxes := 2     
Module sync__31 
Detailed RTL Component Info : 
+---Registers : 
	                2 Bit    Registers := 1     
Module posedge_detector__140 
Detailed RTL Component Info : 
+---Registers : 
	                1 Bit    Registers := 1     
Module afe_pulser__xdcDup__4 
Detailed RTL Component Info : 
+---Adders : 
	   2 Input     16 Bit       Adders := 1     
+---Registers : 
	               16 Bit    Registers := 1     
	                8 Bit    Registers := 1     
+---Muxes : 
	   2 Input     16 Bit        Muxes := 3     
	  11 Input      8 Bit        Muxes := 1     
	   2 Input      8 Bit        Muxes := 2     
	   2 Input      1 Bit        Muxes := 3     
Module one_shot__9 
Detailed RTL Component Info : 
+---Adders : 
	   2 Input     32 Bit       Adders := 3     
+---Registers : 
	               32 Bit    Registers := 1     
	                1 Bit    Registers := 1     
+---Muxes : 
	   2 Input     32 Bit        Muxes := 2     
	   3 Input     32 Bit        Muxes := 1     
	   3 Input      3 Bit        Muxes := 1     
	   2 Input      3 Bit        Muxes := 2     
	   2 Input      1 Bit        Muxes := 3     
	   3 Input      1 Bit        Muxes := 2     
Module sync__30 
Detailed RTL Component Info : 
+---Registers : 
	                2 Bit    Registers := 1     
Module posedge_detector__139 
Detailed RTL Component Info : 
+---Registers : 
	                1 Bit    Registers := 1     
Module afe_pulser__xdcDup__3 
Detailed RTL Component Info : 
+---Adders : 
	   2 Input     16 Bit       Adders := 1     
+---Registers : 
	               16 Bit    Registers := 1     
	                8 Bit    Registers := 1     
+---Muxes : 
	   2 Input     16 Bit        Muxes := 3     
	  11 Input      8 Bit        Muxes := 1     
	   2 Input      8 Bit        Muxes := 2     
	   2 Input      1 Bit        Muxes := 3     
Module one_shot__8 
Detailed RTL Component Info : 
+---Adders : 
	   2 Input     32 Bit       Adders := 3     
+---Registers : 
	               32 Bit    Registers := 1     
	                1 Bit    Registers := 1     
+---Muxes : 
	   2 Input     32 Bit        Muxes := 2     
	   3 Input     32 Bit        Muxes := 1     
	   3 Input      3 Bit        Muxes := 1     
	   2 Input      3 Bit        Muxes := 2     
	   2 Input      1 Bit        Muxes := 3     
	   3 Input      1 Bit        Muxes := 2     
Module sync__29 
Detailed RTL Component Info : 
+---Registers : 
	                2 Bit    Registers := 1     
Module posedge_detector__138 
Detailed RTL Component Info : 
+---Registers : 
	                1 Bit    Registers := 1     
Module afe_pulser__xdcDup__2 
Detailed RTL Component Info : 
+---Adders : 
	   2 Input     16 Bit       Adders := 1     
+---Registers : 
	               16 Bit    Registers := 1     
	                8 Bit    Registers := 1     
+---Muxes : 
	   2 Input     16 Bit        Muxes := 3     
	  11 Input      8 Bit        Muxes := 1     
	   2 Input      8 Bit        Muxes := 2     
	   2 Input      1 Bit        Muxes := 3     
Module one_shot__7 
Detailed RTL Component Info : 
+---Adders : 
	   2 Input     32 Bit       Adders := 3     
+---Registers : 
	               32 Bit    Registers := 1     
	                1 Bit    Registers := 1     
+---Muxes : 
	   2 Input     32 Bit        Muxes := 2     
	   3 Input     32 Bit        Muxes := 1     
	   3 Input      3 Bit        Muxes := 1     
	   2 Input      3 Bit        Muxes := 2     
	   2 Input      1 Bit        Muxes := 3     
	   3 Input      1 Bit        Muxes := 2     
Module sync__28 
Detailed RTL Component Info : 
+---Registers : 
	                2 Bit    Registers := 1     
Module posedge_detector__137 
Detailed RTL Component Info : 
+---Registers : 
	                1 Bit    Registers := 1     
Module afe_pulser__xdcDup__1 
Detailed RTL Component Info : 
+---Adders : 
	   2 Input     16 Bit       Adders := 1     
+---Registers : 
	               16 Bit    Registers := 1     
	                8 Bit    Registers := 1     
+---Muxes : 
	   2 Input     16 Bit        Muxes := 3     
	  11 Input      8 Bit        Muxes := 1     
	   2 Input      8 Bit        Muxes := 2     
	   2 Input      1 Bit        Muxes := 3     
Module iter_integer_linear_calc__7 
Detailed RTL Component Info : 
+---Adders : 
	   2 Input     32 Bit       Adders := 2     
+---Registers : 
	               32 Bit    Registers := 3     
	                1 Bit    Registers := 2     
+---Muxes : 
	   2 Input      1 Bit        Muxes := 4     
	   3 Input      1 Bit        Muxes := 1     
Module iter_integer_linear_calc__8 
Detailed RTL Component Info : 
+---Adders : 
	   2 Input     32 Bit       Adders := 2     
+---Registers : 
	               32 Bit    Registers := 3     
	                1 Bit    Registers := 2     
+---Muxes : 
	   2 Input      1 Bit        Muxes := 4     
	   3 Input      1 Bit        Muxes := 1     
Module iter_integer_linear_calc 
Detailed RTL Component Info : 
+---Adders : 
	   2 Input     32 Bit       Adders := 2     
+---Registers : 
	               32 Bit    Registers := 3     
	                1 Bit    Registers := 2     
+---Muxes : 
	   2 Input      1 Bit        Muxes := 4     
	   3 Input      1 Bit        Muxes := 1     
Module serial_ck 
Detailed RTL Component Info : 
+---Adders : 
	   2 Input     32 Bit       Adders := 4     
	   3 Input     32 Bit       Adders := 1     
+---Registers : 
	               32 Bit    Registers := 4     
	                1 Bit    Registers := 1     
+---Muxes : 
	   2 Input     32 Bit        Muxes := 2     
	   3 Input     32 Bit        Muxes := 3     
	   3 Input      3 Bit        Muxes := 1     
	   2 Input      3 Bit        Muxes := 1     
	   2 Input      1 Bit        Muxes := 4     
	   3 Input      1 Bit        Muxes := 6     
Module serial_rx__parameterized0 
Detailed RTL Component Info : 
+---Adders : 
	   2 Input     32 Bit       Adders := 2     
+---Registers : 
	               32 Bit    Registers := 3     
	                1 Bit    Registers := 1     
+---Muxes : 
	   2 Input     32 Bit        Muxes := 3     
	   2 Input      1 Bit        Muxes := 8     
Module serial_tx__parameterized0 
Detailed RTL Component Info : 
+---Adders : 
	   2 Input     32 Bit       Adders := 2     
	   2 Input      8 Bit       Adders := 1     
+---Registers : 
	               32 Bit    Registers := 3     
	                8 Bit    Registers := 1     
	                1 Bit    Registers := 2     
+---Muxes : 
	   2 Input     32 Bit        Muxes := 6     
	   2 Input      1 Bit        Muxes := 12    
Module spi_master__parameterized0 
Detailed RTL Component Info : 
+---Adders : 
	   2 Input     32 Bit       Adders := 2     
+---Registers : 
	               32 Bit    Registers := 2     
	                1 Bit    Registers := 4     
+---Muxes : 
	   2 Input     32 Bit        Muxes := 6     
	   4 Input     32 Bit        Muxes := 1     
	   4 Input      2 Bit        Muxes := 1     
	   2 Input      2 Bit        Muxes := 1     
	   4 Input      1 Bit        Muxes := 7     
---------------------------------------------------------------------------------
Finished RTL Hierarchical Component Statistics
---------------------------------------------------------------------------------
---------------------------------------------------------------------------------
Start Part Resource Summary
---------------------------------------------------------------------------------
Part Resources:
DSPs: 160 (col length:80)
BRAMs: 240 (col length: RAMB18 80 RAMB36 40)
---------------------------------------------------------------------------------
Finished Part Resource Summary
---------------------------------------------------------------------------------
INFO: [Synth 8-5580] Multithreading enabled for synth_design using a maximum of 2 processes.
---------------------------------------------------------------------------------
Start Cross Boundary and Area Optimization
---------------------------------------------------------------------------------
WARNING: [Synth 8-3917] design top has port FTD_UART_CTSn driven by constant 0
WARNING: [Synth 8-3917] design top has port FMC_IRQ3 driven by constant 0
WARNING: [Synth 8-3917] design top has port FMC_IRQ2 driven by constant 0
WARNING: [Synth 8-3917] design top has port FMC_IRQ1 driven by constant 0
WARNING: [Synth 8-3917] design top has port TRIG_OUT driven by constant 0
WARNING: [Synth 8-3917] design top has port DDR3_CLK100_OUT driven by constant 0
WARNING: [Synth 8-3331] design top has unconnected port QOSC_CLK_P1V8
WARNING: [Synth 8-3331] design top has unconnected port FTD_UART_RTSn
WARNING: [Synth 8-3331] design top has unconnected port FPGA_GPIO_1
WARNING: [Synth 8-3331] design top has unconnected port MCU_USART6_TX
WARNING: [Synth 8-3331] design top has unconnected port MCU_USART6_RX
WARNING: [Synth 8-3331] design top has unconnected port MCU_CAL_A0
WARNING: [Synth 8-3331] design top has unconnected port MCU_CAL_A1
WARNING: [Synth 8-3331] design top has unconnected port MCU_CAL_A2
WARNING: [Synth 8-3331] design top has unconnected port MCU_CAL_A3
WARNING: [Synth 8-3331] design top has unconnected port MCU_CAL_A4
WARNING: [Synth 8-3331] design top has unconnected port MCU_AFE_SEL
WARNING: [Synth 8-3331] design top has unconnected port MCU_CAL_SS
WARNING: [Synth 8-3331] design top has unconnected port MCU_CAL_MOSI
WARNING: [Synth 8-3331] design top has unconnected port MCU_CAL_MISO
INFO: [Synth 8-3886] merging instance 'i_10/scaler_gen[10].DISC_SCALER/INH_GEN/prev_last_bit_reg' (FD) to 'i_10/scaler_gen[10].DISC_SCALER/INH_GEN/bits_out_reg[7]'
INFO: [Synth 8-3886] merging instance 'i_10/scaler_gen[11].DISC_SCALER/INH_GEN/prev_last_bit_reg' (FD) to 'i_10/scaler_gen[11].DISC_SCALER/INH_GEN/bits_out_reg[7]'
INFO: [Synth 8-3886] merging instance 'i_10/scaler_gen[12].DISC_SCALER/INH_GEN/prev_last_bit_reg' (FD) to 'i_10/scaler_gen[12].DISC_SCALER/INH_GEN/bits_out_reg[7]'
INFO: [Synth 8-3886] merging instance 'i_10/scaler_gen[14].DISC_SCALER/INH_GEN/prev_last_bit_reg' (FD) to 'i_10/scaler_gen[14].DISC_SCALER/INH_GEN/bits_out_reg[7]'
INFO: [Synth 8-3886] merging instance 'i_11/scaler_gen[6].DISC_SCALER/INH_GEN/prev_last_bit_reg' (FD) to 'i_11/scaler_gen[6].DISC_SCALER/INH_GEN/bits_out_reg[7]'
INFO: [Synth 8-3886] merging instance 'i_11/scaler_gen[7].DISC_SCALER/INH_GEN/prev_last_bit_reg' (FD) to 'i_11/scaler_gen[7].DISC_SCALER/INH_GEN/bits_out_reg[7]'
INFO: [Synth 8-3886] merging instance 'i_11/scaler_gen[8].DISC_SCALER/INH_GEN/prev_last_bit_reg' (FD) to 'i_11/scaler_gen[8].DISC_SCALER/INH_GEN/bits_out_reg[7]'
INFO: [Synth 8-3886] merging instance 'i_11/scaler_gen[9].DISC_SCALER/INH_GEN/prev_last_bit_reg' (FD) to 'i_11/scaler_gen[9].DISC_SCALER/INH_GEN/bits_out_reg[7]'
INFO: [Synth 8-3886] merging instance 'i_10/scaler_gen[10].DISC_SCALER/last_pedge_sum_reg[3]' (FD) to 'i_10/scaler_gen[11].DISC_SCALER/last_pedge_sum_reg[3]'
INFO: [Synth 8-3886] merging instance 'i_10/scaler_gen[11].DISC_SCALER/last_pedge_sum_reg[3]' (FD) to 'i_10/scaler_gen[12].DISC_SCALER/last_pedge_sum_reg[3]'
INFO: [Synth 8-3886] merging instance 'i_10/scaler_gen[12].DISC_SCALER/last_pedge_sum_reg[3]' (FD) to 'i_10/scaler_gen[14].DISC_SCALER/last_pedge_sum_reg[3]'
INFO: [Synth 8-3333] propagating constant 0 across sequential element (i_10/\scaler_gen[14].DISC_SCALER/last_pedge_sum_reg[3] )
INFO: [Synth 8-3886] merging instance 'i_11/scaler_gen[6].DISC_SCALER/last_pedge_sum_reg[3]' (FD) to 'i_11/scaler_gen[8].DISC_SCALER/last_pedge_sum_reg[3]'
INFO: [Synth 8-3886] merging instance 'i_11/scaler_gen[7].DISC_SCALER/last_pedge_sum_reg[3]' (FD) to 'i_11/scaler_gen[8].DISC_SCALER/last_pedge_sum_reg[3]'
INFO: [Synth 8-3886] merging instance 'i_11/scaler_gen[8].DISC_SCALER/last_pedge_sum_reg[3]' (FD) to 'i_11/scaler_gen[9].DISC_SCALER/last_pedge_sum_reg[3]'
INFO: [Synth 8-3333] propagating constant 0 across sequential element (i_11/\scaler_gen[9].DISC_SCALER/last_pedge_sum_reg[3] )
WARNING: [Synth 8-3331] design n_channel_mux__parameterized0__1 has unconnected port sel[4]
WARNING: [Synth 8-3331] design n_channel_mux__parameterized0__1 has unconnected port sel[3]
WARNING: [Synth 8-3331] design n_channel_mux__1 has unconnected port sel[4]
WARNING: [Synth 8-3331] design n_channel_mux__1 has unconnected port sel[3]
WARNING: [Synth 8-3331] design waveform_acquisition__xdcDup__21 has unconnected port wvb_trig_test_out
WARNING: [Synth 8-3331] design waveform_acquisition__xdcDup__23 has unconnected port wvb_trig_test_out
WARNING: [Synth 8-3331] design waveform_acquisition__xdcDup__19 has unconnected port wvb_trig_test_out
INFO: [Synth 8-3886] merging instance 'waveform_acq_gen[18].WFM_ACQ/WVB/WR_CTRL/i_const_conf_reg[0]' (FDE) to 'waveform_acq_gen[18].WFM_ACQ/WVB/WR_CTRL/i_const_conf_reg[1]'
INFO: [Synth 8-3886] merging instance 'waveform_acq_gen[18].WFM_ACQ/WVB/WR_CTRL/i_const_conf_reg[1]' (FDE) to 'waveform_acq_gen[18].WFM_ACQ/WVB/WR_CTRL/i_const_conf_reg[2]'
INFO: [Synth 8-3886] merging instance 'waveform_acq_gen[18].WFM_ACQ/WVB/WR_CTRL/i_const_conf_reg[2]' (FDE) to 'waveform_acq_gen[18].WFM_ACQ/WVB/WR_CTRL/i_test_conf_reg[0]'
INFO: [Synth 8-3886] merging instance 'waveform_acq_gen[18].WFM_ACQ/WVB/WR_CTRL/i_test_conf_reg[0]' (FDE) to 'waveform_acq_gen[18].WFM_ACQ/WVB/WR_CTRL/i_test_conf_reg[1]'
INFO: [Synth 8-3886] merging instance 'waveform_acq_gen[18].WFM_ACQ/WVB/WR_CTRL/i_test_conf_reg[1]' (FDE) to 'waveform_acq_gen[18].WFM_ACQ/WVB/WR_CTRL/i_test_conf_reg[2]'
INFO: [Synth 8-3333] propagating constant 0 across sequential element (\waveform_acq_gen[18].WFM_ACQ /\WVB/WR_CTRL/i_test_conf_reg[2] )
INFO: [Synth 8-3886] merging instance 'waveform_acq_gen[20].WFM_ACQ/WVB/WR_CTRL/i_const_conf_reg[0]' (FDE) to 'waveform_acq_gen[20].WFM_ACQ/WVB/WR_CTRL/i_const_conf_reg[1]'
INFO: [Synth 8-3886] merging instance 'waveform_acq_gen[20].WFM_ACQ/WVB/WR_CTRL/i_const_conf_reg[1]' (FDE) to 'waveform_acq_gen[20].WFM_ACQ/WVB/WR_CTRL/i_const_conf_reg[2]'
INFO: [Synth 8-3886] merging instance 'waveform_acq_gen[20].WFM_ACQ/WVB/WR_CTRL/i_const_conf_reg[2]' (FDE) to 'waveform_acq_gen[20].WFM_ACQ/WVB/WR_CTRL/i_test_conf_reg[0]'
INFO: [Synth 8-3886] merging instance 'waveform_acq_gen[20].WFM_ACQ/WVB/WR_CTRL/i_test_conf_reg[0]' (FDE) to 'waveform_acq_gen[20].WFM_ACQ/WVB/WR_CTRL/i_test_conf_reg[1]'
INFO: [Synth 8-3886] merging instance 'waveform_acq_gen[20].WFM_ACQ/WVB/WR_CTRL/i_test_conf_reg[1]' (FDE) to 'waveform_acq_gen[20].WFM_ACQ/WVB/WR_CTRL/i_test_conf_reg[2]'
INFO: [Synth 8-3333] propagating constant 0 across sequential element (\waveform_acq_gen[20].WFM_ACQ /\WVB/WR_CTRL/i_test_conf_reg[2] )
INFO: [Synth 8-3886] merging instance 'waveform_acq_gen[22].WFM_ACQ/WVB/WR_CTRL/i_const_conf_reg[0]' (FDE) to 'waveform_acq_gen[22].WFM_ACQ/WVB/WR_CTRL/i_const_conf_reg[1]'
INFO: [Synth 8-3886] merging instance 'waveform_acq_gen[22].WFM_ACQ/WVB/WR_CTRL/i_const_conf_reg[1]' (FDE) to 'waveform_acq_gen[22].WFM_ACQ/WVB/WR_CTRL/i_const_conf_reg[2]'
INFO: [Synth 8-3886] merging instance 'waveform_acq_gen[22].WFM_ACQ/WVB/WR_CTRL/i_const_conf_reg[2]' (FDE) to 'waveform_acq_gen[22].WFM_ACQ/WVB/WR_CTRL/i_test_conf_reg[0]'
INFO: [Synth 8-3886] merging instance 'waveform_acq_gen[22].WFM_ACQ/WVB/WR_CTRL/i_test_conf_reg[0]' (FDE) to 'waveform_acq_gen[22].WFM_ACQ/WVB/WR_CTRL/i_test_conf_reg[1]'
INFO: [Synth 8-3886] merging instance 'waveform_acq_gen[22].WFM_ACQ/WVB/WR_CTRL/i_test_conf_reg[1]' (FDE) to 'waveform_acq_gen[22].WFM_ACQ/WVB/WR_CTRL/i_test_conf_reg[2]'
INFO: [Synth 8-3333] propagating constant 0 across sequential element (\waveform_acq_gen[22].WFM_ACQ /\WVB/WR_CTRL/i_test_conf_reg[2] )
INFO: [Synth 8-3886] merging instance 'genblk5[2].SCDB/scdb_hdr_data_in_1_reg[60]' (FDR) to 'genblk5[2].SCDB/scdb_wr_addr_1_reg[0]'
INFO: [Synth 8-3886] merging instance 'genblk5[2].SCDB/scdb_hdr_data_in_1_reg[61]' (FDR) to 'genblk5[2].SCDB/scdb_wr_addr_1_reg[1]'
INFO: [Synth 8-3886] merging instance 'genblk5[2].SCDB/scdb_hdr_data_in_1_reg[62]' (FDR) to 'genblk5[2].SCDB/scdb_wr_addr_1_reg[2]'
INFO: [Synth 8-3886] merging instance 'genblk5[2].SCDB/scdb_hdr_data_in_1_reg[63]' (FDR) to 'genblk5[2].SCDB/scdb_wr_addr_1_reg[3]'
INFO: [Synth 8-3886] merging instance 'genblk5[2].SCDB/scdb_hdr_data_in_1_reg[64]' (FDR) to 'genblk5[2].SCDB/scdb_wr_addr_1_reg[4]'
INFO: [Synth 8-3886] merging instance 'genblk5[2].SCDB/scdb_hdr_data_in_1_reg[65]' (FDR) to 'genblk5[2].SCDB/scdb_wr_addr_1_reg[5]'
INFO: [Synth 8-3886] merging instance 'genblk5[2].SCDB/scdb_hdr_data_in_1_reg[66]' (FDR) to 'genblk5[2].SCDB/scdb_wr_addr_1_reg[6]'
INFO: [Synth 8-3886] merging instance 'genblk5[2].SCDB/scdb_hdr_data_in_1_reg[67]' (FDR) to 'genblk5[2].SCDB/scdb_wr_addr_1_reg[7]'
INFO: [Synth 8-3886] merging instance 'genblk5[2].SCDB/scdb_hdr_data_in_1_reg[68]' (FDR) to 'genblk5[2].SCDB/scdb_wr_addr_1_reg[8]'
INFO: [Synth 8-3886] merging instance 'genblk5[2].SCDB/scdb_hdr_data_in_1_reg[69]' (FDR) to 'genblk5[2].SCDB/scdb_wr_addr_1_reg[9]'
INFO: [Synth 8-3886] merging instance 'genblk5[2].SCDB/scdb_hdr_data_in_1_reg[70]' (FDR) to 'genblk5[2].SCDB/scdb_wr_addr_1_reg[10]'
INFO: [Synth 8-3333] propagating constant 0 across sequential element (\genblk5[2].SCDB /\scdb_hdr_data_in_1_reg[111] )
INFO: [Synth 8-3333] propagating constant 0 across sequential element (\genblk5[2].SCDB /\scdb_hdr_data_in_1_reg[112] )
INFO: [Synth 8-3333] propagating constant 0 across sequential element (\genblk5[2].SCDB /\scdb_hdr_data_in_1_reg[113] )
INFO: [Synth 8-3333] propagating constant 0 across sequential element (\genblk5[2].SCDB /\scdb_hdr_data_in_1_reg[114] )
INFO: [Synth 8-3333] propagating constant 0 across sequential element (\genblk5[2].SCDB /\scdb_hdr_data_in_1_reg[115] )
INFO: [Synth 8-3333] propagating constant 0 across sequential element (\genblk5[2].SCDB /\scdb_hdr_data_in_1_reg[116] )
INFO: [Synth 8-3886] merging instance 'genblk5[2].SCDB/next_chan_index_reg[3]' (FDRE) to 'genblk5[2].SCDB/next_chan_index_reg[4]'
INFO: [Synth 8-3333] propagating constant 0 across sequential element (\genblk5[2].SCDB /\next_chan_index_reg[4] )
INFO: [Synth 8-3333] propagating constant 0 across sequential element (\genblk5[2].SCDB /\buf_wds_used_reg[12] )
INFO: [Synth 8-3333] propagating constant 0 across sequential element (\genblk5[2].SCDB /\buf_wds_used_reg[13] )
INFO: [Synth 8-3333] propagating constant 0 across sequential element (\genblk5[2].SCDB /\buf_wds_used_reg[14] )
INFO: [Synth 8-3333] propagating constant 0 across sequential element (\genblk5[2].SCDB /\buf_wds_used_reg[15] )
INFO: [Synth 8-3333] propagating constant 0 across sequential element (\genblk5[2].SCDB /\n_wvf_in_buf_reg[11] )
INFO: [Synth 8-3333] propagating constant 0 across sequential element (\genblk5[2].SCDB /\n_wvf_in_buf_reg[12] )
INFO: [Synth 8-3333] propagating constant 0 across sequential element (\genblk5[2].SCDB /\n_wvf_in_buf_reg[13] )
INFO: [Synth 8-3333] propagating constant 0 across sequential element (\genblk5[2].SCDB /\n_wvf_in_buf_reg[14] )
INFO: [Synth 8-3333] propagating constant 0 across sequential element (\genblk5[2].SCDB /\n_wvf_in_buf_reg[15] )
INFO: [Synth 8-3333] propagating constant 0 across sequential element (\genblk5[2].SCDB /\prev_chan_index_reg[3] )
INFO: [Synth 8-3333] propagating constant 0 across sequential element (\genblk5[2].SCDB /\prev_chan_index_reg[4] )
INFO: [Synth 8-3886] merging instance 'waveform_acq_gen[18].WFM_ACQ/WVB/WR_CTRL/i_test_cnt_max_reg[1]' (FDE) to 'waveform_acq_gen[18].WFM_ACQ/WVB/WR_CTRL/i_const_cnt_max_reg[1]'
INFO: [Synth 8-3886] merging instance 'waveform_acq_gen[18].WFM_ACQ/WVB/WR_CTRL/i_test_cnt_max_reg[2]' (FDE) to 'waveform_acq_gen[18].WFM_ACQ/WVB/WR_CTRL/i_const_cnt_max_reg[1]'
INFO: [Synth 8-3886] merging instance 'waveform_acq_gen[18].WFM_ACQ/WVB/WR_CTRL/i_const_cnt_max_reg[1]' (FDE) to 'waveform_acq_gen[18].WFM_ACQ/WVB/WR_CTRL/i_const_cnt_max_reg[2]'
INFO: [Synth 8-3886] merging instance 'waveform_acq_gen[20].WFM_ACQ/WVB/WR_CTRL/i_test_cnt_max_reg[1]' (FDE) to 'waveform_acq_gen[20].WFM_ACQ/WVB/WR_CTRL/i_const_cnt_max_reg[1]'
INFO: [Synth 8-3886] merging instance 'waveform_acq_gen[20].WFM_ACQ/WVB/WR_CTRL/i_test_cnt_max_reg[2]' (FDE) to 'waveform_acq_gen[20].WFM_ACQ/WVB/WR_CTRL/i_const_cnt_max_reg[1]'
INFO: [Synth 8-3886] merging instance 'waveform_acq_gen[20].WFM_ACQ/WVB/WR_CTRL/i_const_cnt_max_reg[1]' (FDE) to 'waveform_acq_gen[20].WFM_ACQ/WVB/WR_CTRL/i_const_cnt_max_reg[2]'
INFO: [Synth 8-3886] merging instance 'waveform_acq_gen[22].WFM_ACQ/WVB/WR_CTRL/i_test_cnt_max_reg[1]' (FDE) to 'waveform_acq_gen[22].WFM_ACQ/WVB/WR_CTRL/i_const_cnt_max_reg[1]'
INFO: [Synth 8-3886] merging instance 'waveform_acq_gen[22].WFM_ACQ/WVB/WR_CTRL/i_test_cnt_max_reg[2]' (FDE) to 'waveform_acq_gen[22].WFM_ACQ/WVB/WR_CTRL/i_const_cnt_max_reg[1]'
INFO: [Synth 8-3886] merging instance 'waveform_acq_gen[22].WFM_ACQ/WVB/WR_CTRL/i_const_cnt_max_reg[1]' (FDE) to 'waveform_acq_gen[22].WFM_ACQ/WVB/WR_CTRL/i_const_cnt_max_reg[2]'
INFO: [Synth 8-3886] merging instance 'waveform_acq_gen[18].WFM_ACQ/WVB/WR_CTRL/i_test_cnt_max_reg[0]' (FDE) to 'waveform_acq_gen[18].WFM_ACQ/WVB/WR_CTRL/i_const_cnt_max_reg[0]'
INFO: [Synth 8-3886] merging instance 'waveform_acq_gen[18].WFM_ACQ/WVB/WR_CTRL/i_const_cnt_max_reg[0]' (FDE) to 'waveform_acq_gen[18].WFM_ACQ/WVB/WR_CTRL/i_const_cnt_max_reg[2]'
INFO: [Synth 8-3886] merging instance 'waveform_acq_gen[20].WFM_ACQ/WVB/WR_CTRL/i_test_cnt_max_reg[0]' (FDE) to 'waveform_acq_gen[20].WFM_ACQ/WVB/WR_CTRL/i_const_cnt_max_reg[0]'
INFO: [Synth 8-3886] merging instance 'waveform_acq_gen[20].WFM_ACQ/WVB/WR_CTRL/i_const_cnt_max_reg[0]' (FDE) to 'waveform_acq_gen[20].WFM_ACQ/WVB/WR_CTRL/i_const_cnt_max_reg[2]'
INFO: [Synth 8-3886] merging instance 'waveform_acq_gen[22].WFM_ACQ/WVB/WR_CTRL/i_test_cnt_max_reg[0]' (FDE) to 'waveform_acq_gen[22].WFM_ACQ/WVB/WR_CTRL/i_const_cnt_max_reg[0]'
INFO: [Synth 8-3886] merging instance 'waveform_acq_gen[22].WFM_ACQ/WVB/WR_CTRL/i_const_cnt_max_reg[0]' (FDE) to 'waveform_acq_gen[22].WFM_ACQ/WVB/WR_CTRL/i_const_cnt_max_reg[2]'
INFO: [Synth 8-3886] merging instance 'genblk5[2].SCDB/FSM_sequential_channel_finder_fsm_reg[1]' (FDR) to 'genblk5[2].SCDB/wfm_ready_reg'
WARNING: [Synth 8-3331] design waveform_acquisition__xdcDup__20 has unconnected port wvb_trig_test_out
WARNING: [Synth 8-3331] design waveform_acquisition__xdcDup__9 has unconnected port wvb_trig_test_out
WARNING: [Synth 8-3331] design waveform_acquisition__xdcDup__10 has unconnected port wvb_trig_test_out
INFO: [Synth 8-3886] merging instance 'waveform_acq_gen[8].WFM_ACQ/WVB/WR_CTRL/i_const_conf_reg[0]' (FDE) to 'waveform_acq_gen[8].WFM_ACQ/WVB/WR_CTRL/i_const_conf_reg[1]'
INFO: [Synth 8-3886] merging instance 'waveform_acq_gen[8].WFM_ACQ/WVB/WR_CTRL/i_const_conf_reg[1]' (FDE) to 'waveform_acq_gen[8].WFM_ACQ/WVB/WR_CTRL/i_const_conf_reg[2]'
INFO: [Synth 8-3886] merging instance 'waveform_acq_gen[8].WFM_ACQ/WVB/WR_CTRL/i_const_conf_reg[2]' (FDE) to 'waveform_acq_gen[8].WFM_ACQ/WVB/WR_CTRL/i_test_conf_reg[0]'
INFO: [Synth 8-3886] merging instance 'waveform_acq_gen[8].WFM_ACQ/WVB/WR_CTRL/i_test_conf_reg[0]' (FDE) to 'waveform_acq_gen[8].WFM_ACQ/WVB/WR_CTRL/i_test_conf_reg[1]'
INFO: [Synth 8-3886] merging instance 'waveform_acq_gen[8].WFM_ACQ/WVB/WR_CTRL/i_test_conf_reg[1]' (FDE) to 'waveform_acq_gen[8].WFM_ACQ/WVB/WR_CTRL/i_test_conf_reg[2]'
INFO: [Synth 8-3886] merging instance 'waveform_acq_gen[9].WFM_ACQ/WVB/WR_CTRL/i_const_conf_reg[0]' (FDE) to 'waveform_acq_gen[9].WFM_ACQ/WVB/WR_CTRL/i_const_conf_reg[1]'
INFO: [Synth 8-3886] merging instance 'waveform_acq_gen[9].WFM_ACQ/WVB/WR_CTRL/i_const_conf_reg[1]' (FDE) to 'waveform_acq_gen[9].WFM_ACQ/WVB/WR_CTRL/i_const_conf_reg[2]'
INFO: [Common 17-14] Message 'Synth 8-3886' appears 100 times and further instances of the messages will be disabled. Use the Tcl command set_msg_config to change the current settings.
WARNING: [Synth 8-3331] design n_channel_mux__parameterized0__2 has unconnected port sel[4]
WARNING: [Synth 8-3331] design n_channel_mux__parameterized0__2 has unconnected port sel[3]
WARNING: [Synth 8-3331] design n_channel_mux__2 has unconnected port sel[4]
WARNING: [Synth 8-3331] design n_channel_mux__2 has unconnected port sel[3]
WARNING: [Synth 8-3331] design wvb_reader has unconnected port dpram_mode
INFO: [Synth 8-3886] merging instance 'genblk5[1].SCDB/scdb_wr_addr_1_reg[0]' (FDR) to 'genblk5[1].SCDB/scdb_hdr_data_in_1_reg[60]'
INFO: [Synth 8-3886] merging instance 'genblk5[1].SCDB/scdb_wr_addr_1_reg[1]' (FDR) to 'genblk5[1].SCDB/scdb_hdr_data_in_1_reg[61]'
INFO: [Synth 8-3886] merging instance 'genblk5[1].SCDB/scdb_wr_addr_1_reg[2]' (FDR) to 'genblk5[1].SCDB/scdb_hdr_data_in_1_reg[62]'
INFO: [Synth 8-3886] merging instance 'genblk5[1].SCDB/scdb_wr_addr_1_reg[3]' (FDR) to 'genblk5[1].SCDB/scdb_hdr_data_in_1_reg[63]'
INFO: [Synth 8-3886] merging instance 'genblk5[1].SCDB/scdb_wr_addr_1_reg[4]' (FDR) to 'genblk5[1].SCDB/scdb_hdr_data_in_1_reg[64]'
INFO: [Synth 8-3886] merging instance 'genblk5[1].SCDB/scdb_wr_addr_1_reg[5]' (FDR) to 'genblk5[1].SCDB/scdb_hdr_data_in_1_reg[65]'
INFO: [Synth 8-3886] merging instance 'genblk5[1].SCDB/scdb_wr_addr_1_reg[6]' (FDR) to 'genblk5[1].SCDB/scdb_hdr_data_in_1_reg[66]'
INFO: [Synth 8-3886] merging instance 'genblk5[1].SCDB/scdb_wr_addr_1_reg[7]' (FDR) to 'genblk5[1].SCDB/scdb_hdr_data_in_1_reg[67]'
INFO: [Synth 8-3886] merging instance 'genblk5[1].SCDB/scdb_wr_addr_1_reg[8]' (FDR) to 'genblk5[1].SCDB/scdb_hdr_data_in_1_reg[68]'
INFO: [Synth 8-3886] merging instance 'genblk5[1].SCDB/scdb_wr_addr_1_reg[9]' (FDR) to 'genblk5[1].SCDB/scdb_hdr_data_in_1_reg[69]'
INFO: [Synth 8-3886] merging instance 'genblk5[1].SCDB/scdb_wr_addr_1_reg[10]' (FDR) to 'genblk5[1].SCDB/scdb_hdr_data_in_1_reg[70]'
INFO: [Synth 8-3886] merging instance 'waveform_acq_gen[13].WFM_ACQ/WVB/WR_CTRL/i_const_conf_reg[0]' (FDE) to 'waveform_acq_gen[13].WFM_ACQ/WVB/WR_CTRL/i_const_conf_reg[1]'
INFO: [Synth 8-3886] merging instance 'waveform_acq_gen[13].WFM_ACQ/WVB/WR_CTRL/i_const_conf_reg[1]' (FDE) to 'waveform_acq_gen[13].WFM_ACQ/WVB/WR_CTRL/i_const_conf_reg[2]'
INFO: [Synth 8-3886] merging instance 'waveform_acq_gen[13].WFM_ACQ/WVB/WR_CTRL/i_const_conf_reg[2]' (FDE) to 'waveform_acq_gen[13].WFM_ACQ/WVB/WR_CTRL/i_test_conf_reg[0]'
INFO: [Synth 8-3886] merging instance 'waveform_acq_gen[13].WFM_ACQ/WVB/WR_CTRL/i_test_conf_reg[0]' (FDE) to 'waveform_acq_gen[13].WFM_ACQ/WVB/WR_CTRL/i_test_conf_reg[1]'
INFO: [Synth 8-3886] merging instance 'waveform_acq_gen[13].WFM_ACQ/WVB/WR_CTRL/i_test_conf_reg[1]' (FDE) to 'waveform_acq_gen[13].WFM_ACQ/WVB/WR_CTRL/i_test_conf_reg[2]'
INFO: [Synth 8-3333] propagating constant 0 across sequential element (\waveform_acq_gen[13].WFM_ACQ/WVB /\WR_CTRL/i_test_conf_reg[2] )
INFO: [Synth 8-3886] merging instance 'waveform_acq_gen[14].WFM_ACQ/WVB/WR_CTRL/i_const_conf_reg[0]' (FDE) to 'waveform_acq_gen[14].WFM_ACQ/WVB/WR_CTRL/i_const_conf_reg[1]'
INFO: [Synth 8-3886] merging instance 'waveform_acq_gen[14].WFM_ACQ/WVB/WR_CTRL/i_const_conf_reg[1]' (FDE) to 'waveform_acq_gen[14].WFM_ACQ/WVB/WR_CTRL/i_const_conf_reg[2]'
INFO: [Synth 8-3886] merging instance 'waveform_acq_gen[14].WFM_ACQ/WVB/WR_CTRL/i_const_conf_reg[2]' (FDE) to 'waveform_acq_gen[14].WFM_ACQ/WVB/WR_CTRL/i_test_conf_reg[0]'
INFO: [Synth 8-3886] merging instance 'waveform_acq_gen[14].WFM_ACQ/WVB/WR_CTRL/i_test_conf_reg[0]' (FDE) to 'waveform_acq_gen[14].WFM_ACQ/WVB/WR_CTRL/i_test_conf_reg[1]'
INFO: [Synth 8-3886] merging instance 'waveform_acq_gen[14].WFM_ACQ/WVB/WR_CTRL/i_test_conf_reg[1]' (FDE) to 'waveform_acq_gen[14].WFM_ACQ/WVB/WR_CTRL/i_test_conf_reg[2]'
INFO: [Synth 8-3333] propagating constant 0 across sequential element (\waveform_acq_gen[14].WFM_ACQ/WVB /\WR_CTRL/i_test_conf_reg[2] )
INFO: [Synth 8-3333] propagating constant 0 across sequential element (\genblk5[1].SCDB /\scdb_hdr_data_in_1_reg[111] )
INFO: [Synth 8-3333] propagating constant 0 across sequential element (\genblk5[1].SCDB /\scdb_hdr_data_in_1_reg[112] )
INFO: [Synth 8-3333] propagating constant 0 across sequential element (\genblk5[1].SCDB /\scdb_hdr_data_in_1_reg[113] )
INFO: [Synth 8-3333] propagating constant 0 across sequential element (\genblk5[1].SCDB /\scdb_hdr_data_in_1_reg[114] )
INFO: [Synth 8-3333] propagating constant 0 across sequential element (\genblk5[1].SCDB /\scdb_hdr_data_in_1_reg[115] )
INFO: [Synth 8-3333] propagating constant 0 across sequential element (\genblk5[1].SCDB /\scdb_hdr_data_in_1_reg[116] )
INFO: [Synth 8-3886] merging instance 'WVB_READER/RD_CTRL/evt_len_reg_reg[0]' (FDRE) to 'WVB_READER/RD_CTRL/evt_len_reg_reg[15]'
INFO: [Synth 8-3886] merging instance 'WVB_READER/RD_CTRL/evt_len_reg_reg[1]' (FDRE) to 'WVB_READER/RD_CTRL/evt_len_reg_reg[15]'
INFO: [Synth 8-3886] merging instance 'WVB_READER/RD_CTRL/evt_len_reg_reg[2]' (FDRE) to 'WVB_READER/RD_CTRL/evt_len_reg_reg[15]'
INFO: [Synth 8-3333] propagating constant 0 across sequential element (WVB_READER/\RD_CTRL/evt_len_reg_reg[15] )
INFO: [Synth 8-3886] merging instance 'genblk5[1].SCDB/next_chan_index_reg[3]' (FDRE) to 'genblk5[1].SCDB/next_chan_index_reg[4]'
INFO: [Synth 8-3333] propagating constant 0 across sequential element (\genblk5[1].SCDB /\next_chan_index_reg[4] )
INFO: [Synth 8-3333] propagating constant 0 across sequential element (\genblk5[1].SCDB /\buf_wds_used_reg[12] )
INFO: [Synth 8-3333] propagating constant 0 across sequential element (\genblk5[1].SCDB /\buf_wds_used_reg[13] )
INFO: [Synth 8-3333] propagating constant 0 across sequential element (\genblk5[1].SCDB /\buf_wds_used_reg[14] )
INFO: [Synth 8-3333] propagating constant 0 across sequential element (\genblk5[1].SCDB /\buf_wds_used_reg[15] )
INFO: [Synth 8-3333] propagating constant 0 across sequential element (\genblk5[1].SCDB /\n_wvf_in_buf_reg[11] )
INFO: [Synth 8-3333] propagating constant 0 across sequential element (\genblk5[1].SCDB /\n_wvf_in_buf_reg[12] )
INFO: [Synth 8-3333] propagating constant 0 across sequential element (\genblk5[1].SCDB /\n_wvf_in_buf_reg[13] )
INFO: [Synth 8-3333] propagating constant 0 across sequential element (\genblk5[1].SCDB /\n_wvf_in_buf_reg[14] )
INFO: [Synth 8-3333] propagating constant 0 across sequential element (\genblk5[1].SCDB /\n_wvf_in_buf_reg[15] )
INFO: [Synth 8-3886] merging instance 'WVB_READER/RD_CTRL/dpram_len_reg[0]' (FDRE) to 'WVB_READER/RD_CTRL/dpram_len_reg[15]'
INFO: [Synth 8-3886] merging instance 'WVB_READER/RD_CTRL/dpram_len_reg[1]' (FDRE) to 'WVB_READER/RD_CTRL/dpram_len_reg[15]'
INFO: [Synth 8-3886] merging instance 'WVB_READER/RD_CTRL/dpram_len_reg[2]' (FDRE) to 'WVB_READER/RD_CTRL/dpram_len_reg[15]'
INFO: [Synth 8-3886] merging instance 'WVB_READER/RD_CTRL/dpram_len_reg[12]' (FDRE) to 'WVB_READER/RD_CTRL/dpram_len_reg[15]'
INFO: [Synth 8-3886] merging instance 'WVB_READER/RD_CTRL/dpram_len_reg[13]' (FDRE) to 'WVB_READER/RD_CTRL/dpram_len_reg[15]'
INFO: [Synth 8-3886] merging instance 'WVB_READER/RD_CTRL/dpram_len_reg[14]' (FDRE) to 'WVB_READER/RD_CTRL/dpram_len_reg[15]'
INFO: [Synth 8-3886] merging instance 'WVB_READER/RD_CTRL/dpram_data_reg[11]' (FDRE) to 'WVB_READER/RD_CTRL/dpram_data_reg[13]'
INFO: [Synth 8-3886] merging instance 'WVB_READER/RD_CTRL/dpram_data_reg[12]' (FDRE) to 'WVB_READER/RD_CTRL/dpram_data_reg[15]'
INFO: [Synth 8-3886] merging instance 'WVB_READER/RD_CTRL/dpram_data_reg[13]' (FDRE) to 'WVB_READER/RD_CTRL/dpram_data_reg[14]'
INFO: [Synth 8-3333] propagating constant 0 across sequential element (\genblk5[1].SCDB /\prev_chan_index_reg[3] )
INFO: [Synth 8-3333] propagating constant 0 across sequential element (\genblk5[1].SCDB /\prev_chan_index_reg[4] )
INFO: [Synth 8-3886] merging instance 'waveform_acq_gen[13].WFM_ACQ/WVB/WR_CTRL/i_test_cnt_max_reg[1]' (FDE) to 'waveform_acq_gen[13].WFM_ACQ/WVB/WR_CTRL/i_const_cnt_max_reg[1]'
INFO: [Synth 8-3886] merging instance 'waveform_acq_gen[13].WFM_ACQ/WVB/WR_CTRL/i_test_cnt_max_reg[2]' (FDE) to 'waveform_acq_gen[13].WFM_ACQ/WVB/WR_CTRL/i_const_cnt_max_reg[1]'
INFO: [Common 17-14] Message 'Synth 8-3886' appears 100 times and further instances of the messages will be disabled. Use the Tcl command set_msg_config to change the current settings.
WARNING: [Synth 8-3331] design n_channel_mux__parameterized0 has unconnected port sel[4]
WARNING: [Synth 8-3331] design n_channel_mux__parameterized0 has unconnected port sel[3]
WARNING: [Synth 8-3331] design n_channel_mux has unconnected port sel[4]
WARNING: [Synth 8-3331] design n_channel_mux has unconnected port sel[3]
WARNING: [Synth 8-3331] design waveform_acquisition__xdcDup__8 has unconnected port wvb_trig_test_out
WARNING: [Synth 8-3331] design waveform_acquisition__xdcDup__7 has unconnected port wvb_trig_test_out
WARNING: [Synth 8-3331] design waveform_acquisition__xdcDup__6 has unconnected port wvb_trig_test_out
INFO: [Synth 8-3333] propagating constant 0 across sequential element (\waveform_acq_gen[5].WFM_ACQ /\WVB/WR_CTRL/i_test_conf_reg[2] )
INFO: [Synth 8-3333] propagating constant 0 across sequential element (\waveform_acq_gen[6].WFM_ACQ /\WVB/WR_CTRL/i_test_conf_reg[2] )
INFO: [Common 17-14] Message 'Synth 8-3886' appears 100 times and further instances of the messages will be disabled. Use the Tcl command set_msg_config to change the current settings.
INFO: [Synth 8-3333] propagating constant 0 across sequential element (\waveform_acq_gen[7].WFM_ACQ /\WVB/WR_CTRL/i_test_conf_reg[2] )
INFO: [Synth 8-3333] propagating constant 0 across sequential element (\genblk5[0].SCDB /\scdb_hdr_data_in_1_reg[111] )
INFO: [Synth 8-3333] propagating constant 0 across sequential element (\genblk5[0].SCDB /\scdb_hdr_data_in_1_reg[112] )
INFO: [Synth 8-3333] propagating constant 0 across sequential element (\genblk5[0].SCDB /\scdb_hdr_data_in_1_reg[113] )
INFO: [Synth 8-3333] propagating constant 0 across sequential element (\genblk5[0].SCDB /\scdb_hdr_data_in_1_reg[114] )
INFO: [Synth 8-3333] propagating constant 0 across sequential element (\genblk5[0].SCDB /\scdb_hdr_data_in_1_reg[115] )
INFO: [Synth 8-3333] propagating constant 0 across sequential element (\genblk5[0].SCDB /\scdb_hdr_data_in_1_reg[116] )
INFO: [Synth 8-3333] propagating constant 0 across sequential element (\genblk5[0].SCDB /\next_chan_index_reg[4] )
INFO: [Synth 8-3333] propagating constant 0 across sequential element (\genblk5[0].SCDB /\buf_wds_used_reg[12] )
INFO: [Synth 8-3333] propagating constant 0 across sequential element (\genblk5[0].SCDB /\buf_wds_used_reg[13] )
INFO: [Synth 8-3333] propagating constant 0 across sequential element (\genblk5[0].SCDB /\buf_wds_used_reg[14] )
INFO: [Synth 8-3333] propagating constant 0 across sequential element (\genblk5[0].SCDB /\buf_wds_used_reg[15] )
INFO: [Synth 8-3333] propagating constant 0 across sequential element (\genblk5[0].SCDB /\n_wvf_in_buf_reg[11] )
INFO: [Synth 8-3333] propagating constant 0 across sequential element (\genblk5[0].SCDB /\n_wvf_in_buf_reg[12] )
INFO: [Synth 8-3333] propagating constant 0 across sequential element (\genblk5[0].SCDB /\n_wvf_in_buf_reg[13] )
INFO: [Synth 8-3333] propagating constant 0 across sequential element (\genblk5[0].SCDB /\n_wvf_in_buf_reg[14] )
INFO: [Synth 8-3333] propagating constant 0 across sequential element (\genblk5[0].SCDB /\n_wvf_in_buf_reg[15] )
INFO: [Synth 8-3333] propagating constant 0 across sequential element (\genblk5[0].SCDB /\prev_chan_index_reg[3] )
INFO: [Synth 8-3333] propagating constant 0 across sequential element (\genblk5[0].SCDB /\prev_chan_index_reg[4] )
WARNING: [Synth 8-3331] design waveform_acquisition__xdcDup__5 has unconnected port wvb_trig_test_out
WARNING: [Synth 8-3331] design waveform_acquisition__xdcDup__4 has unconnected port wvb_trig_test_out
WARNING: [Synth 8-3331] design waveform_acquisition__xdcDup__3 has unconnected port wvb_trig_test_out
INFO: [Synth 8-3333] propagating constant 0 across sequential element (\waveform_acq_gen[2].WFM_ACQ /\WVB/WR_CTRL/i_test_conf_reg[2] )
INFO: [Synth 8-3333] propagating constant 0 across sequential element (\waveform_acq_gen[3].WFM_ACQ /\WVB/WR_CTRL/i_test_conf_reg[2] )
INFO: [Synth 8-3333] propagating constant 0 across sequential element (\waveform_acq_gen[4].WFM_ACQ /\WVB/WR_CTRL/i_test_conf_reg[2] )
WARNING: [Synth 8-3331] design waveform_acquisition has unconnected port wvb_trig_test_out
WARNING: [Synth 8-3331] design waveform_acquisition__xdcDup__2 has unconnected port wvb_trig_test_out
WARNING: [Synth 8-3331] design waveform_acquisition__xdcDup__1 has unconnected port wvb_trig_test_out
INFO: [Common 17-14] Message 'Synth 8-3331' appears 100 times and further instances of the messages will be disabled. Use the Tcl command set_msg_config to change the current settings.
INFO: [Synth 8-5546] ROM "wvb_reader_enable" won't be mapped to RAM because it is too sparse
INFO: [Synth 8-5546] ROM "wvb_reader_dpram_mode" won't be mapped to RAM because it is too sparse
INFO: [Synth 8-5546] ROM "i_adc_delay_inc" won't be mapped to RAM because it is too sparse
INFO: [Synth 8-5546] ROM "adc_reset" won't be mapped to RAM because it is too sparse
INFO: [Synth 8-5546] ROM "adc_spi_sel" won't be mapped to RAM because it is too sparse
INFO: [Synth 8-5546] ROM "dac_spi_sel" won't be mapped to RAM because it is too sparse
INFO: [Synth 8-5546] ROM "dac_chip_sel" won't be mapped to RAM because it is too sparse
INFO: [Synth 8-5546] ROM "pulser_io_rst" won't be mapped to RAM because it is too sparse
INFO: [Synth 8-5546] ROM "periodic_pulser_enable" won't be mapped to RAM because it is too sparse
INFO: [Synth 8-5546] ROM "pulser_width" won't be mapped to RAM because it is too sparse
INFO: [Synth 8-5546] ROM "slo_adc_chip_sel" won't be mapped to RAM because it is too sparse
INFO: [Synth 8-5546] ROM "pg_optype" won't be mapped to RAM because it is too sparse
INFO: [Synth 8-5546] ROM "ddr3_sys_rst" won't be mapped to RAM because it is too sparse
INFO: [Synth 8-5546] ROM "ddr3_vtt_s3" won't be mapped to RAM because it is too sparse
INFO: [Synth 8-5546] ROM "hbuf_enable" won't be mapped to RAM because it is too sparse
INFO: [Synth 8-5546] ROM "hbuf_start_pg" won't be mapped to RAM because it is too sparse
INFO: [Synth 8-5546] ROM "hbuf_stop_pg" won't be mapped to RAM because it is too sparse
INFO: [Synth 8-5546] ROM "hbuf_pg_clr_count" won't be mapped to RAM because it is too sparse
INFO: [Synth 8-5546] ROM "icm_fpga_sync_en" won't be mapped to RAM because it is too sparse
INFO: [Synth 8-5546] ROM "fpga_cal_trig_width" won't be mapped to RAM because it is too sparse
INFO: [Synth 8-5546] ROM "fpga_cal_trig_io_rst" won't be mapped to RAM because it is too sparse
INFO: [Synth 8-5546] ROM "fpga_cal_trig_periodic_en" won't be mapped to RAM because it is too sparse
INFO: [Synth 8-5546] ROM "dcdc_sync" won't be mapped to RAM because it is too sparse
INFO: [Synth 8-5546] ROM "i2cm_0_i2c_start" won't be mapped to RAM because it is too sparse
INFO: [Synth 8-5546] ROM "wvb_trig_et" won't be mapped to RAM because it is too sparse
INFO: [Synth 8-5546] ROM "lc_window_width" won't be mapped to RAM because it is too sparse
INFO: [Synth 8-5546] ROM "n_lc_thr" won't be mapped to RAM because it is too sparse
INFO: [Synth 8-5546] ROM "lc_required" won't be mapped to RAM because it is too sparse
INFO: [Synth 8-5546] ROM "xdom_thermal_shutdown_temp" won't be mapped to RAM because it is too sparse
INFO: [Synth 8-5546] ROM "wvb_trig_thr" won't be mapped to RAM because it is too sparse
INFO: [Common 17-14] Message 'Synth 8-5546' appears 100 times and further instances of the messages will be disabled. Use the Tcl command set_msg_config to change the current settings.
INFO: [Synth 8-3333] propagating constant 0 across sequential element (XDOM_0/UART_ICM_0/\FT232R_HS_0/RS232_SER_0/shift_reg_reg[7] )
INFO: [Synth 8-3333] propagating constant 0 across sequential element (XDOM_0/UART_DEBUG_0/\FT232R_HS_0/RS232_SER_0/shift_reg_reg[7] )
INFO: [Synth 8-3333] propagating constant 0 across sequential element (XDOM_0/UART_ICM_0/\FT232R_HS_0/RS232_SER_0/shift_reg_reg[6] )
INFO: [Synth 8-3333] propagating constant 0 across sequential element (XDOM_0/UART_DEBUG_0/\FT232R_HS_0/RS232_SER_0/shift_reg_reg[6] )
INFO: [Synth 8-3333] propagating constant 0 across sequential element (XDOM_0/UART_ICM_0/\FT232R_HS_0/RS232_SER_0/shift_reg_reg[5] )
INFO: [Synth 8-3333] propagating constant 0 across sequential element (XDOM_0/UART_DEBUG_0/\FT232R_HS_0/RS232_SER_0/shift_reg_reg[5] )
INFO: [Synth 8-3333] propagating constant 0 across sequential element (XDOM_0/CRSM_0/\i_rd_data_reg[3] )
INFO: [Synth 8-3333] propagating constant 0 across sequential element (XDOM_0/CRSM_0/\i_rd_data_reg[4] )
INFO: [Synth 8-3333] propagating constant 0 across sequential element (XDOM_0/CRSM_0/\i_rd_data_reg[5] )
INFO: [Synth 8-3333] propagating constant 0 across sequential element (XDOM_0/CRSM_0/\i_rd_data_reg[7] )
INFO: [Synth 8-3333] propagating constant 0 across sequential element (XDOM_0/CRSM_0/\i_rd_data_reg[6] )
INFO: [Synth 8-3333] propagating constant 0 across sequential element (XDOM_0/UART_MCU_0/\UART_PROC_HS_0/uart_rsp_data_reg[2] )
INFO: [Synth 8-3333] propagating constant 0 across sequential element (XDOM_0/UART_MCU_0/\UART_PROC_HS_0/uart_rsp_data_reg[7] )
INFO: [Synth 8-3333] propagating constant 0 across sequential element (XDOM_0/UART_MCU_0/\UART_PROC_HS_0/uart_rsp_data_reg[3] )
INFO: [Synth 8-3333] propagating constant 0 across sequential element (XDOM_0/UART_MCU_0/\UART_PROC_HS_0/uart_rsp_data_reg[4] )
INFO: [Synth 8-3333] propagating constant 0 across sequential element (XDOM_0/UART_MCU_0/\UART_PROC_HS_0/uart_rsp_data_reg[6] )
INFO: [Synth 8-3333] propagating constant 0 across sequential element (XDOM_0/UART_MCU_0/\UART_PROC_HS_0/uart_rsp_data_reg[5] )
INFO: [Synth 8-3333] propagating constant 0 across sequential element (XDOM_0/UART_MCU_0/\UART_PROC_HS_0/uart_rsp_data_reg[1] )
INFO: [Synth 8-3333] propagating constant 0 across sequential element (XDOM_0/UART_MCU_0/\UART_PROC_HS_0/uart_rsp_data_reg[0] )
INFO: [Synth 8-3333] propagating constant 0 across sequential element (XDOM_0/UART_ICM_0/\FT232R_HS_0/RS232_SER_0/shift_reg_reg[4] )
INFO: [Synth 8-3333] propagating constant 0 across sequential element (XDOM_0/UART_ICM_0/\UART_PROC_HS_0/uart_rsp_data_reg[3] )
INFO: [Synth 8-3333] propagating constant 0 across sequential element (XDOM_0/UART_ICM_0/\UART_PROC_HS_0/uart_rsp_data_reg[4] )
INFO: [Synth 8-3333] propagating constant 0 across sequential element (XDOM_0/UART_ICM_0/\UART_PROC_HS_0/uart_rsp_data_reg[5] )
INFO: [Synth 8-3333] propagating constant 0 across sequential element (XDOM_0/UART_ICM_0/\UART_PROC_HS_0/uart_rsp_data_reg[7] )
INFO: [Synth 8-3333] propagating constant 0 across sequential element (XDOM_0/UART_ICM_0/\UART_PROC_HS_0/uart_rsp_data_reg[6] )
INFO: [Synth 8-3333] propagating constant 0 across sequential element (XDOM_0/UART_DEBUG_0/\FT232R_HS_0/RS232_SER_0/shift_reg_reg[4] )
INFO: [Synth 8-3333] propagating constant 0 across sequential element (XDOM_0/CRSM_0/\i_rd_data_reg[2] )
INFO: [Synth 8-3333] propagating constant 0 across sequential element (XDOM_0/CRSM_0/\i_rd_data_reg[10] )
INFO: [Synth 8-3333] propagating constant 0 across sequential element (XDOM_0/UART_DEBUG_0/\UART_PROC_HS_0/uart_rsp_data_reg[3] )
INFO: [Synth 8-3333] propagating constant 0 across sequential element (XDOM_0/CRSM_0/\i_rd_data_reg[11] )
INFO: [Synth 8-3333] propagating constant 0 across sequential element (XDOM_0/UART_DEBUG_0/\UART_PROC_HS_0/uart_rsp_data_reg[4] )
INFO: [Synth 8-3333] propagating constant 0 across sequential element (XDOM_0/CRSM_0/\i_rd_data_reg[12] )
INFO: [Common 17-14] Message 'Synth 8-3333' appears 100 times and further instances of the messages will be disabled. Use the Tcl command set_msg_config to change the current settings.
INFO: [Common 17-14] Message 'Synth 8-3333' appears 100 times and further instances of the messages will be disabled. Use the Tcl command set_msg_config to change the current settings.
WARNING: [Synth 8-3332] Sequential element (FT232R_HS_0/RS232_SER_0/FSM_sequential_fsm_reg[1]) is unused and will be removed from module ft232r_proc_buffered__xdcDup__1.
WARNING: [Synth 8-3332] Sequential element (FT232R_HS_0/RS232_SER_0/FSM_sequential_fsm_reg[0]) is unused and will be removed from module ft232r_proc_buffered__xdcDup__1.
WARNING: [Synth 8-3332] Sequential element (FT232R_HS_0/RS232_DES_0/FSM_sequential_fsm_reg[1]) is unused and will be removed from module ft232r_proc_buffered__xdcDup__1.
WARNING: [Synth 8-3332] Sequential element (FT232R_HS_0/RS232_DES_0/FSM_sequential_fsm_reg[0]) is unused and will be removed from module ft232r_proc_buffered__xdcDup__1.
WARNING: [Synth 8-3332] Sequential element (FT232R_HS_0/FSM_sequential_fsm_reg[1]) is unused and will be removed from module ft232r_proc_buffered__xdcDup__1.
WARNING: [Synth 8-3332] Sequential element (FT232R_HS_0/FSM_sequential_fsm_reg[0]) is unused and will be removed from module ft232r_proc_buffered__xdcDup__1.
WARNING: [Synth 8-3332] Sequential element (UART_PROC_HS_0/FSM_sequential_fsm_reg[4]) is unused and will be removed from module ft232r_proc_buffered__xdcDup__1.
WARNING: [Synth 8-3332] Sequential element (UART_PROC_HS_0/FSM_sequential_fsm_reg[3]) is unused and will be removed from module ft232r_proc_buffered__xdcDup__1.
WARNING: [Synth 8-3332] Sequential element (UART_PROC_HS_0/FSM_sequential_fsm_reg[2]) is unused and will be removed from module ft232r_proc_buffered__xdcDup__1.
WARNING: [Synth 8-3332] Sequential element (UART_PROC_HS_0/FSM_sequential_fsm_reg[1]) is unused and will be removed from module ft232r_proc_buffered__xdcDup__1.
WARNING: [Synth 8-3332] Sequential element (UART_PROC_HS_0/FSM_sequential_fsm_reg[0]) is unused and will be removed from module ft232r_proc_buffered__xdcDup__1.
WARNING: [Synth 8-3332] Sequential element (FT232R_HS_0/RS232_SER_0/FSM_sequential_fsm_reg[1]) is unused and will be removed from module ft232r_proc_buffered__xdcDup__2.
WARNING: [Synth 8-3332] Sequential element (FT232R_HS_0/RS232_SER_0/FSM_sequential_fsm_reg[0]) is unused and will be removed from module ft232r_proc_buffered__xdcDup__2.
WARNING: [Synth 8-3332] Sequential element (FT232R_HS_0/RS232_DES_0/FSM_sequential_fsm_reg[1]) is unused and will be removed from module ft232r_proc_buffered__xdcDup__2.
WARNING: [Synth 8-3332] Sequential element (FT232R_HS_0/RS232_DES_0/FSM_sequential_fsm_reg[0]) is unused and will be removed from module ft232r_proc_buffered__xdcDup__2.
WARNING: [Synth 8-3332] Sequential element (FT232R_HS_0/FSM_sequential_fsm_reg[1]) is unused and will be removed from module ft232r_proc_buffered__xdcDup__2.
WARNING: [Synth 8-3332] Sequential element (FT232R_HS_0/FSM_sequential_fsm_reg[0]) is unused and will be removed from module ft232r_proc_buffered__xdcDup__2.
WARNING: [Synth 8-3332] Sequential element (UART_PROC_HS_0/FSM_sequential_fsm_reg[4]) is unused and will be removed from module ft232r_proc_buffered__xdcDup__2.
WARNING: [Synth 8-3332] Sequential element (UART_PROC_HS_0/FSM_sequential_fsm_reg[3]) is unused and will be removed from module ft232r_proc_buffered__xdcDup__2.
WARNING: [Synth 8-3332] Sequential element (UART_PROC_HS_0/FSM_sequential_fsm_reg[2]) is unused and will be removed from module ft232r_proc_buffered__xdcDup__2.
WARNING: [Synth 8-3332] Sequential element (UART_PROC_HS_0/FSM_sequential_fsm_reg[1]) is unused and will be removed from module ft232r_proc_buffered__xdcDup__2.
WARNING: [Synth 8-3332] Sequential element (UART_PROC_HS_0/FSM_sequential_fsm_reg[0]) is unused and will be removed from module ft232r_proc_buffered__xdcDup__2.
WARNING: [Synth 8-3332] Sequential element (FT232R_HS_0/RS232_SER_0/FSM_sequential_fsm_reg[1]) is unused and will be removed from module ft232r_proc_buffered.
WARNING: [Synth 8-3332] Sequential element (FT232R_HS_0/RS232_SER_0/FSM_sequential_fsm_reg[0]) is unused and will be removed from module ft232r_proc_buffered.
WARNING: [Synth 8-3332] Sequential element (FT232R_HS_0/RS232_DES_0/FSM_sequential_fsm_reg[1]) is unused and will be removed from module ft232r_proc_buffered.
WARNING: [Synth 8-3332] Sequential element (FT232R_HS_0/RS232_DES_0/FSM_sequential_fsm_reg[0]) is unused and will be removed from module ft232r_proc_buffered.
WARNING: [Synth 8-3332] Sequential element (FT232R_HS_0/FSM_sequential_fsm_reg[1]) is unused and will be removed from module ft232r_proc_buffered.
WARNING: [Synth 8-3332] Sequential element (FT232R_HS_0/FSM_sequential_fsm_reg[0]) is unused and will be removed from module ft232r_proc_buffered.
WARNING: [Synth 8-3332] Sequential element (UART_PROC_HS_0/FSM_sequential_fsm_reg[4]) is unused and will be removed from module ft232r_proc_buffered.
WARNING: [Synth 8-3332] Sequential element (UART_PROC_HS_0/FSM_sequential_fsm_reg[3]) is unused and will be removed from module ft232r_proc_buffered.
WARNING: [Synth 8-3332] Sequential element (UART_PROC_HS_0/FSM_sequential_fsm_reg[2]) is unused and will be removed from module ft232r_proc_buffered.
WARNING: [Synth 8-3332] Sequential element (UART_PROC_HS_0/FSM_sequential_fsm_reg[1]) is unused and will be removed from module ft232r_proc_buffered.
WARNING: [Synth 8-3332] Sequential element (UART_PROC_HS_0/FSM_sequential_fsm_reg[0]) is unused and will be removed from module ft232r_proc_buffered.
WARNING: [Synth 8-3332] Sequential element (FSM_sequential_i_index_reg[1]) is unused and will be removed from module crs_master.
WARNING: [Synth 8-3332] Sequential element (FSM_sequential_i_index_reg[0]) is unused and will be removed from module crs_master.
WARNING: [Synth 8-3332] Sequential element (FSM_sequential_fsm_reg[2]) is unused and will be removed from module crs_master.
WARNING: [Synth 8-3332] Sequential element (FSM_sequential_fsm_reg[1]) is unused and will be removed from module crs_master.
WARNING: [Synth 8-3332] Sequential element (FSM_sequential_fsm_reg[0]) is unused and will be removed from module crs_master.
WARNING: [Synth 8-3332] Sequential element (FSM_onehot_fsm_reg[1]) is unused and will be removed from module one_shot__6.
INFO: [Common 17-14] Message 'Synth 8-3333' appears 100 times and further instances of the messages will be disabled. Use the Tcl command set_msg_config to change the current settings.
WARNING: [Synth 8-3332] Sequential element (trig_os/FSM_onehot_fsm_reg[1]) is unused and will be removed from module afe_pulser.
WARNING: [Synth 8-3332] Sequential element (trig_os/FSM_onehot_fsm_reg[1]) is unused and will be removed from module afe_pulser__xdcDup__5.
WARNING: [Synth 8-3332] Sequential element (trig_os/FSM_onehot_fsm_reg[1]) is unused and will be removed from module afe_pulser__xdcDup__4.
WARNING: [Synth 8-3332] Sequential element (trig_os/FSM_onehot_fsm_reg[1]) is unused and will be removed from module afe_pulser__xdcDup__3.
WARNING: [Synth 8-3332] Sequential element (trig_os/FSM_onehot_fsm_reg[1]) is unused and will be removed from module afe_pulser__xdcDup__2.
WARNING: [Synth 8-3332] Sequential element (trig_os/FSM_onehot_fsm_reg[1]) is unused and will be removed from module afe_pulser__xdcDup__1.
---------------------------------------------------------------------------------
Finished Cross Boundary and Area Optimization : Time (s): cpu = 00:01:18 ; elapsed = 00:01:40 . Memory (MB): peak = 1326.219 ; gain = 759.965
---------------------------------------------------------------------------------

Report RTL Partitions: 
+------+--------------------+------------+----------+
|      |RTL Partition       |Replication |Instances |
+------+--------------------+------------+----------+
|1     |ADC3424_clk_IO__GC0 |           6|         2|
|2     |top__GCB0           |           1|     14331|
|3     |top__GCB1           |           1|      7530|
|4     |top__GCB2           |           1|      7530|
|5     |top__GCB3           |           1|      9633|
|6     |top__GCB4           |           1|     17657|
|7     |top__GCB5           |           1|      7530|
|8     |top__GCB6           |           1|     14330|
|9     |top__GCB7           |           1|     10628|
|10    |top__GCB8           |           1|     12844|
|11    |top__GCB9           |           1|     15543|
|12    |top__GCB10          |           1|      3259|
|13    |top__GCB11          |           1|      3987|
|14    |top__GCB12          |           1|        15|
|15    |top__GCB13          |           1|      8347|
|16    |top__GCB14          |           1|     11648|
|17    |top__GCB15          |           1|      4166|
|18    |top__GCB16          |           1|      7062|
|19    |top__GCB17          |           1|      9866|
|20    |top__GCB18          |           1|      2853|
|21    |top__GCB19          |           1|      2977|
|22    |top__GCB20          |           1|      5087|
+------+--------------------+------------+----------+
---------------------------------------------------------------------------------
Start Applying XDC Timing Constraints
---------------------------------------------------------------------------------
INFO: [Synth 8-5578] Moved timing constraint from pin 'LCLK_ADCCLK_WIZ_0/clk_out1' to pin 'LCLK_ADCCLK_WIZ_0/bbstub_clk_out1/O'
INFO: [Synth 8-5783] Moving clock source from hierarchical pin 'LCLK_ADCCLK_WIZ_0/clk_in1' to 'i_4/THERMAL_SHUTDOWN_0/i_cnt_reg[27]/C'
INFO: [Synth 8-5578] Moved timing constraint from pin 'LCLK_ADCCLK_WIZ_0/clk_out2' to pin 'LCLK_ADCCLK_WIZ_0/bbstub_clk_out2/O'
INFO: [Synth 8-5783] Moving clock source from hierarchical pin 'LCLK_ADCCLK_WIZ_0/clk_in1' to 'i_4/THERMAL_SHUTDOWN_0/i_cnt_reg[27]/C'
INFO: [Synth 8-5578] Moved timing constraint from pin 'IDELAY_DISCR_CLK_WIZ_0/clk_out1' to pin 'IDELAY_DISCR_CLK_WIZ_0/bbstub_clk_out1/O'
INFO: [Synth 8-5783] Moving clock source from hierarchical pin 'IDELAY_DISCR_CLK_WIZ_0/clk_in1' to 'IBUFDGS_FPGACLK/O'
INFO: [Synth 8-5578] Moved timing constraint from pin 'IDELAY_DISCR_CLK_WIZ_0/clk_out2' to pin 'IDELAY_DISCR_CLK_WIZ_0/bbstub_clk_out2/O'
INFO: [Synth 8-5783] Moving clock source from hierarchical pin 'IDELAY_DISCR_CLK_WIZ_0/clk_in1' to 'IBUFDGS_FPGACLK/O'
INFO: [Synth 8-5578] Moved timing constraint from pin 'DDR3_TRANSFER_0/MIG_7_SERIES/ui_clk' to pin 'DDR3_TRANSFER_0/MIG_7_SERIES/bbstub_ui_clk/O'
INFO: [Synth 8-5578] Moved timing constraint from pin 'DDR3_IDELAY_CLK_WIZ_0/clk_out1' to pin 'DDR3_IDELAY_CLK_WIZ_0/bbstub_clk_out1/O'
INFO: [Synth 8-5783] Moving clock source from hierarchical pin 'DDR3_IDELAY_CLK_WIZ_0/clk_in1' to 'IBUFDGS_FPGACLK/O'
INFO: [Synth 8-5578] Moved timing constraint from pin 'DDR3_IDELAY_CLK_WIZ_0/clk_out2' to pin 'DDR3_IDELAY_CLK_WIZ_0/bbstub_clk_out2/O'
INFO: [Synth 8-5783] Moving clock source from hierarchical pin 'DDR3_IDELAY_CLK_WIZ_0/clk_in1' to 'IBUFDGS_FPGACLK/O'
INFO: [Synth 8-5819] Moved 10 constraints on hierarchical pins to their respective driving/loading pins
---------------------------------------------------------------------------------
Finished Applying XDC Timing Constraints : Time (s): cpu = 00:01:25 ; elapsed = 00:01:49 . Memory (MB): peak = 1326.219 ; gain = 759.965
---------------------------------------------------------------------------------
---------------------------------------------------------------------------------
Start Timing Optimization
---------------------------------------------------------------------------------
---------------------------------------------------------------------------------
Finished Timing Optimization : Time (s): cpu = 00:01:47 ; elapsed = 00:02:19 . Memory (MB): peak = 1520.051 ; gain = 953.797
---------------------------------------------------------------------------------

Report RTL Partitions: 
+------+--------------------+------------+----------+
|      |RTL Partition       |Replication |Instances |
+------+--------------------+------------+----------+
|1     |ADC3424_clk_IO__GC0 |           6|         2|
|2     |top__GCB0           |           1|     14331|
|3     |top__GCB1           |           1|      7530|
|4     |top__GCB2           |           1|      7530|
|5     |top__GCB3           |           1|      9633|
|6     |top__GCB4           |           1|     17657|
|7     |top__GCB5           |           1|      7530|
|8     |top__GCB6           |           1|     14330|
|9     |top__GCB8           |           1|     12844|
|10    |top__GCB10          |           1|      3259|
|11    |top__GCB11          |           1|      3987|
|12    |top__GCB12          |           1|        15|
|13    |top__GCB14          |           1|     11648|
|14    |top__GCB15          |           1|      4166|
|15    |top__GCB16          |           1|      7062|
|16    |top__GCB17          |           1|      9866|
|17    |top__GCB18          |           1|      2853|
|18    |top__GCB19          |           1|      2977|
|19    |top__GCB20          |           1|      5084|
|20    |top_GT0             |           1|     33361|
+------+--------------------+------------+----------+
---------------------------------------------------------------------------------
Start Technology Mapping
---------------------------------------------------------------------------------
---------------------------------------------------------------------------------
Finished Technology Mapping : Time (s): cpu = 00:02:04 ; elapsed = 00:02:40 . Memory (MB): peak = 1520.051 ; gain = 953.797
---------------------------------------------------------------------------------

Report RTL Partitions: 
+------+-----------------------+------------+----------+
|      |RTL Partition          |Replication |Instances |
+------+-----------------------+------------+----------+
|1     |ADC3424_clk_IO__GC0    |           1|         2|
|2     |top__GCB0              |           1|      9452|
|3     |top__GCB1              |           1|      4297|
|4     |top__GCB2              |           1|      4297|
|5     |top__GCB3              |           1|      6409|
|6     |top__GCB4              |           1|     10312|
|7     |top__GCB5              |           1|      4297|
|8     |top__GCB6              |           1|      9451|
|9     |top__GCB8              |           1|      8545|
|10    |top__GCB10             |           1|      2176|
|11    |top__GCB11             |           1|      2687|
|12    |top__GCB12             |           1|        10|
|13    |top__GCB14             |           1|      7671|
|14    |top__GCB15             |           1|      2437|
|15    |top__GCB16             |           1|      3424|
|16    |top__GCB17             |           1|      6415|
|17    |top__GCB18             |           1|      1485|
|18    |top__GCB19             |           1|      1480|
|19    |top__GCB20             |           1|      2927|
|20    |top_GT0                |           1|     21023|
|21    |ADC3424_clk_IO__GC0__1 |           1|         2|
|22    |ADC3424_clk_IO__GC0__2 |           1|         2|
|23    |ADC3424_clk_IO__GC0__3 |           1|         2|
|24    |ADC3424_clk_IO__GC0__4 |           1|         2|
|25    |ADC3424_clk_IO__GC0__5 |           1|         2|
+------+-----------------------+------------+----------+
---------------------------------------------------------------------------------
Start IO Insertion
---------------------------------------------------------------------------------
---------------------------------------------------------------------------------
Start Flattening Before IO Insertion
---------------------------------------------------------------------------------
---------------------------------------------------------------------------------
Finished Flattening Before IO Insertion
---------------------------------------------------------------------------------
---------------------------------------------------------------------------------
Start Final Netlist Cleanup
---------------------------------------------------------------------------------
INFO: [Synth 8-5365] Flop PULSER_5/out_bits_reg[0] is being inverted and renamed to PULSER_5/out_bits_reg[0]_inv.
INFO: [Synth 8-5365] Flop PULSER_5/out_bits_reg[1] is being inverted and renamed to PULSER_5/out_bits_reg[1]_inv.
INFO: [Synth 8-5365] Flop PULSER_5/out_bits_reg[2] is being inverted and renamed to PULSER_5/out_bits_reg[2]_inv.
INFO: [Synth 8-5365] Flop PULSER_5/out_bits_reg[3] is being inverted and renamed to PULSER_5/out_bits_reg[3]_inv.
INFO: [Synth 8-5365] Flop PULSER_5/out_bits_reg[4] is being inverted and renamed to PULSER_5/out_bits_reg[4]_inv.
INFO: [Synth 8-5365] Flop PULSER_5/out_bits_reg[5] is being inverted and renamed to PULSER_5/out_bits_reg[5]_inv.
INFO: [Synth 8-5365] Flop PULSER_5/out_bits_reg[6] is being inverted and renamed to PULSER_5/out_bits_reg[6]_inv.
INFO: [Synth 8-5365] Flop PULSER_4/out_bits_reg[0] is being inverted and renamed to PULSER_4/out_bits_reg[0]_inv.
INFO: [Synth 8-5365] Flop PULSER_4/out_bits_reg[1] is being inverted and renamed to PULSER_4/out_bits_reg[1]_inv.
INFO: [Synth 8-5365] Flop PULSER_4/out_bits_reg[2] is being inverted and renamed to PULSER_4/out_bits_reg[2]_inv.
INFO: [Synth 8-5365] Flop PULSER_4/out_bits_reg[3] is being inverted and renamed to PULSER_4/out_bits_reg[3]_inv.
INFO: [Synth 8-5365] Flop PULSER_4/out_bits_reg[4] is being inverted and renamed to PULSER_4/out_bits_reg[4]_inv.
INFO: [Synth 8-5365] Flop PULSER_4/out_bits_reg[5] is being inverted and renamed to PULSER_4/out_bits_reg[5]_inv.
INFO: [Synth 8-5365] Flop PULSER_4/out_bits_reg[6] is being inverted and renamed to PULSER_4/out_bits_reg[6]_inv.
INFO: [Synth 8-5365] Flop PULSER_3/out_bits_reg[0] is being inverted and renamed to PULSER_3/out_bits_reg[0]_inv.
INFO: [Synth 8-5365] Flop PULSER_3/out_bits_reg[1] is being inverted and renamed to PULSER_3/out_bits_reg[1]_inv.
INFO: [Synth 8-5365] Flop PULSER_3/out_bits_reg[2] is being inverted and renamed to PULSER_3/out_bits_reg[2]_inv.
INFO: [Synth 8-5365] Flop PULSER_3/out_bits_reg[3] is being inverted and renamed to PULSER_3/out_bits_reg[3]_inv.
INFO: [Synth 8-5365] Flop PULSER_3/out_bits_reg[4] is being inverted and renamed to PULSER_3/out_bits_reg[4]_inv.
INFO: [Synth 8-5365] Flop PULSER_3/out_bits_reg[5] is being inverted and renamed to PULSER_3/out_bits_reg[5]_inv.
INFO: [Synth 8-5365] Flop PULSER_3/out_bits_reg[6] is being inverted and renamed to PULSER_3/out_bits_reg[6]_inv.
INFO: [Synth 8-5365] Flop PULSER_2/out_bits_reg[0] is being inverted and renamed to PULSER_2/out_bits_reg[0]_inv.
INFO: [Synth 8-5365] Flop PULSER_2/out_bits_reg[1] is being inverted and renamed to PULSER_2/out_bits_reg[1]_inv.
INFO: [Synth 8-5365] Flop PULSER_2/out_bits_reg[2] is being inverted and renamed to PULSER_2/out_bits_reg[2]_inv.
INFO: [Synth 8-5365] Flop PULSER_2/out_bits_reg[3] is being inverted and renamed to PULSER_2/out_bits_reg[3]_inv.
INFO: [Synth 8-5365] Flop PULSER_2/out_bits_reg[4] is being inverted and renamed to PULSER_2/out_bits_reg[4]_inv.
INFO: [Synth 8-5365] Flop PULSER_2/out_bits_reg[5] is being inverted and renamed to PULSER_2/out_bits_reg[5]_inv.
INFO: [Synth 8-5365] Flop PULSER_2/out_bits_reg[6] is being inverted and renamed to PULSER_2/out_bits_reg[6]_inv.
INFO: [Synth 8-5365] Flop PULSER_1/out_bits_reg[0] is being inverted and renamed to PULSER_1/out_bits_reg[0]_inv.
INFO: [Synth 8-5365] Flop PULSER_1/out_bits_reg[1] is being inverted and renamed to PULSER_1/out_bits_reg[1]_inv.
INFO: [Synth 8-5365] Flop PULSER_1/out_bits_reg[2] is being inverted and renamed to PULSER_1/out_bits_reg[2]_inv.
INFO: [Synth 8-5365] Flop PULSER_1/out_bits_reg[3] is being inverted and renamed to PULSER_1/out_bits_reg[3]_inv.
INFO: [Synth 8-5365] Flop PULSER_1/out_bits_reg[4] is being inverted and renamed to PULSER_1/out_bits_reg[4]_inv.
INFO: [Synth 8-5365] Flop PULSER_1/out_bits_reg[5] is being inverted and renamed to PULSER_1/out_bits_reg[5]_inv.
INFO: [Synth 8-5365] Flop PULSER_1/out_bits_reg[6] is being inverted and renamed to PULSER_1/out_bits_reg[6]_inv.
INFO: [Synth 8-5365] Flop PULSER_0/out_bits_reg[0] is being inverted and renamed to PULSER_0/out_bits_reg[0]_inv.
INFO: [Synth 8-5365] Flop PULSER_0/out_bits_reg[1] is being inverted and renamed to PULSER_0/out_bits_reg[1]_inv.
INFO: [Synth 8-5365] Flop PULSER_0/out_bits_reg[2] is being inverted and renamed to PULSER_0/out_bits_reg[2]_inv.
INFO: [Synth 8-5365] Flop PULSER_0/out_bits_reg[3] is being inverted and renamed to PULSER_0/out_bits_reg[3]_inv.
INFO: [Synth 8-5365] Flop PULSER_0/out_bits_reg[4] is being inverted and renamed to PULSER_0/out_bits_reg[4]_inv.
INFO: [Synth 8-5365] Flop PULSER_0/out_bits_reg[5] is being inverted and renamed to PULSER_0/out_bits_reg[5]_inv.
INFO: [Synth 8-5365] Flop PULSER_0/out_bits_reg[6] is being inverted and renamed to PULSER_0/out_bits_reg[6]_inv.
INFO: [Synth 8-4618] Found max_fanout attribute set to 20 on net i_fmc_din_1[0]. Fanout reduced from 26 to 13 by creating 1 replicas.
INFO: [Synth 8-4618] Found max_fanout attribute set to 5 on net \waveform_acq_gen[4].WFM_ACQ/WVB/hdr_data_in [58]. Fanout reduced from 15 to 4 by creating 3 replicas.
INFO: [Synth 8-4618] Found max_fanout attribute set to 5 on net \waveform_acq_gen[4].WFM_ACQ/WVB/hdr_data_in [59]. Fanout reduced from 14 to 4 by creating 3 replicas.
INFO: [Synth 8-4618] Found max_fanout attribute set to 5 on net \waveform_acq_gen[4].WFM_ACQ/WVB/hdr_data_in [60]. Fanout reduced from 13 to 5 by creating 2 replicas.
INFO: [Synth 8-4618] Found max_fanout attribute set to 5 on net \waveform_acq_gen[4].WFM_ACQ/WVB/hdr_data_in [61]. Fanout reduced from 12 to 3 by creating 3 replicas.
INFO: [Synth 8-4618] Found max_fanout attribute set to 5 on net \waveform_acq_gen[4].WFM_ACQ/WVB/hdr_data_in [62]. Fanout reduced from 11 to 4 by creating 2 replicas.
INFO: [Synth 8-4618] Found max_fanout attribute set to 5 on net \waveform_acq_gen[4].WFM_ACQ/WVB/hdr_data_in [63]. Fanout reduced from 12 to 3 by creating 3 replicas.
INFO: [Synth 8-4618] Found max_fanout attribute set to 5 on net \waveform_acq_gen[4].WFM_ACQ/WVB/hdr_data_in [64]. Fanout reduced from 11 to 4 by creating 2 replicas.
INFO: [Synth 8-4618] Found max_fanout attribute set to 5 on net \waveform_acq_gen[4].WFM_ACQ/WVB/hdr_data_in [65]. Fanout reduced from 10 to 4 by creating 2 replicas.
INFO: [Synth 8-4618] Found max_fanout attribute set to 5 on net \waveform_acq_gen[4].WFM_ACQ/WVB/hdr_data_in [66]. Fanout reduced from 8 to 3 by creating 2 replicas.
INFO: [Synth 8-4618] Found max_fanout attribute set to 20 on net \waveform_acq_gen[4].WFM_ACQ/i_rst . Fanout reduced from 41 to 12 by creating 3 replicas.
INFO: [Synth 8-4618] Found max_fanout attribute set to 5 on net \waveform_acq_gen[3].WFM_ACQ/WVB/hdr_data_in [58]. Fanout reduced from 15 to 4 by creating 3 replicas.
INFO: [Synth 8-4618] Found max_fanout attribute set to 5 on net \waveform_acq_gen[3].WFM_ACQ/WVB/hdr_data_in [59]. Fanout reduced from 14 to 4 by creating 3 replicas.
INFO: [Synth 8-4618] Found max_fanout attribute set to 5 on net \waveform_acq_gen[3].WFM_ACQ/WVB/hdr_data_in [60]. Fanout reduced from 13 to 5 by creating 2 replicas.
INFO: [Synth 8-4618] Found max_fanout attribute set to 5 on net \waveform_acq_gen[3].WFM_ACQ/WVB/hdr_data_in [61]. Fanout reduced from 12 to 3 by creating 3 replicas.
INFO: [Synth 8-4618] Found max_fanout attribute set to 5 on net \waveform_acq_gen[3].WFM_ACQ/WVB/hdr_data_in [62]. Fanout reduced from 11 to 4 by creating 2 replicas.
INFO: [Synth 8-4618] Found max_fanout attribute set to 5 on net \waveform_acq_gen[3].WFM_ACQ/WVB/hdr_data_in [63]. Fanout reduced from 12 to 3 by creating 3 replicas.
INFO: [Synth 8-4618] Found max_fanout attribute set to 5 on net \waveform_acq_gen[3].WFM_ACQ/WVB/hdr_data_in [64]. Fanout reduced from 11 to 4 by creating 2 replicas.
INFO: [Synth 8-4618] Found max_fanout attribute set to 5 on net \waveform_acq_gen[3].WFM_ACQ/WVB/hdr_data_in [65]. Fanout reduced from 10 to 4 by creating 2 replicas.
INFO: [Synth 8-4618] Found max_fanout attribute set to 5 on net \waveform_acq_gen[3].WFM_ACQ/WVB/hdr_data_in [66]. Fanout reduced from 8 to 3 by creating 2 replicas.
INFO: [Synth 8-4618] Found max_fanout attribute set to 20 on net \waveform_acq_gen[3].WFM_ACQ/i_rst . Fanout reduced from 41 to 12 by creating 3 replicas.
INFO: [Synth 8-4618] Found max_fanout attribute set to 5 on net \waveform_acq_gen[2].WFM_ACQ/WVB/hdr_data_in [58]. Fanout reduced from 15 to 4 by creating 3 replicas.
INFO: [Synth 8-4618] Found max_fanout attribute set to 5 on net \waveform_acq_gen[2].WFM_ACQ/WVB/hdr_data_in [59]. Fanout reduced from 14 to 4 by creating 3 replicas.
INFO: [Synth 8-4618] Found max_fanout attribute set to 5 on net \waveform_acq_gen[2].WFM_ACQ/WVB/hdr_data_in [60]. Fanout reduced from 13 to 5 by creating 2 replicas.
INFO: [Synth 8-4618] Found max_fanout attribute set to 5 on net \waveform_acq_gen[2].WFM_ACQ/WVB/hdr_data_in [61]. Fanout reduced from 12 to 3 by creating 3 replicas.
INFO: [Synth 8-4618] Found max_fanout attribute set to 5 on net \waveform_acq_gen[2].WFM_ACQ/WVB/hdr_data_in [62]. Fanout reduced from 11 to 4 by creating 2 replicas.
INFO: [Synth 8-4618] Found max_fanout attribute set to 5 on net \waveform_acq_gen[2].WFM_ACQ/WVB/hdr_data_in [63]. Fanout reduced from 12 to 3 by creating 3 replicas.
INFO: [Synth 8-4618] Found max_fanout attribute set to 5 on net \waveform_acq_gen[2].WFM_ACQ/WVB/hdr_data_in [64]. Fanout reduced from 11 to 4 by creating 2 replicas.
INFO: [Synth 8-4618] Found max_fanout attribute set to 5 on net \waveform_acq_gen[2].WFM_ACQ/WVB/hdr_data_in [65]. Fanout reduced from 10 to 4 by creating 2 replicas.
INFO: [Synth 8-4618] Found max_fanout attribute set to 5 on net \waveform_acq_gen[2].WFM_ACQ/WVB/hdr_data_in [66]. Fanout reduced from 8 to 3 by creating 2 replicas.
INFO: [Synth 8-4618] Found max_fanout attribute set to 20 on net \waveform_acq_gen[2].WFM_ACQ/i_rst . Fanout reduced from 41 to 12 by creating 3 replicas.
INFO: [Synth 8-4618] Found max_fanout attribute set to 5 on net scaler_period[0]. Fanout reduced from 49 to 5 by creating 9 replicas.
INFO: [Synth 8-4618] Found max_fanout attribute set to 5 on net scaler_period[1]. Fanout reduced from 49 to 5 by creating 9 replicas.
INFO: [Synth 8-4618] Found max_fanout attribute set to 5 on net scaler_period[2]. Fanout reduced from 49 to 5 by creating 9 replicas.
INFO: [Synth 8-4618] Found max_fanout attribute set to 5 on net scaler_period[3]. Fanout reduced from 49 to 5 by creating 9 replicas.
INFO: [Synth 8-4618] Found max_fanout attribute set to 5 on net scaler_period[4]. Fanout reduced from 49 to 5 by creating 9 replicas.
INFO: [Synth 8-4618] Found max_fanout attribute set to 5 on net scaler_period[5]. Fanout reduced from 49 to 5 by creating 9 replicas.
INFO: [Synth 8-4618] Found max_fanout attribute set to 5 on net scaler_period[6]. Fanout reduced from 49 to 5 by creating 9 replicas.
INFO: [Synth 8-4618] Found max_fanout attribute set to 5 on net scaler_period[7]. Fanout reduced from 49 to 5 by creating 9 replicas.
INFO: [Synth 8-4618] Found max_fanout attribute set to 5 on net scaler_period[8]. Fanout reduced from 49 to 5 by creating 9 replicas.
INFO: [Synth 8-4618] Found max_fanout attribute set to 5 on net scaler_period[9]. Fanout reduced from 49 to 5 by creating 9 replicas.
INFO: [Synth 8-4618] Found max_fanout attribute set to 5 on net scaler_period[10]. Fanout reduced from 49 to 5 by creating 9 replicas.
INFO: [Synth 8-4618] Found max_fanout attribute set to 5 on net scaler_period[11]. Fanout reduced from 49 to 5 by creating 9 replicas.
INFO: [Synth 8-4618] Found max_fanout attribute set to 5 on net scaler_period[12]. Fanout reduced from 49 to 5 by creating 9 replicas.
INFO: [Synth 8-4618] Found max_fanout attribute set to 5 on net scaler_period[13]. Fanout reduced from 49 to 5 by creating 9 replicas.
INFO: [Synth 8-4618] Found max_fanout attribute set to 5 on net scaler_period[14]. Fanout reduced from 49 to 5 by creating 9 replicas.
INFO: [Synth 8-4618] Found max_fanout attribute set to 5 on net scaler_period[15]. Fanout reduced from 49 to 5 by creating 9 replicas.
INFO: [Synth 8-4618] Found max_fanout attribute set to 5 on net scaler_period[16]. Fanout reduced from 49 to 5 by creating 9 replicas.
INFO: [Synth 8-4618] Found max_fanout attribute set to 5 on net scaler_period[17]. Fanout reduced from 49 to 5 by creating 9 replicas.
INFO: [Synth 8-4618] Found max_fanout attribute set to 5 on net scaler_period[18]. Fanout reduced from 49 to 5 by creating 9 replicas.
INFO: [Synth 8-4618] Found max_fanout attribute set to 5 on net scaler_period[19]. Fanout reduced from 49 to 5 by creating 9 replicas.
INFO: [Synth 8-4618] Found max_fanout attribute set to 5 on net scaler_period[20]. Fanout reduced from 49 to 5 by creating 9 replicas.
INFO: [Synth 8-4618] Found max_fanout attribute set to 5 on net scaler_period[21]. Fanout reduced from 49 to 5 by creating 9 replicas.
INFO: [Synth 8-4618] Found max_fanout attribute set to 5 on net scaler_period[22]. Fanout reduced from 49 to 5 by creating 9 replicas.
INFO: [Synth 8-4618] Found max_fanout attribute set to 5 on net scaler_period[23]. Fanout reduced from 49 to 5 by creating 9 replicas.
INFO: [Synth 8-4618] Found max_fanout attribute set to 5 on net scaler_period[24]. Fanout reduced from 49 to 5 by creating 9 replicas.
INFO: [Synth 8-4618] Found max_fanout attribute set to 5 on net scaler_period[25]. Fanout reduced from 49 to 5 by creating 9 replicas.
INFO: [Synth 8-4618] Found max_fanout attribute set to 5 on net scaler_period[26]. Fanout reduced from 49 to 5 by creating 9 replicas.
INFO: [Synth 8-4618] Found max_fanout attribute set to 5 on net scaler_period[27]. Fanout reduced from 49 to 5 by creating 9 replicas.
INFO: [Synth 8-4618] Found max_fanout attribute set to 5 on net scaler_period[28]. Fanout reduced from 49 to 5 by creating 9 replicas.
INFO: [Synth 8-4618] Found max_fanout attribute set to 5 on net scaler_period[29]. Fanout reduced from 49 to 5 by creating 9 replicas.
INFO: [Synth 8-4618] Found max_fanout attribute set to 5 on net scaler_period[30]. Fanout reduced from 49 to 5 by creating 9 replicas.
INFO: [Synth 8-4618] Found max_fanout attribute set to 5 on net scaler_period[31]. Fanout reduced from 49 to 5 by creating 9 replicas.
INFO: [Synth 8-4618] Found max_fanout attribute set to 5 on net scaler_inhibit_len[0]. Fanout reduced from 48 to 5 by creating 9 replicas.
INFO: [Synth 8-4618] Found max_fanout attribute set to 5 on net scaler_inhibit_len[1]. Fanout reduced from 48 to 5 by creating 9 replicas.
INFO: [Synth 8-4618] Found max_fanout attribute set to 5 on net scaler_inhibit_len[2]. Fanout reduced from 48 to 5 by creating 9 replicas.
INFO: [Synth 8-4618] Found max_fanout attribute set to 5 on net scaler_inhibit_len[3]. Fanout reduced from 48 to 5 by creating 9 replicas.
INFO: [Synth 8-4618] Found max_fanout attribute set to 5 on net scaler_inhibit_len[4]. Fanout reduced from 48 to 5 by creating 9 replicas.
INFO: [Synth 8-4618] Found max_fanout attribute set to 5 on net scaler_inhibit_len[5]. Fanout reduced from 48 to 5 by creating 9 replicas.
INFO: [Synth 8-4618] Found max_fanout attribute set to 5 on net scaler_inhibit_len[6]. Fanout reduced from 48 to 5 by creating 9 replicas.
INFO: [Synth 8-4618] Found max_fanout attribute set to 5 on net scaler_inhibit_len[7]. Fanout reduced from 48 to 5 by creating 9 replicas.
INFO: [Synth 8-4618] Found max_fanout attribute set to 5 on net scaler_inhibit_len[8]. Fanout reduced from 48 to 5 by creating 9 replicas.
INFO: [Synth 8-4618] Found max_fanout attribute set to 5 on net scaler_inhibit_len[9]. Fanout reduced from 48 to 5 by creating 9 replicas.
INFO: [Synth 8-4618] Found max_fanout attribute set to 5 on net scaler_inhibit_len[10]. Fanout reduced from 48 to 5 by creating 9 replicas.
INFO: [Synth 8-4618] Found max_fanout attribute set to 5 on net scaler_inhibit_len[11]. Fanout reduced from 48 to 5 by creating 9 replicas.
INFO: [Synth 8-4618] Found max_fanout attribute set to 5 on net scaler_inhibit_len[12]. Fanout reduced from 48 to 5 by creating 9 replicas.
INFO: [Synth 8-4618] Found max_fanout attribute set to 5 on net scaler_inhibit_len[13]. Fanout reduced from 48 to 5 by creating 9 replicas.
INFO: [Synth 8-4618] Found max_fanout attribute set to 5 on net scaler_inhibit_len[14]. Fanout reduced from 48 to 5 by creating 9 replicas.
INFO: [Synth 8-4618] Found max_fanout attribute set to 5 on net scaler_inhibit_len[15]. Fanout reduced from 48 to 5 by creating 9 replicas.
INFO: [Synth 8-4618] Found max_fanout attribute set to 5 on net scaler_inhibit_len[16]. Fanout reduced from 48 to 5 by creating 9 replicas.
INFO: [Synth 8-4618] Found max_fanout attribute set to 5 on net scaler_inhibit_len[17]. Fanout reduced from 48 to 5 by creating 9 replicas.
INFO: [Synth 8-4618] Found max_fanout attribute set to 5 on net scaler_inhibit_len[18]. Fanout reduced from 48 to 5 by creating 9 replicas.
INFO: [Synth 8-4618] Found max_fanout attribute set to 5 on net scaler_inhibit_len[19]. Fanout reduced from 48 to 5 by creating 9 replicas.
INFO: [Synth 8-4618] Found max_fanout attribute set to 5 on net scaler_inhibit_len[20]. Fanout reduced from 48 to 5 by creating 9 replicas.
INFO: [Synth 8-4618] Found max_fanout attribute set to 5 on net scaler_inhibit_len[21]. Fanout reduced from 48 to 5 by creating 9 replicas.
INFO: [Synth 8-4618] Found max_fanout attribute set to 5 on net scaler_inhibit_len[22]. Fanout reduced from 48 to 5 by creating 9 replicas.
INFO: [Synth 8-4618] Found max_fanout attribute set to 5 on net scaler_inhibit_len[23]. Fanout reduced from 48 to 5 by creating 9 replicas.
INFO: [Synth 8-4618] Found max_fanout attribute set to 5 on net scaler_inhibit_len[24]. Fanout reduced from 48 to 5 by creating 9 replicas.
INFO: [Synth 8-4618] Found max_fanout attribute set to 5 on net scaler_inhibit_len[25]. Fanout reduced from 48 to 5 by creating 9 replicas.
INFO: [Synth 8-4618] Found max_fanout attribute set to 5 on net scaler_inhibit_len[26]. Fanout reduced from 48 to 5 by creating 9 replicas.
INFO: [Synth 8-4618] Found max_fanout attribute set to 5 on net scaler_inhibit_len[27]. Fanout reduced from 48 to 5 by creating 9 replicas.
INFO: [Synth 8-4618] Found max_fanout attribute set to 5 on net scaler_inhibit_len[28]. Fanout reduced from 48 to 5 by creating 9 replicas.
INFO: [Synth 8-4618] Found max_fanout attribute set to 5 on net scaler_inhibit_len[29]. Fanout reduced from 48 to 5 by creating 9 replicas.
INFO: [Synth 8-4618] Found max_fanout attribute set to 5 on net scaler_inhibit_len[30]. Fanout reduced from 48 to 5 by creating 9 replicas.
INFO: [Synth 8-4618] Found max_fanout attribute set to 5 on net scaler_inhibit_len[31]. Fanout reduced from 48 to 5 by creating 9 replicas.
INFO: [Synth 8-4618] Found max_fanout attribute set to 5 on net \waveform_acq_gen[23].WFM_ACQ/WVB/hdr_data_in [58]. Fanout reduced from 15 to 4 by creating 3 replicas.
INFO: [Synth 8-4618] Found max_fanout attribute set to 5 on net \waveform_acq_gen[23].WFM_ACQ/WVB/hdr_data_in [59]. Fanout reduced from 14 to 4 by creating 3 replicas.
INFO: [Synth 8-4618] Found max_fanout attribute set to 5 on net \waveform_acq_gen[23].WFM_ACQ/WVB/hdr_data_in [60]. Fanout reduced from 13 to 5 by creating 2 replicas.
INFO: [Synth 8-4618] Found max_fanout attribute set to 5 on net \waveform_acq_gen[23].WFM_ACQ/WVB/hdr_data_in [61]. Fanout reduced from 12 to 3 by creating 3 replicas.
INFO: [Synth 8-4618] Found max_fanout attribute set to 5 on net \waveform_acq_gen[23].WFM_ACQ/WVB/hdr_data_in [62]. Fanout reduced from 11 to 4 by creating 2 replicas.
INFO: [Common 17-14] Message 'Synth 8-4618' appears 100 times and further instances of the messages will be disabled. Use the Tcl command set_msg_config to change the current settings.
---------------------------------------------------------------------------------
Finished Final Netlist Cleanup
---------------------------------------------------------------------------------
---------------------------------------------------------------------------------
Finished IO Insertion : Time (s): cpu = 00:02:13 ; elapsed = 00:02:51 . Memory (MB): peak = 1520.051 ; gain = 953.797
---------------------------------------------------------------------------------

Report Check Netlist: 
+------+------------------+-------+---------+-------+------------------+
|      |Item              |Errors |Warnings |Status |Description       |
+------+------------------+-------+---------+-------+------------------+
|1     |multi_driven_nets |      0|        0|Passed |Multi driven nets |
+------+------------------+-------+---------+-------+------------------+
---------------------------------------------------------------------------------
Start Renaming Generated Instances
---------------------------------------------------------------------------------
---------------------------------------------------------------------------------
Finished Renaming Generated Instances : Time (s): cpu = 00:02:13 ; elapsed = 00:02:51 . Memory (MB): peak = 1520.051 ; gain = 953.797
---------------------------------------------------------------------------------

Report RTL Partitions: 
+-+--------------+------------+----------+
| |RTL Partition |Replication |Instances |
+-+--------------+------------+----------+
+-+--------------+------------+----------+
---------------------------------------------------------------------------------
Start Rebuilding User Hierarchy
---------------------------------------------------------------------------------
---------------------------------------------------------------------------------
Finished Rebuilding User Hierarchy : Time (s): cpu = 00:02:21 ; elapsed = 00:03:01 . Memory (MB): peak = 1520.051 ; gain = 953.797
---------------------------------------------------------------------------------
---------------------------------------------------------------------------------
Start Renaming Generated Ports
---------------------------------------------------------------------------------
---------------------------------------------------------------------------------
Finished Renaming Generated Ports : Time (s): cpu = 00:02:21 ; elapsed = 00:03:02 . Memory (MB): peak = 1520.051 ; gain = 953.797
---------------------------------------------------------------------------------
---------------------------------------------------------------------------------
Start Handling Custom Attributes
---------------------------------------------------------------------------------
---------------------------------------------------------------------------------
Finished Handling Custom Attributes : Time (s): cpu = 00:02:23 ; elapsed = 00:03:03 . Memory (MB): peak = 1520.051 ; gain = 953.797
---------------------------------------------------------------------------------
---------------------------------------------------------------------------------
Start Renaming Generated Nets
---------------------------------------------------------------------------------
---------------------------------------------------------------------------------
Finished Renaming Generated Nets : Time (s): cpu = 00:02:23 ; elapsed = 00:03:04 . Memory (MB): peak = 1520.051 ; gain = 953.797
---------------------------------------------------------------------------------
---------------------------------------------------------------------------------
Start ROM, RAM, DSP and Shift Register Reporting
---------------------------------------------------------------------------------

Static Shift Register Report:
+------------+-----------------------------------------------------------------------------------+--------+-------+--------------+--------------------+-------------------+--------+---------+
|Module Name | RTL Name                                                                          | Length | Width | Reset Signal | Pull out first Reg | Pull out last Reg | SRL16E | SRLC32E | 
+------------+-----------------------------------------------------------------------------------+--------+-------+--------------+--------------------+-------------------+--------+---------+
|top         | waveform_acq_gen[18].WFM_ACQ/ROLLING_BSUM/samp_delay/delay_n.dn/old_words_reg[59] | 5      | 288   | NO           | NO                 | YES               | 288    | 0       | 
|top         | genblk2[0].n_wvf_in_scdb_3_reg[0][10]                                             | 3      | 69    | NO           | NO                 | YES               | 69     | 0       | 
|top         | adc_discr_iface_gen[1].ADC_DISCR_CHAN/DISC_DEL_0/delay_n.dn/old_words_reg[79]     | 11     | 192   | NO           | NO                 | YES               | 192    | 0       | 
+------------+-----------------------------------------------------------------------------------+--------+-------+--------------+--------------------+-------------------+--------+---------+

---------------------------------------------------------------------------------
Finished ROM, RAM, DSP and Shift Register Reporting
---------------------------------------------------------------------------------
---------------------------------------------------------------------------------
Start Writing Synthesis Report
---------------------------------------------------------------------------------

Report BlackBoxes: 
+------+---------------------------+----------+
|      |BlackBox name              |Instances |
+------+---------------------------+----------+
|1     |lclk_adcclk_wiz            |         1|
|2     |idelay_discr_clk_wiz       |         1|
|3     |ddr3_idelay_clk_wiz        |         1|
|4     |mig_7series_0              |         1|
|5     |HBUF_DDR3_PG_DOUBLE_BUFFER |         1|
|6     |HBUF_RDOUT_DOUBLE_BUFFER   |         1|
|7     |FIFO_1024_16               |         2|
|8     |OVERFLOW_FIFO              |         1|
|9     |AFE_PULSER_OUTPUT          |         6|
|10    |XDOM_DDR3_PG               |         1|
|11    |DIRECT_RDOUT_DPRAM         |         1|
|12    |FIFO_2048_32               |         3|
|13    |ADC_SERDES                 |        48|
|14    |DISCR_SERDES               |        24|
|15    |FIFO_1024_117              |         3|
|16    |MDOM_SECONDARY_BUFFER      |         3|
|17    |DIST_BUFFER_128_12         |        24|
|18    |DIST_BUFFER_32_22          |        24|
|19    |MDOM_CHANNEL_BUFFER        |        24|
|20    |MDOM_CHANNEL_HDR_FIFO      |        24|
+------+---------------------------+----------+

Report Cell Usage: 
+------+---------------------------+------+
|      |Cell                       |Count |
+------+---------------------------+------+
|1     |ADC_SERDES                 |     1|
|2     |ADC_SERDES__48             |     1|
|3     |ADC_SERDES__49             |     1|
|4     |ADC_SERDES__50             |     1|
|5     |ADC_SERDES__51             |     1|
|6     |ADC_SERDES__52             |     1|
|7     |ADC_SERDES__53             |     1|
|8     |ADC_SERDES__54             |     1|
|9     |ADC_SERDES__55             |     1|
|10    |ADC_SERDES__56             |     1|
|11    |ADC_SERDES__57             |     1|
|12    |ADC_SERDES__58             |     1|
|13    |ADC_SERDES__59             |     1|
|14    |ADC_SERDES__60             |     1|
|15    |ADC_SERDES__61             |     1|
|16    |ADC_SERDES__62             |     1|
|17    |ADC_SERDES__63             |     1|
|18    |ADC_SERDES__64             |     1|
|19    |ADC_SERDES__65             |     1|
|20    |ADC_SERDES__66             |     1|
|21    |ADC_SERDES__67             |     1|
|22    |ADC_SERDES__68             |     1|
|23    |ADC_SERDES__69             |     1|
|24    |ADC_SERDES__70             |     1|
|25    |ADC_SERDES__71             |     1|
|26    |ADC_SERDES__72             |     1|
|27    |ADC_SERDES__73             |     1|
|28    |ADC_SERDES__74             |     1|
|29    |ADC_SERDES__75             |     1|
|30    |ADC_SERDES__76             |     1|
|31    |ADC_SERDES__77             |     1|
|32    |ADC_SERDES__78             |     1|
|33    |ADC_SERDES__79             |     1|
|34    |ADC_SERDES__80             |     1|
|35    |ADC_SERDES__81             |     1|
|36    |ADC_SERDES__82             |     1|
|37    |ADC_SERDES__83             |     1|
|38    |ADC_SERDES__84             |     1|
|39    |ADC_SERDES__85             |     1|
|40    |ADC_SERDES__86             |     1|
|41    |ADC_SERDES__87             |     1|
|42    |ADC_SERDES__88             |     1|
|43    |ADC_SERDES__89             |     1|
|44    |ADC_SERDES__90             |     1|
|45    |ADC_SERDES__91             |     1|
|46    |ADC_SERDES__92             |     1|
|47    |ADC_SERDES__93             |     1|
|48    |ADC_SERDES__94             |     1|
|49    |AFE_PULSER_OUTPUT          |     1|
|50    |AFE_PULSER_OUTPUT__10      |     1|
|51    |AFE_PULSER_OUTPUT__6       |     1|
|52    |AFE_PULSER_OUTPUT__7       |     1|
|53    |AFE_PULSER_OUTPUT__8       |     1|
|54    |AFE_PULSER_OUTPUT__9       |     1|
|55    |DIRECT_RDOUT_DPRAM         |     1|
|56    |DISCR_SERDES               |     1|
|57    |DISCR_SERDES__24           |     1|
|58    |DISCR_SERDES__25           |     1|
|59    |DISCR_SERDES__26           |     1|
|60    |DISCR_SERDES__27           |     1|
|61    |DISCR_SERDES__28           |     1|
|62    |DISCR_SERDES__29           |     1|
|63    |DISCR_SERDES__30           |     1|
|64    |DISCR_SERDES__31           |     1|
|65    |DISCR_SERDES__32           |     1|
|66    |DISCR_SERDES__33           |     1|
|67    |DISCR_SERDES__34           |     1|
|68    |DISCR_SERDES__35           |     1|
|69    |DISCR_SERDES__36           |     1|
|70    |DISCR_SERDES__37           |     1|
|71    |DISCR_SERDES__38           |     1|
|72    |DISCR_SERDES__39           |     1|
|73    |DISCR_SERDES__40           |     1|
|74    |DISCR_SERDES__41           |     1|
|75    |DISCR_SERDES__42           |     1|
|76    |DISCR_SERDES__43           |     1|
|77    |DISCR_SERDES__44           |     1|
|78    |DISCR_SERDES__45           |     1|
|79    |DISCR_SERDES__46           |     1|
|80    |DIST_BUFFER_128_12         |     1|
|81    |DIST_BUFFER_128_12__24     |     1|
|82    |DIST_BUFFER_128_12__25     |     1|
|83    |DIST_BUFFER_128_12__26     |     1|
|84    |DIST_BUFFER_128_12__27     |     1|
|85    |DIST_BUFFER_128_12__28     |     1|
|86    |DIST_BUFFER_128_12__29     |     1|
|87    |DIST_BUFFER_128_12__30     |     1|
|88    |DIST_BUFFER_128_12__31     |     1|
|89    |DIST_BUFFER_128_12__32     |     1|
|90    |DIST_BUFFER_128_12__33     |     1|
|91    |DIST_BUFFER_128_12__34     |     1|
|92    |DIST_BUFFER_128_12__35     |     1|
|93    |DIST_BUFFER_128_12__36     |     1|
|94    |DIST_BUFFER_128_12__37     |     1|
|95    |DIST_BUFFER_128_12__38     |     1|
|96    |DIST_BUFFER_128_12__39     |     1|
|97    |DIST_BUFFER_128_12__40     |     1|
|98    |DIST_BUFFER_128_12__41     |     1|
|99    |DIST_BUFFER_128_12__42     |     1|
|100   |DIST_BUFFER_128_12__43     |     1|
|101   |DIST_BUFFER_128_12__44     |     1|
|102   |DIST_BUFFER_128_12__45     |     1|
|103   |DIST_BUFFER_128_12__46     |     1|
|104   |DIST_BUFFER_32_22          |     1|
|105   |DIST_BUFFER_32_22__24      |     1|
|106   |DIST_BUFFER_32_22__25      |     1|
|107   |DIST_BUFFER_32_22__26      |     1|
|108   |DIST_BUFFER_32_22__27      |     1|
|109   |DIST_BUFFER_32_22__28      |     1|
|110   |DIST_BUFFER_32_22__29      |     1|
|111   |DIST_BUFFER_32_22__30      |     1|
|112   |DIST_BUFFER_32_22__31      |     1|
|113   |DIST_BUFFER_32_22__32      |     1|
|114   |DIST_BUFFER_32_22__33      |     1|
|115   |DIST_BUFFER_32_22__34      |     1|
|116   |DIST_BUFFER_32_22__35      |     1|
|117   |DIST_BUFFER_32_22__36      |     1|
|118   |DIST_BUFFER_32_22__37      |     1|
|119   |DIST_BUFFER_32_22__38      |     1|
|120   |DIST_BUFFER_32_22__39      |     1|
|121   |DIST_BUFFER_32_22__40      |     1|
|122   |DIST_BUFFER_32_22__41      |     1|
|123   |DIST_BUFFER_32_22__42      |     1|
|124   |DIST_BUFFER_32_22__43      |     1|
|125   |DIST_BUFFER_32_22__44      |     1|
|126   |DIST_BUFFER_32_22__45      |     1|
|127   |DIST_BUFFER_32_22__46      |     1|
|128   |FIFO_1024_117              |     1|
|129   |FIFO_1024_117__3           |     1|
|130   |FIFO_1024_117__4           |     1|
|131   |FIFO_1024_16               |     1|
|132   |FIFO_1024_16__2            |     1|
|133   |FIFO_2048_32               |     1|
|134   |FIFO_2048_32__3            |     1|
|135   |FIFO_2048_32__4            |     1|
|136   |HBUF_DDR3_PG_DOUBLE_BUFFER |     1|
|137   |HBUF_RDOUT_DOUBLE_BUFFER   |     1|
|138   |MDOM_CHANNEL_BUFFER        |     1|
|139   |MDOM_CHANNEL_BUFFER__24    |     1|
|140   |MDOM_CHANNEL_BUFFER__25    |     1|
|141   |MDOM_CHANNEL_BUFFER__26    |     1|
|142   |MDOM_CHANNEL_BUFFER__27    |     1|
|143   |MDOM_CHANNEL_BUFFER__28    |     1|
|144   |MDOM_CHANNEL_BUFFER__29    |     1|
|145   |MDOM_CHANNEL_BUFFER__30    |     1|
|146   |MDOM_CHANNEL_BUFFER__31    |     1|
|147   |MDOM_CHANNEL_BUFFER__32    |     1|
|148   |MDOM_CHANNEL_BUFFER__33    |     1|
|149   |MDOM_CHANNEL_BUFFER__34    |     1|
|150   |MDOM_CHANNEL_BUFFER__35    |     1|
|151   |MDOM_CHANNEL_BUFFER__36    |     1|
|152   |MDOM_CHANNEL_BUFFER__37    |     1|
|153   |MDOM_CHANNEL_BUFFER__38    |     1|
|154   |MDOM_CHANNEL_BUFFER__39    |     1|
|155   |MDOM_CHANNEL_BUFFER__40    |     1|
|156   |MDOM_CHANNEL_BUFFER__41    |     1|
|157   |MDOM_CHANNEL_BUFFER__42    |     1|
|158   |MDOM_CHANNEL_BUFFER__43    |     1|
|159   |MDOM_CHANNEL_BUFFER__44    |     1|
|160   |MDOM_CHANNEL_BUFFER__45    |     1|
|161   |MDOM_CHANNEL_BUFFER__46    |     1|
|162   |MDOM_CHANNEL_HDR_FIFO      |     1|
|163   |MDOM_CHANNEL_HDR_FIFO__24  |     1|
|164   |MDOM_CHANNEL_HDR_FIFO__25  |     1|
|165   |MDOM_CHANNEL_HDR_FIFO__26  |     1|
|166   |MDOM_CHANNEL_HDR_FIFO__27  |     1|
|167   |MDOM_CHANNEL_HDR_FIFO__28  |     1|
|168   |MDOM_CHANNEL_HDR_FIFO__29  |     1|
|169   |MDOM_CHANNEL_HDR_FIFO__30  |     1|
|170   |MDOM_CHANNEL_HDR_FIFO__31  |     1|
|171   |MDOM_CHANNEL_HDR_FIFO__32  |     1|
|172   |MDOM_CHANNEL_HDR_FIFO__33  |     1|
|173   |MDOM_CHANNEL_HDR_FIFO__34  |     1|
|174   |MDOM_CHANNEL_HDR_FIFO__35  |     1|
|175   |MDOM_CHANNEL_HDR_FIFO__36  |     1|
|176   |MDOM_CHANNEL_HDR_FIFO__37  |     1|
|177   |MDOM_CHANNEL_HDR_FIFO__38  |     1|
|178   |MDOM_CHANNEL_HDR_FIFO__39  |     1|
|179   |MDOM_CHANNEL_HDR_FIFO__40  |     1|
|180   |MDOM_CHANNEL_HDR_FIFO__41  |     1|
|181   |MDOM_CHANNEL_HDR_FIFO__42  |     1|
|182   |MDOM_CHANNEL_HDR_FIFO__43  |     1|
|183   |MDOM_CHANNEL_HDR_FIFO__44  |     1|
|184   |MDOM_CHANNEL_HDR_FIFO__45  |     1|
|185   |MDOM_CHANNEL_HDR_FIFO__46  |     1|
|186   |MDOM_SECONDARY_BUFFER      |     1|
|187   |MDOM_SECONDARY_BUFFER__3   |     1|
|188   |MDOM_SECONDARY_BUFFER__4   |     1|
|189   |OVERFLOW_FIFO              |     1|
|190   |XDOM_DDR3_PG               |     1|
|191   |ddr3_idelay_clk_wiz        |     1|
|192   |idelay_discr_clk_wiz       |     1|
|193   |lclk_adcclk_wiz            |     1|
|194   |mig_7series_0              |     1|
|195   |BUFG                       |     1|
|196   |CARRY4                     |  6587|
|197   |IDELAYCTRL                 |     1|
|198   |LUT1                       |  5072|
|199   |LUT2                       |  5691|
|200   |LUT3                       |  6570|
|201   |LUT4                       | 11943|
|202   |LUT5                       |  4730|
|203   |LUT6                       |  9319|
|204   |MUXF7                      |  1552|
|205   |MUXF8                      |    46|
|206   |ODDR                       |    12|
|207   |PULLUP                     |     2|
|208   |SRL16E                     |   549|
|209   |FDRE                       | 47188|
|210   |FDSE                       |   780|
|211   |IBUF                       |    22|
|212   |IBUFDS                     |     2|
|213   |IBUFGDS                    |    13|
|214   |IOBUF                      |    17|
|215   |OBUF                       |    48|
|216   |OBUFDS                     |     6|
|217   |OBUFT                      |     1|
+------+---------------------------+------+

Report Instance Areas: 
+------+-------------------------------------------+------------------------------------+-------+
|      |Instance                                   |Module                              |Cells  |
+------+-------------------------------------------+------------------------------------+-------+
|1     |top                                        |                                    | 110019|
|2     |  GLOBAL_TRIG                              |global_trigger                      |     72|
|3     |  AD5668_SPI                               |spi_master__parameterized0          |   1323|
|4     |    IILC_MISO_0                            |iter_integer_linear_calc_528        |    256|
|5     |    IILC_MOSI_0                            |iter_integer_linear_calc_529        |    250|
|6     |    IILC_SCLK_0                            |iter_integer_linear_calc_530        |    176|
|7     |    SERIAL_CK_0                            |serial_ck_531                       |    318|
|8     |    SERIAL_TX_0                            |serial_tx__parameterized0           |    194|
|9     |  ADC3424_SPI                              |spi_master                          |   1484|
|10    |    IILC_MISO_0                            |iter_integer_linear_calc_524        |    198|
|11    |    IILC_MOSI_0                            |iter_integer_linear_calc_525        |    245|
|12    |    IILC_SCLK_0                            |iter_integer_linear_calc_526        |    210|
|13    |    SERIAL_CK_0                            |serial_ck_527                       |    317|
|14    |    SERIAL_RX_0                            |serial_rx                           |    180|
|15    |    SERIAL_TX_0                            |serial_tx                           |    181|
|16    |  ADS8332_SPI                              |spi_master__parameterized1          |   1500|
|17    |    IILC_MISO_0                            |iter_integer_linear_calc            |    210|
|18    |    IILC_MOSI_0                            |iter_integer_linear_calc_522        |    271|
|19    |    IILC_SCLK_0                            |iter_integer_linear_calc_523        |    181|
|20    |    SERIAL_CK_0                            |serial_ck                           |    317|
|21    |    SERIAL_RX_0                            |serial_rx__parameterized1           |    195|
|22    |    SERIAL_TX_0                            |serial_tx__parameterized1           |    173|
|23    |  DDR3_MUX                                 |DDR3_pg_transfer_mux                |    166|
|24    |    HREQSYNC                               |sync_520                            |     10|
|25    |    XREQSYNC                               |sync_521                            |      2|
|26    |  DDR3_TRANSFER_0                          |DDR3_DPRAM_transfer                 |    903|
|27    |    PG_TRANS_CTRL                          |DDR3_pg_transfer_ctrl               |    722|
|28    |    REQSYNC                                |sync_519                            |      2|
|29    |  ERR_COUNTER                              |posedge_counter                     |     27|
|30    |    PEDGE                                  |posedge_detector_518                |      2|
|31    |  FMC_OEN_NE_0                             |negedge_detector                    |      2|
|32    |  FMC_WE_NE_0                              |negedge_detector_0                  |     10|
|33    |  HBUF_CTRL_0                              |hbuf_ctrl                           |   1221|
|34    |    CRC                                    |crc16_64b_parallel                  |     74|
|35    |    EN_PE                                  |posedge_detector_514                |     20|
|36    |    PGACKSYNC                              |sync_515                            |      6|
|37    |    P_CLR_REQ_PE                           |posedge_detector_516                |      3|
|38    |    ddr3_pg_double_buffer                  |double_buffer__parameterized0       |    160|
|39    |      RD_ADDR_MSB_SYNC                     |sync_517                            |      2|
|40    |    rdout_double_buffer                    |double_buffer                       |    197|
|41    |  I2CM_0                                   |i2c_master                          |    404|
|42    |    I2C_BYTE_0                             |i2c_byte                            |    332|
|43    |    NEDGE_0                                |negedge_detector_513                |      5|
|44    |  ICM_TIME_TRANSFER                        |icm_time_transfer                   |   1429|
|45    |    ICM_LTC_DES                            |icm_ltc_des                         |    456|
|46    |      SYNC_ICM_FPGA_SYNC_0                 |sync_512                            |     45|
|47    |    PEDGE_ICM_FPGA_SYNC_0                  |posedge_detector_510                |      1|
|48    |    SYNC_ICM_FPGA_SYNC_0                   |sync_511                            |      4|
|49    |  KR_0                                     |knight_rider                        |     60|
|50    |  LOCAL_COINCIDENCE_0                      |local_coincidence                   |   2775|
|51    |    \genblk1[0].PULSE_EXTENDER_0           |pulse_extender_486                  |    106|
|52    |    \genblk1[10].PULSE_EXTENDER_0          |pulse_extender_487                  |    113|
|53    |    \genblk1[11].PULSE_EXTENDER_0          |pulse_extender_488                  |    113|
|54    |    \genblk1[12].PULSE_EXTENDER_0          |pulse_extender_489                  |    114|
|55    |    \genblk1[13].PULSE_EXTENDER_0          |pulse_extender_490                  |    113|
|56    |    \genblk1[14].PULSE_EXTENDER_0          |pulse_extender_491                  |    113|
|57    |    \genblk1[15].PULSE_EXTENDER_0          |pulse_extender_492                  |    114|
|58    |    \genblk1[16].PULSE_EXTENDER_0          |pulse_extender_493                  |    113|
|59    |    \genblk1[17].PULSE_EXTENDER_0          |pulse_extender_494                  |    113|
|60    |    \genblk1[18].PULSE_EXTENDER_0          |pulse_extender_495                  |    115|
|61    |    \genblk1[19].PULSE_EXTENDER_0          |pulse_extender_496                  |    113|
|62    |    \genblk1[1].PULSE_EXTENDER_0           |pulse_extender_497                  |    113|
|63    |    \genblk1[20].PULSE_EXTENDER_0          |pulse_extender_498                  |    113|
|64    |    \genblk1[21].PULSE_EXTENDER_0          |pulse_extender_499                  |    114|
|65    |    \genblk1[22].PULSE_EXTENDER_0          |pulse_extender_500                  |    114|
|66    |    \genblk1[23].PULSE_EXTENDER_0          |pulse_extender_501                  |    113|
|67    |    \genblk1[2].PULSE_EXTENDER_0           |pulse_extender_502                  |    113|
|68    |    \genblk1[3].PULSE_EXTENDER_0           |pulse_extender_503                  |    115|
|69    |    \genblk1[4].PULSE_EXTENDER_0           |pulse_extender_504                  |    113|
|70    |    \genblk1[5].PULSE_EXTENDER_0           |pulse_extender_505                  |    113|
|71    |    \genblk1[6].PULSE_EXTENDER_0           |pulse_extender_506                  |    114|
|72    |    \genblk1[7].PULSE_EXTENDER_0           |pulse_extender_507                  |    113|
|73    |    \genblk1[8].PULSE_EXTENDER_0           |pulse_extender_508                  |    113|
|74    |    \genblk1[9].PULSE_EXTENDER_0           |pulse_extender_509                  |    126|
|75    |  LTC_0                                    |local_time_counter                  |    900|
|76    |    PEDGE_0                                |posedge_detector_484                |      2|
|77    |    PEDGE_1                                |posedge_detector_485                |      1|
|78    |  OVERFLOW_FIFO_CTRL                       |overflow_fifo_ctrl                  |   1526|
|79    |  PULSER_0                                 |afe_pulser__xdcDup__1               |    191|
|80    |    PEDGE_TRIG                             |posedge_detector_481                |     18|
|81    |    trig_os                                |one_shot_482                        |    114|
|82    |    trig_sync                              |sync_483                            |      3|
|83    |  PULSER_1                                 |afe_pulser__xdcDup__2               |    190|
|84    |    PEDGE_TRIG                             |posedge_detector_478                |     18|
|85    |    trig_os                                |one_shot_479                        |    114|
|86    |    trig_sync                              |sync_480                            |      2|
|87    |  PULSER_2                                 |afe_pulser__xdcDup__3               |    190|
|88    |    PEDGE_TRIG                             |posedge_detector_475                |     18|
|89    |    trig_os                                |one_shot_476                        |    114|
|90    |    trig_sync                              |sync_477                            |      2|
|91    |  PULSER_3                                 |afe_pulser__xdcDup__4               |    190|
|92    |    PEDGE_TRIG                             |posedge_detector_472                |     18|
|93    |    trig_os                                |one_shot_473                        |    114|
|94    |    trig_sync                              |sync_474                            |      2|
|95    |  PULSER_4                                 |afe_pulser__xdcDup__5               |    190|
|96    |    PEDGE_TRIG                             |posedge_detector_469                |     18|
|97    |    trig_os                                |one_shot_470                        |    114|
|98    |    trig_sync                              |sync_471                            |      2|
|99    |  PULSER_5                                 |afe_pulser                          |    190|
|100   |    PEDGE_TRIG                             |posedge_detector_466                |     18|
|101   |    trig_os                                |one_shot_467                        |    114|
|102   |    trig_sync                              |sync_468                            |      2|
|103   |  SYNC_CAL_TRIG                            |sync                                |      2|
|104   |  SYNC_FMC_OEN_0                           |sync_1                              |      2|
|105   |  SYNC_FMC_WEN_0                           |sync_2                              |    132|
|106   |  SYNC_TRIG_IN                             |sync_3                              |      2|
|107   |  TEMP_SYNC                                |fpga_temp_sync                      |     95|
|108   |    ACK_SYNC                               |sync_464                            |      4|
|109   |    REQ_SYNC                               |sync_465                            |      6|
|110   |  TEMP_SYNC_20MHZ_OSC                      |fpga_temp_sync_4                    |     85|
|111   |    ACK_SYNC                               |sync_462                            |      4|
|112   |    REQ_SYNC                               |sync_463                            |      6|
|113   |  THERMAL_SHUTDOWN_0                       |thermal_shutdown                    |     47|
|114   |  WVB_READER                               |wvb_reader                          |   1502|
|115   |    PEDGE_ACK                              |posedge_detector_461                |      1|
|116   |    RD_CTRL                                |wvb_rd_ctrl_fmt_3                   |    495|
|117   |  XDOM_0                                   |xdom                                |   4717|
|118   |    ADC_SPI_TASK_0                         |task_reg__parameterized0            |    114|
|119   |    AFE_TRIG_GEN                           |periodic_trigger_gen                |     93|
|120   |    BUF_N_WFMS_MUX                         |n_channel_mux__parameterized1       |     73|
|121   |    BUF_WDS_USED_MUX                       |n_channel_mux__parameterized1_450   |    100|
|122   |    CALSYNC                                |sync_451                            |      4|
|123   |    DAC_SPI_TASK_0                         |task_reg__parameterized1            |    108|
|124   |    DISC_SCALER_MUX                        |n_channel_mux__parameterized3       |    320|
|125   |    I2CM_0_TASK_REG_0                      |task_reg__parameterized3            |    124|
|126   |    LTC_TASK_REG_0                         |task_reg                            |     44|
|127   |    OS_NCONVST                             |one_shot                            |    119|
|128   |    PGACKSYNC                              |sync_452                            |      7|
|129   |    SLO_ADC_SPI_TASK_0                     |task_reg__parameterized2            |     50|
|130   |    TAP_OUT_MUX                            |n_channel_mux__parameterized2       |    100|
|131   |    THRESH_SCALER_MUX                      |n_channel_mux__parameterized3_453   |    320|
|132   |    UART_DEBUG_0                           |ft232r_proc_buffered__xdcDup__1     |     36|
|133   |      FT232R_HS_0                          |ft232r_hs_458                       |      2|
|134   |        RS232_DES_0                        |rs232_des_459                       |      2|
|135   |          SYNC0                            |sync_460                            |      2|
|136   |    UART_ICM_0                             |ft232r_proc_buffered__xdcDup__2     |     37|
|137   |      FT232R_HS_0                          |ft232r_hs_455                       |      3|
|138   |        RS232_DES_0                        |rs232_des_456                       |      2|
|139   |          SYNC0                            |sync_457                            |      2|
|140   |    UART_MCU_0                             |ft232r_proc_buffered                |     36|
|141   |      FT232R_HS_0                          |ft232r_hs                           |      2|
|142   |        RS232_DES_0                        |rs232_des                           |      2|
|143   |          SYNC0                            |sync_454                            |      2|
|144   |  \adc_discr_iface_gen[0].ADC_DISCR_CHAN   |adc_discr_channel__xdcDup__1        |    115|
|145   |    DISC_DEL_0                             |delay_448                           |     43|
|146   |      \delay_n.dn                          |delay_n_449                         |     43|
|147   |  \adc_discr_iface_gen[10].ADC_DISCR_CHAN  |adc_discr_channel__xdcDup__11       |    111|
|148   |    DISC_DEL_0                             |delay_446                           |     39|
|149   |      \delay_n.dn                          |delay_n_447                         |     39|
|150   |  \adc_discr_iface_gen[11].ADC_DISCR_CHAN  |adc_discr_channel__xdcDup__12       |    110|
|151   |    DISC_DEL_0                             |delay_444                           |     38|
|152   |      \delay_n.dn                          |delay_n_445                         |     38|
|153   |  \adc_discr_iface_gen[12].ADC_DISCR_CHAN  |adc_discr_channel__xdcDup__13       |    116|
|154   |    DISC_DEL_0                             |delay_442                           |     44|
|155   |      \delay_n.dn                          |delay_n_443                         |     44|
|156   |  \adc_discr_iface_gen[13].ADC_DISCR_CHAN  |adc_discr_channel__xdcDup__14       |    113|
|157   |    DISC_DEL_0                             |delay_440                           |     41|
|158   |      \delay_n.dn                          |delay_n_441                         |     41|
|159   |  \adc_discr_iface_gen[14].ADC_DISCR_CHAN  |adc_discr_channel__xdcDup__15       |    115|
|160   |    DISC_DEL_0                             |delay_438                           |     43|
|161   |      \delay_n.dn                          |delay_n_439                         |     43|
|162   |  \adc_discr_iface_gen[15].ADC_DISCR_CHAN  |adc_discr_channel__xdcDup__16       |    114|
|163   |    DISC_DEL_0                             |delay_436                           |     42|
|164   |      \delay_n.dn                          |delay_n_437                         |     42|
|165   |  \adc_discr_iface_gen[16].ADC_DISCR_CHAN  |adc_discr_channel__xdcDup__17       |    115|
|166   |    DISC_DEL_0                             |delay_434                           |     43|
|167   |      \delay_n.dn                          |delay_n_435                         |     43|
|168   |  \adc_discr_iface_gen[17].ADC_DISCR_CHAN  |adc_discr_channel__xdcDup__18       |    114|
|169   |    DISC_DEL_0                             |delay_432                           |     42|
|170   |      \delay_n.dn                          |delay_n_433                         |     42|
|171   |  \adc_discr_iface_gen[18].ADC_DISCR_CHAN  |adc_discr_channel__xdcDup__19       |    115|
|172   |    DISC_DEL_0                             |delay_430                           |     43|
|173   |      \delay_n.dn                          |delay_n_431                         |     43|
|174   |  \adc_discr_iface_gen[19].ADC_DISCR_CHAN  |adc_discr_channel__xdcDup__20       |    114|
|175   |    DISC_DEL_0                             |delay_428                           |     42|
|176   |      \delay_n.dn                          |delay_n_429                         |     42|
|177   |  \adc_discr_iface_gen[1].ADC_DISCR_CHAN   |adc_discr_channel__xdcDup__2        |    113|
|178   |    DISC_DEL_0                             |delay_426                           |     41|
|179   |      \delay_n.dn                          |delay_n_427                         |     41|
|180   |  \adc_discr_iface_gen[20].ADC_DISCR_CHAN  |adc_discr_channel__xdcDup__21       |    114|
|181   |    DISC_DEL_0                             |delay_424                           |     42|
|182   |      \delay_n.dn                          |delay_n_425                         |     42|
|183   |  \adc_discr_iface_gen[21].ADC_DISCR_CHAN  |adc_discr_channel__xdcDup__22       |    114|
|184   |    DISC_DEL_0                             |delay_422                           |     42|
|185   |      \delay_n.dn                          |delay_n_423                         |     42|
|186   |  \adc_discr_iface_gen[22].ADC_DISCR_CHAN  |adc_discr_channel__xdcDup__23       |    114|
|187   |    DISC_DEL_0                             |delay_420                           |     42|
|188   |      \delay_n.dn                          |delay_n_421                         |     42|
|189   |  \adc_discr_iface_gen[23].ADC_DISCR_CHAN  |adc_discr_channel                   |    114|
|190   |    DISC_DEL_0                             |delay_418                           |     42|
|191   |      \delay_n.dn                          |delay_n_419                         |     42|
|192   |  \adc_discr_iface_gen[2].ADC_DISCR_CHAN   |adc_discr_channel__xdcDup__3        |    113|
|193   |    DISC_DEL_0                             |delay_416                           |     41|
|194   |      \delay_n.dn                          |delay_n_417                         |     41|
|195   |  \adc_discr_iface_gen[3].ADC_DISCR_CHAN   |adc_discr_channel__xdcDup__4        |    112|
|196   |    DISC_DEL_0                             |delay_414                           |     40|
|197   |      \delay_n.dn                          |delay_n_415                         |     40|
|198   |  \adc_discr_iface_gen[4].ADC_DISCR_CHAN   |adc_discr_channel__xdcDup__5        |    113|
|199   |    DISC_DEL_0                             |delay_412                           |     41|
|200   |      \delay_n.dn                          |delay_n_413                         |     41|
|201   |  \adc_discr_iface_gen[5].ADC_DISCR_CHAN   |adc_discr_channel__xdcDup__6        |    112|
|202   |    DISC_DEL_0                             |delay_410                           |     40|
|203   |      \delay_n.dn                          |delay_n_411                         |     40|
|204   |  \adc_discr_iface_gen[6].ADC_DISCR_CHAN   |adc_discr_channel__xdcDup__7        |    115|
|205   |    DISC_DEL_0                             |delay_408                           |     43|
|206   |      \delay_n.dn                          |delay_n_409                         |     43|
|207   |  \adc_discr_iface_gen[7].ADC_DISCR_CHAN   |adc_discr_channel__xdcDup__8        |    109|
|208   |    DISC_DEL_0                             |delay_406                           |     37|
|209   |      \delay_n.dn                          |delay_n_407                         |     37|
|210   |  \adc_discr_iface_gen[8].ADC_DISCR_CHAN   |adc_discr_channel__xdcDup__9        |    116|
|211   |    DISC_DEL_0                             |delay_404                           |     44|
|212   |      \delay_n.dn                          |delay_n_405                         |     44|
|213   |  \adc_discr_iface_gen[9].ADC_DISCR_CHAN   |adc_discr_channel__xdcDup__10       |    110|
|214   |    DISC_DEL_0                             |delay                               |     38|
|215   |      \delay_n.dn                          |delay_n                             |     38|
|216   |  clk_IO_0                                 |ADC3424_clk_IO                      |      5|
|217   |  clk_IO_1                                 |ADC3424_clk_IO_5                    |      5|
|218   |  clk_IO_2                                 |ADC3424_clk_IO_6                    |      5|
|219   |  clk_IO_3                                 |ADC3424_clk_IO_7                    |      5|
|220   |  clk_IO_4                                 |ADC3424_clk_IO_8                    |      5|
|221   |  clk_IO_5                                 |ADC3424_clk_IO_9                    |      5|
|222   |  \genblk5[0].SCDB                         |secondary_buffer                    |   3064|
|223   |  \genblk5[1].SCDB                         |secondary_buffer__parameterized0    |   3063|
|224   |  \genblk5[2].SCDB                         |secondary_buffer__parameterized1    |   3062|
|225   |  \scaler_gen[0].DISC_SCALER               |discr_scaler                        |    527|
|226   |    INH_GEN                                |inhibit_generator_8b_403            |    242|
|227   |  \scaler_gen[0].THRESH_SCALER             |discr_scaler__parameterized0        |    477|
|228   |    INH_GEN                                |inhibit_generator_1b_401            |    197|
|229   |      PEDGE_TRIG                           |posedge_detector_402                |     13|
|230   |  \scaler_gen[10].DISC_SCALER              |discr_scaler_10                     |    527|
|231   |    INH_GEN                                |inhibit_generator_8b_400            |    242|
|232   |  \scaler_gen[10].THRESH_SCALER            |discr_scaler__parameterized0_11     |    477|
|233   |    INH_GEN                                |inhibit_generator_1b_398            |    197|
|234   |      PEDGE_TRIG                           |posedge_detector_399                |     13|
|235   |  \scaler_gen[11].DISC_SCALER              |discr_scaler_12                     |    527|
|236   |    INH_GEN                                |inhibit_generator_8b_397            |    242|
|237   |  \scaler_gen[11].THRESH_SCALER            |discr_scaler__parameterized0_13     |    477|
|238   |    INH_GEN                                |inhibit_generator_1b_395            |    197|
|239   |      PEDGE_TRIG                           |posedge_detector_396                |     13|
|240   |  \scaler_gen[12].DISC_SCALER              |discr_scaler_14                     |    525|
|241   |    INH_GEN                                |inhibit_generator_8b_394            |    240|
|242   |  \scaler_gen[12].THRESH_SCALER            |discr_scaler__parameterized0_15     |    477|
|243   |    INH_GEN                                |inhibit_generator_1b_392            |    197|
|244   |      PEDGE_TRIG                           |posedge_detector_393                |     13|
|245   |  \scaler_gen[13].DISC_SCALER              |discr_scaler_16                     |    532|
|246   |    INH_GEN                                |inhibit_generator_8b_391            |    241|
|247   |  \scaler_gen[13].THRESH_SCALER            |discr_scaler__parameterized0_17     |    477|
|248   |    INH_GEN                                |inhibit_generator_1b_389            |    197|
|249   |      PEDGE_TRIG                           |posedge_detector_390                |     13|
|250   |  \scaler_gen[14].DISC_SCALER              |discr_scaler_18                     |    526|
|251   |    INH_GEN                                |inhibit_generator_8b_388            |    241|
|252   |  \scaler_gen[14].THRESH_SCALER            |discr_scaler__parameterized0_19     |    477|
|253   |    INH_GEN                                |inhibit_generator_1b_386            |    197|
|254   |      PEDGE_TRIG                           |posedge_detector_387                |     13|
|255   |  \scaler_gen[15].DISC_SCALER              |discr_scaler_20                     |    527|
|256   |    INH_GEN                                |inhibit_generator_8b_385            |    242|
|257   |  \scaler_gen[15].THRESH_SCALER            |discr_scaler__parameterized0_21     |    477|
|258   |    INH_GEN                                |inhibit_generator_1b_383            |    197|
|259   |      PEDGE_TRIG                           |posedge_detector_384                |     13|
|260   |  \scaler_gen[16].DISC_SCALER              |discr_scaler_22                     |    527|
|261   |    INH_GEN                                |inhibit_generator_8b_382            |    242|
|262   |  \scaler_gen[16].THRESH_SCALER            |discr_scaler__parameterized0_23     |    477|
|263   |    INH_GEN                                |inhibit_generator_1b_380            |    197|
|264   |      PEDGE_TRIG                           |posedge_detector_381                |     13|
|265   |  \scaler_gen[17].DISC_SCALER              |discr_scaler_24                     |    527|
|266   |    INH_GEN                                |inhibit_generator_8b_379            |    242|
|267   |  \scaler_gen[17].THRESH_SCALER            |discr_scaler__parameterized0_25     |    477|
|268   |    INH_GEN                                |inhibit_generator_1b_377            |    197|
|269   |      PEDGE_TRIG                           |posedge_detector_378                |     13|
|270   |  \scaler_gen[18].DISC_SCALER              |discr_scaler_26                     |    527|
|271   |    INH_GEN                                |inhibit_generator_8b_376            |    242|
|272   |  \scaler_gen[18].THRESH_SCALER            |discr_scaler__parameterized0_27     |    477|
|273   |    INH_GEN                                |inhibit_generator_1b_374            |    197|
|274   |      PEDGE_TRIG                           |posedge_detector_375                |     13|
|275   |  \scaler_gen[19].DISC_SCALER              |discr_scaler_28                     |    527|
|276   |    INH_GEN                                |inhibit_generator_8b_373            |    242|
|277   |  \scaler_gen[19].THRESH_SCALER            |discr_scaler__parameterized0_29     |    477|
|278   |    INH_GEN                                |inhibit_generator_1b_371            |    197|
|279   |      PEDGE_TRIG                           |posedge_detector_372                |     13|
|280   |  \scaler_gen[1].DISC_SCALER               |discr_scaler_30                     |    526|
|281   |    INH_GEN                                |inhibit_generator_8b_370            |    241|
|282   |  \scaler_gen[1].THRESH_SCALER             |discr_scaler__parameterized0_31     |    477|
|283   |    INH_GEN                                |inhibit_generator_1b_368            |    197|
|284   |      PEDGE_TRIG                           |posedge_detector_369                |     13|
|285   |  \scaler_gen[20].DISC_SCALER              |discr_scaler_32                     |    527|
|286   |    INH_GEN                                |inhibit_generator_8b_367            |    242|
|287   |  \scaler_gen[20].THRESH_SCALER            |discr_scaler__parameterized0_33     |    477|
|288   |    INH_GEN                                |inhibit_generator_1b_365            |    197|
|289   |      PEDGE_TRIG                           |posedge_detector_366                |     13|
|290   |  \scaler_gen[21].DISC_SCALER              |discr_scaler_34                     |    527|
|291   |    INH_GEN                                |inhibit_generator_8b_364            |    242|
|292   |  \scaler_gen[21].THRESH_SCALER            |discr_scaler__parameterized0_35     |    478|
|293   |    INH_GEN                                |inhibit_generator_1b_362            |    197|
|294   |      PEDGE_TRIG                           |posedge_detector_363                |     13|
|295   |  \scaler_gen[22].DISC_SCALER              |discr_scaler_36                     |    527|
|296   |    INH_GEN                                |inhibit_generator_8b_361            |    242|
|297   |  \scaler_gen[22].THRESH_SCALER            |discr_scaler__parameterized0_37     |    477|
|298   |    INH_GEN                                |inhibit_generator_1b_359            |    197|
|299   |      PEDGE_TRIG                           |posedge_detector_360                |     13|
|300   |  \scaler_gen[23].DISC_SCALER              |discr_scaler_38                     |    527|
|301   |    INH_GEN                                |inhibit_generator_8b_358            |    242|
|302   |  \scaler_gen[23].THRESH_SCALER            |discr_scaler__parameterized0_39     |    477|
|303   |    INH_GEN                                |inhibit_generator_1b_356            |    197|
|304   |      PEDGE_TRIG                           |posedge_detector_357                |     13|
|305   |  \scaler_gen[2].DISC_SCALER               |discr_scaler_40                     |    526|
|306   |    INH_GEN                                |inhibit_generator_8b_355            |    241|
|307   |  \scaler_gen[2].THRESH_SCALER             |discr_scaler__parameterized0_41     |    484|
|308   |    INH_GEN                                |inhibit_generator_1b_353            |    197|
|309   |      PEDGE_TRIG                           |posedge_detector_354                |      5|
|310   |  \scaler_gen[3].DISC_SCALER               |discr_scaler_42                     |    526|
|311   |    INH_GEN                                |inhibit_generator_8b_352            |    241|
|312   |  \scaler_gen[3].THRESH_SCALER             |discr_scaler__parameterized0_43     |    484|
|313   |    INH_GEN                                |inhibit_generator_1b_350            |    197|
|314   |      PEDGE_TRIG                           |posedge_detector_351                |      5|
|315   |  \scaler_gen[4].DISC_SCALER               |discr_scaler_44                     |    526|
|316   |    INH_GEN                                |inhibit_generator_8b_349            |    241|
|317   |  \scaler_gen[4].THRESH_SCALER             |discr_scaler__parameterized0_45     |    484|
|318   |    INH_GEN                                |inhibit_generator_1b_347            |    197|
|319   |      PEDGE_TRIG                           |posedge_detector_348                |      5|
|320   |  \scaler_gen[5].DISC_SCALER               |discr_scaler_46                     |    526|
|321   |    INH_GEN                                |inhibit_generator_8b_346            |    241|
|322   |  \scaler_gen[5].THRESH_SCALER             |discr_scaler__parameterized0_47     |    484|
|323   |    INH_GEN                                |inhibit_generator_1b_344            |    197|
|324   |      PEDGE_TRIG                           |posedge_detector_345                |      5|
|325   |  \scaler_gen[6].DISC_SCALER               |discr_scaler_48                     |    525|
|326   |    INH_GEN                                |inhibit_generator_8b_343            |    240|
|327   |  \scaler_gen[6].THRESH_SCALER             |discr_scaler__parameterized0_49     |    484|
|328   |    INH_GEN                                |inhibit_generator_1b_341            |    197|
|329   |      PEDGE_TRIG                           |posedge_detector_342                |      5|
|330   |  \scaler_gen[7].DISC_SCALER               |discr_scaler_50                     |    527|
|331   |    INH_GEN                                |inhibit_generator_8b_340            |    242|
|332   |  \scaler_gen[7].THRESH_SCALER             |discr_scaler__parameterized0_51     |    477|
|333   |    INH_GEN                                |inhibit_generator_1b_338            |    197|
|334   |      PEDGE_TRIG                           |posedge_detector_339                |     13|
|335   |  \scaler_gen[8].DISC_SCALER               |discr_scaler_52                     |    524|
|336   |    INH_GEN                                |inhibit_generator_8b_337            |    239|
|337   |  \scaler_gen[8].THRESH_SCALER             |discr_scaler__parameterized0_53     |    477|
|338   |    INH_GEN                                |inhibit_generator_1b_335            |    197|
|339   |      PEDGE_TRIG                           |posedge_detector_336                |     13|
|340   |  \scaler_gen[9].DISC_SCALER               |discr_scaler_54                     |    527|
|341   |    INH_GEN                                |inhibit_generator_8b                |    242|
|342   |  \scaler_gen[9].THRESH_SCALER             |discr_scaler__parameterized0_55     |    477|
|343   |    INH_GEN                                |inhibit_generator_1b                |    197|
|344   |      PEDGE_TRIG                           |posedge_detector_334                |     13|
|345   |  \waveform_acq_gen[0].WFM_ACQ             |waveform_acquisition__xdcDup__1     |   2110|
|346   |    BSUM_DEV_DET                           |deviation_detector_322              |     17|
|347   |    MDOM_TRIG                              |mdom_trigger_323                    |     58|
|348   |      CMP                                  |cmp_330                             |      5|
|349   |      PEDGE_CALTRIGRUN                     |posedge_detector_331                |      1|
|350   |      PEDGE_EXTRUN                         |posedge_detector_332                |      3|
|351   |      PEDGE_RUN                            |posedge_detector_333                |      2|
|352   |    ROLLING_BSUM                           |rollingsum_lutram__xdcDup__1        |    402|
|353   |      samp_delay                           |delay__parameterized0_327           |     50|
|354   |        \delay_n.dn                        |delay_n__parameterized0_329         |     50|
|355   |      trig_extender                        |pulse_extender_328                  |    139|
|356   |    WVB                                    |waveform_buffer__xdcDup__1          |   1480|
|357   |      OVERFLOW_CTRL                        |wvb_overflow_ctrl_324               |    240|
|358   |      PTB                                  |pretrigger_buffer__xdcDup__1        |     56|
|359   |      RD_ADDR                              |wvb_rd_addr_ctrl_325                |     31|
|360   |      WBS                                  |waveform_buffer_storage__xdcDup__1  |    547|
|361   |        DIST_HDR_FIFO                      |distributed_hdr_fifo__xdcDup__1     |    230|
|362   |      WR_CTRL                              |wvb_wr_ctrl_326                     |    605|
|363   |  \waveform_acq_gen[10].WFM_ACQ            |waveform_acquisition__xdcDup__11    |   2117|
|364   |    BSUM_DEV_DET                           |deviation_detector_310              |      8|
|365   |    MDOM_TRIG                              |mdom_trigger_311                    |     58|
|366   |      CMP                                  |cmp_318                             |      5|
|367   |      PEDGE_CALTRIGRUN                     |posedge_detector_319                |      1|
|368   |      PEDGE_EXTRUN                         |posedge_detector_320                |      4|
|369   |      PEDGE_RUN                            |posedge_detector_321                |      2|
|370   |    ROLLING_BSUM                           |rollingsum_lutram__xdcDup__11       |    421|
|371   |      samp_delay                           |delay__parameterized0_315           |     66|
|372   |        \delay_n.dn                        |delay_n__parameterized0_317         |     66|
|373   |      trig_extender                        |pulse_extender_316                  |    138|
|374   |    WVB                                    |waveform_buffer__xdcDup__11         |   1475|
|375   |      OVERFLOW_CTRL                        |wvb_overflow_ctrl_312               |    240|
|376   |      PTB                                  |pretrigger_buffer__xdcDup__11       |     55|
|377   |      RD_ADDR                              |wvb_rd_addr_ctrl_313                |     37|
|378   |      WBS                                  |waveform_buffer_storage__xdcDup__11 |    548|
|379   |        DIST_HDR_FIFO                      |distributed_hdr_fifo__xdcDup__11    |    231|
|380   |      WR_CTRL                              |wvb_wr_ctrl_314                     |    594|
|381   |  \waveform_acq_gen[11].WFM_ACQ            |waveform_acquisition__xdcDup__12    |   2117|
|382   |    BSUM_DEV_DET                           |deviation_detector_298              |      8|
|383   |    MDOM_TRIG                              |mdom_trigger_299                    |     58|
|384   |      CMP                                  |cmp_306                             |      5|
|385   |      PEDGE_CALTRIGRUN                     |posedge_detector_307                |      1|
|386   |      PEDGE_EXTRUN                         |posedge_detector_308                |      4|
|387   |      PEDGE_RUN                            |posedge_detector_309                |      2|
|388   |    ROLLING_BSUM                           |rollingsum_lutram__xdcDup__12       |    421|
|389   |      samp_delay                           |delay__parameterized0_303           |     66|
|390   |        \delay_n.dn                        |delay_n__parameterized0_305         |     66|
|391   |      trig_extender                        |pulse_extender_304                  |    138|
|392   |    WVB                                    |waveform_buffer__xdcDup__12         |   1475|
|393   |      OVERFLOW_CTRL                        |wvb_overflow_ctrl_300               |    240|
|394   |      PTB                                  |pretrigger_buffer__xdcDup__12       |     55|
|395   |      RD_ADDR                              |wvb_rd_addr_ctrl_301                |     37|
|396   |      WBS                                  |waveform_buffer_storage__xdcDup__12 |    548|
|397   |        DIST_HDR_FIFO                      |distributed_hdr_fifo__xdcDup__12    |    231|
|398   |      WR_CTRL                              |wvb_wr_ctrl_302                     |    594|
|399   |  \waveform_acq_gen[12].WFM_ACQ            |waveform_acquisition__xdcDup__13    |   2121|
|400   |    BSUM_DEV_DET                           |deviation_detector_286              |      8|
|401   |    MDOM_TRIG                              |mdom_trigger_287                    |     59|
|402   |      CMP                                  |cmp_294                             |      5|
|403   |      PEDGE_CALTRIGRUN                     |posedge_detector_295                |      1|
|404   |      PEDGE_EXTRUN                         |posedge_detector_296                |      4|
|405   |      PEDGE_RUN                            |posedge_detector_297                |      2|
|406   |    ROLLING_BSUM                           |rollingsum_lutram__xdcDup__13       |    421|
|407   |      samp_delay                           |delay__parameterized0_291           |     66|
|408   |        \delay_n.dn                        |delay_n__parameterized0_293         |     66|
|409   |      trig_extender                        |pulse_extender_292                  |    138|
|410   |    WVB                                    |waveform_buffer__xdcDup__13         |   1478|
|411   |      OVERFLOW_CTRL                        |wvb_overflow_ctrl_288               |    240|
|412   |      PTB                                  |pretrigger_buffer__xdcDup__13       |     55|
|413   |      RD_ADDR                              |wvb_rd_addr_ctrl_289                |     37|
|414   |      WBS                                  |waveform_buffer_storage__xdcDup__13 |    549|
|415   |        DIST_HDR_FIFO                      |distributed_hdr_fifo__xdcDup__13    |    232|
|416   |      WR_CTRL                              |wvb_wr_ctrl_290                     |    596|
|417   |  \waveform_acq_gen[13].WFM_ACQ            |waveform_acquisition__xdcDup__14    |   2116|
|418   |    BSUM_DEV_DET                           |deviation_detector_274              |      8|
|419   |    MDOM_TRIG                              |mdom_trigger_275                    |     57|
|420   |      CMP                                  |cmp_282                             |      5|
|421   |      PEDGE_CALTRIGRUN                     |posedge_detector_283                |      1|
|422   |      PEDGE_EXTRUN                         |posedge_detector_284                |      4|
|423   |      PEDGE_RUN                            |posedge_detector_285                |      2|
|424   |    ROLLING_BSUM                           |rollingsum_lutram__xdcDup__14       |    421|
|425   |      samp_delay                           |delay__parameterized0_279           |     66|
|426   |        \delay_n.dn                        |delay_n__parameterized0_281         |     66|
|427   |      trig_extender                        |pulse_extender_280                  |    138|
|428   |    WVB                                    |waveform_buffer__xdcDup__14         |   1475|
|429   |      OVERFLOW_CTRL                        |wvb_overflow_ctrl_276               |    239|
|430   |      PTB                                  |pretrigger_buffer__xdcDup__14       |     55|
|431   |      RD_ADDR                              |wvb_rd_addr_ctrl_277                |     37|
|432   |      WBS                                  |waveform_buffer_storage__xdcDup__14 |    549|
|433   |        DIST_HDR_FIFO                      |distributed_hdr_fifo__xdcDup__14    |    232|
|434   |      WR_CTRL                              |wvb_wr_ctrl_278                     |    594|
|435   |  \waveform_acq_gen[14].WFM_ACQ            |waveform_acquisition__xdcDup__15    |   2113|
|436   |    BSUM_DEV_DET                           |deviation_detector_262              |      8|
|437   |    MDOM_TRIG                              |mdom_trigger_263                    |     57|
|438   |      CMP                                  |cmp_270                             |      5|
|439   |      PEDGE_CALTRIGRUN                     |posedge_detector_271                |      1|
|440   |      PEDGE_EXTRUN                         |posedge_detector_272                |      4|
|441   |      PEDGE_RUN                            |posedge_detector_273                |      2|
|442   |    ROLLING_BSUM                           |rollingsum_lutram__xdcDup__15       |    421|
|443   |      samp_delay                           |delay__parameterized0_267           |     66|
|444   |        \delay_n.dn                        |delay_n__parameterized0_269         |     66|
|445   |      trig_extender                        |pulse_extender_268                  |    138|
|446   |    WVB                                    |waveform_buffer__xdcDup__15         |   1472|
|447   |      OVERFLOW_CTRL                        |wvb_overflow_ctrl_264               |    239|
|448   |      PTB                                  |pretrigger_buffer__xdcDup__15       |     55|
|449   |      RD_ADDR                              |wvb_rd_addr_ctrl_265                |     37|
|450   |      WBS                                  |waveform_buffer_storage__xdcDup__15 |    548|
|451   |        DIST_HDR_FIFO                      |distributed_hdr_fifo__xdcDup__15    |    231|
|452   |      WR_CTRL                              |wvb_wr_ctrl_266                     |    592|
|453   |  \waveform_acq_gen[15].WFM_ACQ            |waveform_acquisition__xdcDup__16    |   2112|
|454   |    BSUM_DEV_DET                           |deviation_detector_250              |     17|
|455   |    MDOM_TRIG                              |mdom_trigger_251                    |     58|
|456   |      CMP                                  |cmp_258                             |      5|
|457   |      PEDGE_CALTRIGRUN                     |posedge_detector_259                |      1|
|458   |      PEDGE_EXTRUN                         |posedge_detector_260                |      3|
|459   |      PEDGE_RUN                            |posedge_detector_261                |      2|
|460   |    ROLLING_BSUM                           |rollingsum_lutram__xdcDup__16       |    402|
|461   |      samp_delay                           |delay__parameterized0_255           |     50|
|462   |        \delay_n.dn                        |delay_n__parameterized0_257         |     50|
|463   |      trig_extender                        |pulse_extender_256                  |    139|
|464   |    WVB                                    |waveform_buffer__xdcDup__16         |   1483|
|465   |      OVERFLOW_CTRL                        |wvb_overflow_ctrl_252               |    240|
|466   |      PTB                                  |pretrigger_buffer__xdcDup__16       |     56|
|467   |      RD_ADDR                              |wvb_rd_addr_ctrl_253                |     31|
|468   |      WBS                                  |waveform_buffer_storage__xdcDup__16 |    548|
|469   |        DIST_HDR_FIFO                      |distributed_hdr_fifo__xdcDup__16    |    231|
|470   |      WR_CTRL                              |wvb_wr_ctrl_254                     |    607|
|471   |  \waveform_acq_gen[16].WFM_ACQ            |waveform_acquisition__xdcDup__17    |   2117|
|472   |    BSUM_DEV_DET                           |deviation_detector_238              |      8|
|473   |    MDOM_TRIG                              |mdom_trigger_239                    |     58|
|474   |      CMP                                  |cmp_246                             |      5|
|475   |      PEDGE_CALTRIGRUN                     |posedge_detector_247                |      1|
|476   |      PEDGE_EXTRUN                         |posedge_detector_248                |      4|
|477   |      PEDGE_RUN                            |posedge_detector_249                |      2|
|478   |    ROLLING_BSUM                           |rollingsum_lutram__xdcDup__17       |    421|
|479   |      samp_delay                           |delay__parameterized0_243           |     66|
|480   |        \delay_n.dn                        |delay_n__parameterized0_245         |     66|
|481   |      trig_extender                        |pulse_extender_244                  |    138|
|482   |    WVB                                    |waveform_buffer__xdcDup__17         |   1475|
|483   |      OVERFLOW_CTRL                        |wvb_overflow_ctrl_240               |    240|
|484   |      PTB                                  |pretrigger_buffer__xdcDup__17       |     55|
|485   |      RD_ADDR                              |wvb_rd_addr_ctrl_241                |     37|
|486   |      WBS                                  |waveform_buffer_storage__xdcDup__17 |    548|
|487   |        DIST_HDR_FIFO                      |distributed_hdr_fifo__xdcDup__17    |    231|
|488   |      WR_CTRL                              |wvb_wr_ctrl_242                     |    594|
|489   |  \waveform_acq_gen[17].WFM_ACQ            |waveform_acquisition__xdcDup__18    |   2116|
|490   |    BSUM_DEV_DET                           |deviation_detector_226              |      8|
|491   |    MDOM_TRIG                              |mdom_trigger_227                    |     58|
|492   |      CMP                                  |cmp_234                             |      5|
|493   |      PEDGE_CALTRIGRUN                     |posedge_detector_235                |      1|
|494   |      PEDGE_EXTRUN                         |posedge_detector_236                |      4|
|495   |      PEDGE_RUN                            |posedge_detector_237                |      2|
|496   |    ROLLING_BSUM                           |rollingsum_lutram__xdcDup__18       |    421|
|497   |      samp_delay                           |delay__parameterized0_231           |     66|
|498   |        \delay_n.dn                        |delay_n__parameterized0_233         |     66|
|499   |      trig_extender                        |pulse_extender_232                  |    138|
|500   |    WVB                                    |waveform_buffer__xdcDup__18         |   1474|
|501   |      OVERFLOW_CTRL                        |wvb_overflow_ctrl_228               |    240|
|502   |      PTB                                  |pretrigger_buffer__xdcDup__18       |     55|
|503   |      RD_ADDR                              |wvb_rd_addr_ctrl_229                |     37|
|504   |      WBS                                  |waveform_buffer_storage__xdcDup__18 |    548|
|505   |        DIST_HDR_FIFO                      |distributed_hdr_fifo__xdcDup__18    |    231|
|506   |      WR_CTRL                              |wvb_wr_ctrl_230                     |    593|
|507   |  \waveform_acq_gen[18].WFM_ACQ            |waveform_acquisition__xdcDup__19    |   2114|
|508   |    BSUM_DEV_DET                           |deviation_detector_214              |     17|
|509   |    MDOM_TRIG                              |mdom_trigger_215                    |     67|
|510   |      CMP                                  |cmp_222                             |      5|
|511   |      PEDGE_CALTRIGRUN                     |posedge_detector_223                |      1|
|512   |      PEDGE_EXTRUN                         |posedge_detector_224                |      5|
|513   |      PEDGE_RUN                            |posedge_detector_225                |      2|
|514   |    ROLLING_BSUM                           |rollingsum_lutram__xdcDup__19       |    402|
|515   |      samp_delay                           |delay__parameterized0_219           |     50|
|516   |        \delay_n.dn                        |delay_n__parameterized0_221         |     50|
|517   |      trig_extender                        |pulse_extender_220                  |    139|
|518   |    WVB                                    |waveform_buffer__xdcDup__19         |   1476|
|519   |      OVERFLOW_CTRL                        |wvb_overflow_ctrl_216               |    241|
|520   |      PTB                                  |pretrigger_buffer__xdcDup__19       |     56|
|521   |      RD_ADDR                              |wvb_rd_addr_ctrl_217                |     31|
|522   |      WBS                                  |waveform_buffer_storage__xdcDup__19 |    547|
|523   |        DIST_HDR_FIFO                      |distributed_hdr_fifo__xdcDup__19    |    230|
|524   |      WR_CTRL                              |wvb_wr_ctrl_218                     |    600|
|525   |  \waveform_acq_gen[19].WFM_ACQ            |waveform_acquisition__xdcDup__20    |   2109|
|526   |    BSUM_DEV_DET                           |deviation_detector_202              |     17|
|527   |    MDOM_TRIG                              |mdom_trigger_203                    |     57|
|528   |      CMP                                  |cmp_210                             |      5|
|529   |      PEDGE_CALTRIGRUN                     |posedge_detector_211                |      1|
|530   |      PEDGE_EXTRUN                         |posedge_detector_212                |      3|
|531   |      PEDGE_RUN                            |posedge_detector_213                |      2|
|532   |    ROLLING_BSUM                           |rollingsum_lutram__xdcDup__20       |    402|
|533   |      samp_delay                           |delay__parameterized0_207           |     50|
|534   |        \delay_n.dn                        |delay_n__parameterized0_209         |     50|
|535   |      trig_extender                        |pulse_extender_208                  |    139|
|536   |    WVB                                    |waveform_buffer__xdcDup__20         |   1480|
|537   |      OVERFLOW_CTRL                        |wvb_overflow_ctrl_204               |    240|
|538   |      PTB                                  |pretrigger_buffer__xdcDup__20       |     56|
|539   |      RD_ADDR                              |wvb_rd_addr_ctrl_205                |     31|
|540   |      WBS                                  |waveform_buffer_storage__xdcDup__20 |    547|
|541   |        DIST_HDR_FIFO                      |distributed_hdr_fifo__xdcDup__20    |    230|
|542   |      WR_CTRL                              |wvb_wr_ctrl_206                     |    605|
|543   |  \waveform_acq_gen[1].WFM_ACQ             |waveform_acquisition__xdcDup__2     |   2109|
|544   |    BSUM_DEV_DET                           |deviation_detector_190              |     17|
|545   |    MDOM_TRIG                              |mdom_trigger_191                    |     57|
|546   |      CMP                                  |cmp_198                             |      5|
|547   |      PEDGE_CALTRIGRUN                     |posedge_detector_199                |      1|
|548   |      PEDGE_EXTRUN                         |posedge_detector_200                |      3|
|549   |      PEDGE_RUN                            |posedge_detector_201                |      2|
|550   |    ROLLING_BSUM                           |rollingsum_lutram__xdcDup__2        |    402|
|551   |      samp_delay                           |delay__parameterized0_195           |     50|
|552   |        \delay_n.dn                        |delay_n__parameterized0_197         |     50|
|553   |      trig_extender                        |pulse_extender_196                  |    139|
|554   |    WVB                                    |waveform_buffer__xdcDup__2          |   1481|
|555   |      OVERFLOW_CTRL                        |wvb_overflow_ctrl_192               |    240|
|556   |      PTB                                  |pretrigger_buffer__xdcDup__2        |     56|
|557   |      RD_ADDR                              |wvb_rd_addr_ctrl_193                |     31|
|558   |      WBS                                  |waveform_buffer_storage__xdcDup__2  |    547|
|559   |        DIST_HDR_FIFO                      |distributed_hdr_fifo__xdcDup__2     |    230|
|560   |      WR_CTRL                              |wvb_wr_ctrl_194                     |    606|
|561   |  \waveform_acq_gen[20].WFM_ACQ            |waveform_acquisition__xdcDup__21    |   2105|
|562   |    BSUM_DEV_DET                           |deviation_detector_178              |     17|
|563   |    MDOM_TRIG                              |mdom_trigger_179                    |     60|
|564   |      CMP                                  |cmp_186                             |      5|
|565   |      PEDGE_CALTRIGRUN                     |posedge_detector_187                |      1|
|566   |      PEDGE_EXTRUN                         |posedge_detector_188                |      5|
|567   |      PEDGE_RUN                            |posedge_detector_189                |      2|
|568   |    ROLLING_BSUM                           |rollingsum_lutram__xdcDup__21       |    402|
|569   |      samp_delay                           |delay__parameterized0_183           |     50|
|570   |        \delay_n.dn                        |delay_n__parameterized0_185         |     50|
|571   |      trig_extender                        |pulse_extender_184                  |    139|
|572   |    WVB                                    |waveform_buffer__xdcDup__21         |   1474|
|573   |      OVERFLOW_CTRL                        |wvb_overflow_ctrl_180               |    240|
|574   |      PTB                                  |pretrigger_buffer__xdcDup__21       |     56|
|575   |      RD_ADDR                              |wvb_rd_addr_ctrl_181                |     31|
|576   |      WBS                                  |waveform_buffer_storage__xdcDup__21 |    547|
|577   |        DIST_HDR_FIFO                      |distributed_hdr_fifo__xdcDup__21    |    230|
|578   |      WR_CTRL                              |wvb_wr_ctrl_182                     |    599|
|579   |  \waveform_acq_gen[21].WFM_ACQ            |waveform_acquisition__xdcDup__22    |   2118|
|580   |    BSUM_DEV_DET                           |deviation_detector_166              |      8|
|581   |    MDOM_TRIG                              |mdom_trigger_167                    |     59|
|582   |      CMP                                  |cmp_174                             |      5|
|583   |      PEDGE_CALTRIGRUN                     |posedge_detector_175                |      1|
|584   |      PEDGE_EXTRUN                         |posedge_detector_176                |      4|
|585   |      PEDGE_RUN                            |posedge_detector_177                |      2|
|586   |    ROLLING_BSUM                           |rollingsum_lutram__xdcDup__22       |    421|
|587   |      samp_delay                           |delay__parameterized0_171           |     66|
|588   |        \delay_n.dn                        |delay_n__parameterized0_173         |     66|
|589   |      trig_extender                        |pulse_extender_172                  |    138|
|590   |    WVB                                    |waveform_buffer__xdcDup__22         |   1475|
|591   |      OVERFLOW_CTRL                        |wvb_overflow_ctrl_168               |    240|
|592   |      PTB                                  |pretrigger_buffer__xdcDup__22       |     55|
|593   |      RD_ADDR                              |wvb_rd_addr_ctrl_169                |     37|
|594   |      WBS                                  |waveform_buffer_storage__xdcDup__22 |    548|
|595   |        DIST_HDR_FIFO                      |distributed_hdr_fifo__xdcDup__22    |    231|
|596   |      WR_CTRL                              |wvb_wr_ctrl_170                     |    594|
|597   |  \waveform_acq_gen[22].WFM_ACQ            |waveform_acquisition__xdcDup__23    |   2108|
|598   |    BSUM_DEV_DET                           |deviation_detector_154              |     17|
|599   |    MDOM_TRIG                              |mdom_trigger_155                    |     60|
|600   |      CMP                                  |cmp_162                             |      5|
|601   |      PEDGE_CALTRIGRUN                     |posedge_detector_163                |      1|
|602   |      PEDGE_EXTRUN                         |posedge_detector_164                |      5|
|603   |      PEDGE_RUN                            |posedge_detector_165                |      2|
|604   |    ROLLING_BSUM                           |rollingsum_lutram__xdcDup__23       |    402|
|605   |      samp_delay                           |delay__parameterized0_159           |     50|
|606   |        \delay_n.dn                        |delay_n__parameterized0_161         |     50|
|607   |      trig_extender                        |pulse_extender_160                  |    139|
|608   |    WVB                                    |waveform_buffer__xdcDup__23         |   1475|
|609   |      OVERFLOW_CTRL                        |wvb_overflow_ctrl_156               |    240|
|610   |      PTB                                  |pretrigger_buffer__xdcDup__23       |     56|
|611   |      RD_ADDR                              |wvb_rd_addr_ctrl_157                |     31|
|612   |      WBS                                  |waveform_buffer_storage__xdcDup__23 |    548|
|613   |        DIST_HDR_FIFO                      |distributed_hdr_fifo__xdcDup__23    |    231|
|614   |      WR_CTRL                              |wvb_wr_ctrl_158                     |    599|
|615   |  \waveform_acq_gen[23].WFM_ACQ            |waveform_acquisition                |   2111|
|616   |    BSUM_DEV_DET                           |deviation_detector_142              |     17|
|617   |    MDOM_TRIG                              |mdom_trigger_143                    |     57|
|618   |      CMP                                  |cmp_150                             |      5|
|619   |      PEDGE_CALTRIGRUN                     |posedge_detector_151                |      1|
|620   |      PEDGE_EXTRUN                         |posedge_detector_152                |      3|
|621   |      PEDGE_RUN                            |posedge_detector_153                |      2|
|622   |    ROLLING_BSUM                           |rollingsum_lutram                   |    402|
|623   |      samp_delay                           |delay__parameterized0_147           |     50|
|624   |        \delay_n.dn                        |delay_n__parameterized0_149         |     50|
|625   |      trig_extender                        |pulse_extender_148                  |    139|
|626   |    WVB                                    |waveform_buffer                     |   1483|
|627   |      OVERFLOW_CTRL                        |wvb_overflow_ctrl_144               |    240|
|628   |      PTB                                  |pretrigger_buffer                   |     56|
|629   |      RD_ADDR                              |wvb_rd_addr_ctrl_145                |     31|
|630   |      WBS                                  |waveform_buffer_storage             |    549|
|631   |        DIST_HDR_FIFO                      |distributed_hdr_fifo                |    232|
|632   |      WR_CTRL                              |wvb_wr_ctrl_146                     |    606|
|633   |  \waveform_acq_gen[2].WFM_ACQ             |waveform_acquisition__xdcDup__3     |   2098|
|634   |    BSUM_DEV_DET                           |deviation_detector_130              |     17|
|635   |    MDOM_TRIG                              |mdom_trigger_131                    |     61|
|636   |      CMP                                  |cmp_138                             |      5|
|637   |      PEDGE_CALTRIGRUN                     |posedge_detector_139                |      1|
|638   |      PEDGE_EXTRUN                         |posedge_detector_140                |      5|
|639   |      PEDGE_RUN                            |posedge_detector_141                |      2|
|640   |    ROLLING_BSUM                           |rollingsum_lutram__xdcDup__3        |    402|
|641   |      samp_delay                           |delay__parameterized0_135           |     50|
|642   |        \delay_n.dn                        |delay_n__parameterized0_137         |     50|
|643   |      trig_extender                        |pulse_extender_136                  |    139|
|644   |    WVB                                    |waveform_buffer__xdcDup__3          |   1466|
|645   |      OVERFLOW_CTRL                        |wvb_overflow_ctrl_132               |    240|
|646   |      PTB                                  |pretrigger_buffer__xdcDup__3        |     56|
|647   |      RD_ADDR                              |wvb_rd_addr_ctrl_133                |     31|
|648   |      WBS                                  |waveform_buffer_storage__xdcDup__3  |    540|
|649   |        DIST_HDR_FIFO                      |distributed_hdr_fifo__xdcDup__3     |    223|
|650   |      WR_CTRL                              |wvb_wr_ctrl_134                     |    598|
|651   |  \waveform_acq_gen[3].WFM_ACQ             |waveform_acquisition__xdcDup__4     |   2101|
|652   |    BSUM_DEV_DET                           |deviation_detector_118              |     17|
|653   |    MDOM_TRIG                              |mdom_trigger_119                    |     64|
|654   |      CMP                                  |cmp_126                             |      5|
|655   |      PEDGE_CALTRIGRUN                     |posedge_detector_127                |      1|
|656   |      PEDGE_EXTRUN                         |posedge_detector_128                |      5|
|657   |      PEDGE_RUN                            |posedge_detector_129                |      2|
|658   |    ROLLING_BSUM                           |rollingsum_lutram__xdcDup__4        |    402|
|659   |      samp_delay                           |delay__parameterized0_123           |     50|
|660   |        \delay_n.dn                        |delay_n__parameterized0_125         |     50|
|661   |      trig_extender                        |pulse_extender_124                  |    139|
|662   |    WVB                                    |waveform_buffer__xdcDup__4          |   1466|
|663   |      OVERFLOW_CTRL                        |wvb_overflow_ctrl_120               |    240|
|664   |      PTB                                  |pretrigger_buffer__xdcDup__4        |     56|
|665   |      RD_ADDR                              |wvb_rd_addr_ctrl_121                |     31|
|666   |      WBS                                  |waveform_buffer_storage__xdcDup__4  |    540|
|667   |        DIST_HDR_FIFO                      |distributed_hdr_fifo__xdcDup__4     |    223|
|668   |      WR_CTRL                              |wvb_wr_ctrl_122                     |    598|
|669   |  \waveform_acq_gen[4].WFM_ACQ             |waveform_acquisition__xdcDup__5     |   2099|
|670   |    BSUM_DEV_DET                           |deviation_detector_106              |     17|
|671   |    MDOM_TRIG                              |mdom_trigger_107                    |     61|
|672   |      CMP                                  |cmp_114                             |      5|
|673   |      PEDGE_CALTRIGRUN                     |posedge_detector_115                |      1|
|674   |      PEDGE_EXTRUN                         |posedge_detector_116                |      5|
|675   |      PEDGE_RUN                            |posedge_detector_117                |      2|
|676   |    ROLLING_BSUM                           |rollingsum_lutram__xdcDup__5        |    402|
|677   |      samp_delay                           |delay__parameterized0_111           |     50|
|678   |        \delay_n.dn                        |delay_n__parameterized0_113         |     50|
|679   |      trig_extender                        |pulse_extender_112                  |    139|
|680   |    WVB                                    |waveform_buffer__xdcDup__5          |   1466|
|681   |      OVERFLOW_CTRL                        |wvb_overflow_ctrl_108               |    240|
|682   |      PTB                                  |pretrigger_buffer__xdcDup__5        |     56|
|683   |      RD_ADDR                              |wvb_rd_addr_ctrl_109                |     31|
|684   |      WBS                                  |waveform_buffer_storage__xdcDup__5  |    540|
|685   |        DIST_HDR_FIFO                      |distributed_hdr_fifo__xdcDup__5     |    223|
|686   |      WR_CTRL                              |wvb_wr_ctrl_110                     |    598|
|687   |  \waveform_acq_gen[5].WFM_ACQ             |waveform_acquisition__xdcDup__6     |   2107|
|688   |    BSUM_DEV_DET                           |deviation_detector_94               |     17|
|689   |    MDOM_TRIG                              |mdom_trigger_95                     |     61|
|690   |      CMP                                  |cmp_102                             |      5|
|691   |      PEDGE_CALTRIGRUN                     |posedge_detector_103                |      1|
|692   |      PEDGE_EXTRUN                         |posedge_detector_104                |      5|
|693   |      PEDGE_RUN                            |posedge_detector_105                |      2|
|694   |    ROLLING_BSUM                           |rollingsum_lutram__xdcDup__6        |    402|
|695   |      samp_delay                           |delay__parameterized0_99            |     50|
|696   |        \delay_n.dn                        |delay_n__parameterized0_101         |     50|
|697   |      trig_extender                        |pulse_extender_100                  |    139|
|698   |    WVB                                    |waveform_buffer__xdcDup__6          |   1475|
|699   |      OVERFLOW_CTRL                        |wvb_overflow_ctrl_96                |    240|
|700   |      PTB                                  |pretrigger_buffer__xdcDup__6        |     56|
|701   |      RD_ADDR                              |wvb_rd_addr_ctrl_97                 |     31|
|702   |      WBS                                  |waveform_buffer_storage__xdcDup__6  |    548|
|703   |        DIST_HDR_FIFO                      |distributed_hdr_fifo__xdcDup__6     |    231|
|704   |      WR_CTRL                              |wvb_wr_ctrl_98                      |    599|
|705   |  \waveform_acq_gen[6].WFM_ACQ             |waveform_acquisition__xdcDup__7     |   2108|
|706   |    BSUM_DEV_DET                           |deviation_detector_82               |     17|
|707   |    MDOM_TRIG                              |mdom_trigger_83                     |     62|
|708   |      CMP                                  |cmp_90                              |      5|
|709   |      PEDGE_CALTRIGRUN                     |posedge_detector_91                 |      1|
|710   |      PEDGE_EXTRUN                         |posedge_detector_92                 |      5|
|711   |      PEDGE_RUN                            |posedge_detector_93                 |      2|
|712   |    ROLLING_BSUM                           |rollingsum_lutram__xdcDup__7        |    402|
|713   |      samp_delay                           |delay__parameterized0_87            |     50|
|714   |        \delay_n.dn                        |delay_n__parameterized0_89          |     50|
|715   |      trig_extender                        |pulse_extender_88                   |    139|
|716   |    WVB                                    |waveform_buffer__xdcDup__7          |   1474|
|717   |      OVERFLOW_CTRL                        |wvb_overflow_ctrl_84                |    240|
|718   |      PTB                                  |pretrigger_buffer__xdcDup__7        |     56|
|719   |      RD_ADDR                              |wvb_rd_addr_ctrl_85                 |     31|
|720   |      WBS                                  |waveform_buffer_storage__xdcDup__7  |    547|
|721   |        DIST_HDR_FIFO                      |distributed_hdr_fifo__xdcDup__7     |    230|
|722   |      WR_CTRL                              |wvb_wr_ctrl_86                      |    599|
|723   |  \waveform_acq_gen[7].WFM_ACQ             |waveform_acquisition__xdcDup__8     |   2105|
|724   |    BSUM_DEV_DET                           |deviation_detector_70               |     17|
|725   |    MDOM_TRIG                              |mdom_trigger_71                     |     60|
|726   |      CMP                                  |cmp_78                              |      5|
|727   |      PEDGE_CALTRIGRUN                     |posedge_detector_79                 |      1|
|728   |      PEDGE_EXTRUN                         |posedge_detector_80                 |      5|
|729   |      PEDGE_RUN                            |posedge_detector_81                 |      2|
|730   |    ROLLING_BSUM                           |rollingsum_lutram__xdcDup__8        |    402|
|731   |      samp_delay                           |delay__parameterized0_75            |     50|
|732   |        \delay_n.dn                        |delay_n__parameterized0_77          |     50|
|733   |      trig_extender                        |pulse_extender_76                   |    139|
|734   |    WVB                                    |waveform_buffer__xdcDup__8          |   1474|
|735   |      OVERFLOW_CTRL                        |wvb_overflow_ctrl_72                |    240|
|736   |      PTB                                  |pretrigger_buffer__xdcDup__8        |     56|
|737   |      RD_ADDR                              |wvb_rd_addr_ctrl_73                 |     31|
|738   |      WBS                                  |waveform_buffer_storage__xdcDup__8  |    547|
|739   |        DIST_HDR_FIFO                      |distributed_hdr_fifo__xdcDup__8     |    230|
|740   |      WR_CTRL                              |wvb_wr_ctrl_74                      |    599|
|741   |  \waveform_acq_gen[8].WFM_ACQ             |waveform_acquisition__xdcDup__9     |   2110|
|742   |    BSUM_DEV_DET                           |deviation_detector_58               |     17|
|743   |    MDOM_TRIG                              |mdom_trigger_59                     |     57|
|744   |      CMP                                  |cmp_66                              |      5|
|745   |      PEDGE_CALTRIGRUN                     |posedge_detector_67                 |      1|
|746   |      PEDGE_EXTRUN                         |posedge_detector_68                 |      3|
|747   |      PEDGE_RUN                            |posedge_detector_69                 |      2|
|748   |    ROLLING_BSUM                           |rollingsum_lutram__xdcDup__9        |    402|
|749   |      samp_delay                           |delay__parameterized0_63            |     50|
|750   |        \delay_n.dn                        |delay_n__parameterized0_65          |     50|
|751   |      trig_extender                        |pulse_extender_64                   |    139|
|752   |    WVB                                    |waveform_buffer__xdcDup__9          |   1482|
|753   |      OVERFLOW_CTRL                        |wvb_overflow_ctrl_60                |    240|
|754   |      PTB                                  |pretrigger_buffer__xdcDup__9        |     56|
|755   |      RD_ADDR                              |wvb_rd_addr_ctrl_61                 |     31|
|756   |      WBS                                  |waveform_buffer_storage__xdcDup__9  |    548|
|757   |        DIST_HDR_FIFO                      |distributed_hdr_fifo__xdcDup__9     |    231|
|758   |      WR_CTRL                              |wvb_wr_ctrl_62                      |    606|
|759   |  \waveform_acq_gen[9].WFM_ACQ             |waveform_acquisition__xdcDup__10    |   2112|
|760   |    BSUM_DEV_DET                           |deviation_detector                  |     17|
|761   |    MDOM_TRIG                              |mdom_trigger                        |     60|
|762   |      CMP                                  |cmp                                 |      5|
|763   |      PEDGE_CALTRIGRUN                     |posedge_detector                    |      1|
|764   |      PEDGE_EXTRUN                         |posedge_detector_56                 |      3|
|765   |      PEDGE_RUN                            |posedge_detector_57                 |      2|
|766   |    ROLLING_BSUM                           |rollingsum_lutram__xdcDup__10       |    402|
|767   |      samp_delay                           |delay__parameterized0               |     50|
|768   |        \delay_n.dn                        |delay_n__parameterized0             |     50|
|769   |      trig_extender                        |pulse_extender                      |    139|
|770   |    WVB                                    |waveform_buffer__xdcDup__10         |   1481|
|771   |      OVERFLOW_CTRL                        |wvb_overflow_ctrl                   |    240|
|772   |      PTB                                  |pretrigger_buffer__xdcDup__10       |     56|
|773   |      RD_ADDR                              |wvb_rd_addr_ctrl                    |     31|
|774   |      WBS                                  |waveform_buffer_storage__xdcDup__10 |    547|
|775   |        DIST_HDR_FIFO                      |distributed_hdr_fifo__xdcDup__10    |    230|
|776   |      WR_CTRL                              |wvb_wr_ctrl                         |    606|
+------+-------------------------------------------+------------------------------------+-------+
---------------------------------------------------------------------------------
Finished Writing Synthesis Report : Time (s): cpu = 00:02:23 ; elapsed = 00:03:04 . Memory (MB): peak = 1520.051 ; gain = 953.797
---------------------------------------------------------------------------------
Synthesis finished with 0 errors, 0 critical warnings and 122 warnings.
Synthesis Optimization Runtime : Time (s): cpu = 00:02:07 ; elapsed = 00:02:51 . Memory (MB): peak = 1520.051 ; gain = 563.414
Synthesis Optimization Complete : Time (s): cpu = 00:02:23 ; elapsed = 00:03:04 . Memory (MB): peak = 1520.051 ; gain = 953.797
INFO: [Project 1-571] Translating synthesized netlist
INFO: [Netlist 29-17] Analyzing 8235 Unisim elements for replacement
INFO: [Netlist 29-28] Unisim Transformation completed in 0 CPU seconds
INFO: [Project 1-570] Preparing netlist for logic optimization
INFO: [Opt 31-138] Pushed 0 inverter(s) to 0 load pin(s).
Netlist sorting complete. Time (s): cpu = 00:00:00 ; elapsed = 00:00:00.019 . Memory (MB): peak = 1520.051 ; gain = 0.000
INFO: [Project 1-111] Unisim Transformation Summary:
  A total of 36 instances were transformed.
  IBUFGDS => IBUFDS: 13 instances
  IOBUF => IOBUF (IBUF, OBUFT): 17 instances
  OBUFDS => OBUFDS_DUAL_BUF (INV, OBUFDS, OBUFDS): 6 instances

INFO: [Common 17-83] Releasing license: Synthesis
889 Infos, 271 Warnings, 0 Critical Warnings and 0 Errors encountered.
synth_design completed successfully
synth_design: Time (s): cpu = 00:02:36 ; elapsed = 00:03:21 . Memory (MB): peak = 1520.051 ; gain = 1202.266
Netlist sorting complete. Time (s): cpu = 00:00:00 ; elapsed = 00:00:00.025 . Memory (MB): peak = 1520.051 ; gain = 0.000
WARNING: [Constraints 18-5210] No constraints selected for write.
Resolution: This message can indicate that there are no constraints for the design, or it can indicate that the used_in flags are set such that the constraints are ignored. This later case is used when running synth_design to not write synthesis constraints to the resulting checkpoint. Instead, project constraints are read when the synthesized design is opened.
INFO: [Common 17-1381] The checkpoint 'C:/Users/i3devmachine/mdom/updates/mdommb_rev1_fw/mDOM_mb_rev1.runs/synth_1/top.dcp' has been generated.
write_checkpoint: Time (s): cpu = 00:00:12 ; elapsed = 00:00:12 . Memory (MB): peak = 1520.051 ; gain = 0.000
INFO: [runtcl-4] Executing : report_utilization -file top_utilization_synth.rpt -pb top_utilization_synth.pb
INFO: [Common 17-206] Exiting Vivado at Sun Jun 22 11:35:55 2025...
